route,seed,prodigy_dG_kcal_mol,prodigy_Kd_M_25C,intermolecular_contacts,method_note
immunogen_blind,1,-16.7,5.5e-13,114,relative ranking only; not experimental KD
immunogen_blind,10,-15.0,9.9e-12,127,relative ranking only; not experimental KD
immunogen_blind,11,-12.1,1.3e-09,102,relative ranking only; not experimental KD
immunogen_blind,12,-13.3,1.9e-10,116,relative ranking only; not experimental KD
immunogen_blind,13,-13.9,6.0e-11,110,relative ranking only; not experimental KD
immunogen_blind,14,-17.2,2.6e-13,155,relative ranking only; not experimental KD
immunogen_blind,15,-14.2,3.8e-11,111,relative ranking only; not experimental KD
immunogen_blind,2,-12.5,6.6e-10,107,relative ranking only; not experimental KD
immunogen_blind,3,-15.3,6.4e-12,119,relative ranking only; not experimental KD
immunogen_blind,4,-15.0,9.2e-12,147,relative ranking only; not experimental KD
immunogen_blind,5,-15.2,6.8e-12,112,relative ranking only; not experimental KD
immunogen_blind,6,-14.3,3.3e-11,115,relative ranking only; not experimental KD
immunogen_blind,7,-15.4,5.0e-12,123,relative ranking only; not experimental KD
immunogen_blind,8,-15.5,4.4e-12,122,relative ranking only; not experimental KD
immunogen_blind,9,-14.7,1.7e-11,113,relative ranking only; not experimental KD
native_blind,1,-13.7,8.9e-11,107,relative ranking only; not experimental KD
native_blind,10,-13.2,1.9e-10,102,relative ranking only; not experimental KD
native_blind,11,-14.6,1.8e-11,112,relative ranking only; not experimental KD
native_blind,12,-12.4,8.4e-10,89,relative ranking only; not experimental KD
native_blind,13,-13.6,1.0e-10,97,relative ranking only; not experimental KD
native_blind,14,-12.0,1.5e-09,75,relative ranking only; not experimental KD
native_blind,15,-13.8,8.1e-11,102,relative ranking only; not experimental KD
native_blind,2,-15.8,2.4e-12,121,relative ranking only; not experimental KD
native_blind,3,-15.8,2.6e-12,143,relative ranking only; not experimental KD
native_blind,4,-13.0,3.1e-10,93,relative ranking only; not experimental KD
native_blind,5,-14.9,1.2e-11,97,relative ranking only; not experimental KD
native_blind,6,-16.3,1.2e-12,114,relative ranking only; not experimental KD
native_blind,7,-12.6,5.7e-10,96,relative ranking only; not experimental KD
native_blind,8,-11.2,5.6e-09,75,relative ranking only; not experimental KD
native_blind,9,-14.6,2.1e-11,101,relative ranking only; not experimental KD
