endpoint,dssp_e_raw,dssp_e_plus_1_raw,dssp_status
59,C,C,COIL_BOUNDARY
60,C,C,COIL_BOUNDARY
62,T,T,COIL_BOUNDARY
63,T,C,COIL_BOUNDARY
79,H,H,CONTINUOUS_HELIX
80,H,H,CONTINUOUS_HELIX
102,H,H,CONTINUOUS_HELIX
103,H,T,STRUCTURE_TRANSITION
105,T,T,COIL_BOUNDARY
106,T,T,COIL_BOUNDARY
107,T,T,COIL_BOUNDARY
144,H,H,CONTINUOUS_HELIX
145,H,H,CONTINUOUS_HELIX
154,T,S,COIL_BOUNDARY
155,S,C,COIL_BOUNDARY
156,C,H,STRUCTURE_TRANSITION
157,H,H,CONTINUOUS_HELIX
158,H,H,CONTINUOUS_HELIX
159,H,H,CONTINUOUS_HELIX
160,H,H,CONTINUOUS_HELIX
