endpoint,left_flank_start,left_flank_end,right_flank_start,right_flank_end,left_flank_residue_count,right_flank_residue_count,comparable_residue_pair_count,local_cross_contact_count,local_cross_contact_density,minimum_contact_distance_A
59,49,59,60,69,11,10,100,0,0.0,
60,50,60,61,70,11,10,100,0,0.0,
62,52,62,63,72,11,10,100,0,0.0,
63,53,63,64,73,11,10,100,0,0.0,
79,69,79,80,89,11,10,100,7,0.07,3.4077291559042666
80,70,80,81,90,11,10,100,7,0.07,3.4077291559042666
102,92,102,103,112,11,10,100,4,0.04,3.4597830856861536
103,93,103,104,113,11,10,100,7,0.07,3.4597830856861536
105,95,105,106,115,11,10,100,9,0.09,3.4597830856861536
106,96,106,107,116,11,10,100,10,0.1,3.4597830856861536
107,97,107,108,117,11,10,100,7,0.07,3.592210600730419
144,134,144,145,154,11,10,100,1,0.01,4.153361770903179
145,135,145,146,155,11,10,100,2,0.02,4.153361770903179
154,144,154,155,164,11,10,100,5,0.05,3.2687603154712943
155,145,155,156,165,11,10,100,7,0.07,3.2687603154712943
156,146,156,157,166,11,10,100,8,0.08,3.2687603154712943
157,147,157,158,167,11,10,100,7,0.07,3.2687603154712943
158,148,158,159,168,11,10,100,7,0.07,3.2687603154712943
159,149,159,160,169,11,10,100,7,0.07,3.2687603154712943
160,150,160,161,170,11,10,100,6,0.06,3.717099541309057
