position,AA,BepiPred_percentile,DiscoTope_percentile,EpitopeConsensus,RSA_percentile,Conservation_percentile,FinalScore_Phase1A,FinalScore_Phase1B,FinalScore_4way_sensitivity,StructureConfidenceFlag
1,M,0.4444444444444444,0.4222222222222222,0.43333333333333335,1.0,0.12777777777777777,0.524074074074074,0.5203703703703704,0.4986111111111111,VERY_LOW
2,S,0.75,0.5277777777777778,0.6388888888888888,0.9444444444444444,0.005555555555555556,0.5666666666666667,0.5296296296296296,0.5569444444444445,VERY_LOW
3,W,0.6111111111111112,0.75,0.6805555555555556,0.9777777777777777,0.016666666666666666,0.5351851851851852,0.5583333333333332,0.5888888888888889,VERY_LOW
4,G,0.4388888888888889,0.7611111111111111,0.6,0.9,0.044444444444444446,0.4611111111111112,0.5148148148148148,0.5361111111111111,VERY_LOW
5,L,0.4111111111111111,0.6333333333333333,0.5222222222222221,0.8777777777777778,0.011111111111111112,0.4333333333333333,0.4703703703703703,0.4833333333333333,VERY_LOW
6,Q,0.5611111111111111,0.5888888888888889,0.575,0.9555555555555556,0.16111111111111112,0.5592592592592592,0.5638888888888889,0.5666666666666667,LOW
7,I,0.25,0.4444444444444444,0.3472222222222222,0.7611111111111111,0.06666666666666667,0.3592592592592592,0.39166666666666666,0.38055555555555554,LOW
8,L,0.16111111111111112,0.7666666666666667,0.4638888888888889,0.8833333333333333,0.5555555555555556,0.5333333333333333,0.6342592592592593,0.5916666666666667,LOW
9,P,0.19444444444444445,0.6166666666666667,0.40555555555555556,0.7722222222222223,0.45,0.47222222222222227,0.5425925925925926,0.5083333333333334,LOW
10,C,0.08888888888888889,0.35,0.21944444444444444,0.8166666666666667,0.48333333333333334,0.46296296296296297,0.5064814814814814,0.43472222222222223,LOW
11,L,0.027777777777777776,0.37222222222222223,0.2,0.7444444444444445,0.7611111111111111,0.5111111111111111,0.5685185185185185,0.47638888888888886,LOW
12,S,0.07777777777777778,0.3,0.18888888888888888,0.5555555555555556,0.3888888888888889,0.34074074074074073,0.37777777777777777,0.33055555555555555,LOW
13,L,0.044444444444444446,0.3111111111111111,0.17777777777777778,0.7166666666666667,0.5027777777777778,0.4212962962962963,0.46574074074074073,0.39375,LOW
14,I,0.09444444444444444,0.2611111111111111,0.17777777777777778,0.6277777777777778,0.03888888888888889,0.2537037037037037,0.2814814814814815,0.2555555555555556,LOW
15,L,0.06111111111111111,0.25555555555555554,0.15833333333333333,0.7222222222222222,0.6555555555555556,0.47962962962962963,0.512037037037037,0.42361111111111105,LOW
16,L,0.1,0.2722222222222222,0.18611111111111112,0.7388888888888889,0.5277777777777778,0.45555555555555555,0.48425925925925933,0.4097222222222222,LOW
17,L,0.10555555555555556,0.2388888888888889,0.17222222222222222,0.7333333333333333,0.33611111111111114,0.3916666666666666,0.4138888888888889,0.3534722222222222,LOW
18,W,0.2833333333333333,0.5222222222222223,0.4027777777777778,0.8666666666666667,0.5277777777777778,0.5592592592592592,0.599074074074074,0.55,LOW
19,N,0.3,0.4888888888888889,0.39444444444444443,0.9388888888888889,0.6138888888888889,0.6175925925925926,0.649074074074074,0.5854166666666667,LOW
20,Q,0.49444444444444446,0.4666666666666667,0.48055555555555557,0.8888888888888888,0.07777777777777778,0.487037037037037,0.4824074074074074,0.48194444444444445,LOW
21,V,0.28888888888888886,0.37777777777777777,0.3333333333333333,0.8,0.08333333333333333,0.3907407407407408,0.4055555555555555,0.3875,LOW
22,P,0.4222222222222222,0.49444444444444446,0.45833333333333337,0.9111111111111111,0.5027777777777778,0.612037037037037,0.6240740740740741,0.5826388888888889,VERY_LOW
23,G,0.29444444444444445,0.3333333333333333,0.3138888888888889,0.7666666666666667,0.25555555555555554,0.4388888888888889,0.4453703703703704,0.4125,VERY_LOW
24,L,0.3888888888888889,0.43333333333333335,0.4111111111111111,0.8111111111111111,0.1388888888888889,0.44629629629629625,0.4537037037037037,0.44305555555555554,LOW
25,E,0.5722222222222222,0.38333333333333336,0.47777777777777775,0.9722222222222222,0.2388888888888889,0.5944444444444444,0.562962962962963,0.5416666666666666,LOW
26,G,0.23333333333333334,0.39444444444444443,0.3138888888888889,0.45555555555555555,0.8027777777777778,0.49722222222222223,0.524074074074074,0.47152777777777777,LOW
27,Q,0.8333333333333334,0.42777777777777776,0.6305555555555555,0.4222222222222222,0.6555555555555556,0.637037037037037,0.5694444444444445,0.5847222222222223,HIGH
28,E,0.9611111111111111,0.28888888888888886,0.625,0.55,0.5694444444444444,0.6935185185185185,0.5814814814814815,0.5923611111111111,HIGH
29,F,0.5277777777777778,0.32222222222222224,0.42500000000000004,0.17222222222222222,0.8027777777777778,0.5009259259259259,0.46666666666666673,0.45625000000000004,HIGH
30,R,0.9555555555555556,0.9,0.9277777777777778,0.7555555555555555,0.23333333333333334,0.6481481481481483,0.638888888888889,0.7111111111111111,HIGH
31,S,0.7944444444444444,0.17777777777777778,0.4861111111111111,0.16111111111111112,0.8027777777777778,0.5861111111111111,0.4833333333333334,0.4840277777777778,HIGH
32,G,0.6277777777777778,0.29444444444444445,0.46111111111111114,0.45,0.9194444444444444,0.6657407407407407,0.6101851851851853,0.5729166666666666,HIGH
33,S,0.5333333333333333,0.9777777777777777,0.7555555555555555,0.8333333333333334,0.3972222222222222,0.5879629629629629,0.6620370370370371,0.6854166666666667,HIGH
34,C,0.2388888888888889,0.2,0.21944444444444444,0.2111111111111111,0.9194444444444444,0.4564814814814815,0.45,0.3923611111111111,VERY_HIGH
35,Q,0.65,0.40555555555555556,0.5277777777777778,0.6833333333333333,0.32222222222222224,0.5518518518518519,0.5111111111111112,0.5152777777777778,HIGH
36,V,0.3333333333333333,0.08888888888888889,0.2111111111111111,0.03888888888888889,0.9194444444444444,0.4305555555555555,0.3898148148148148,0.3451388888888889,HIGH
37,T,0.5666666666666667,0.7388888888888889,0.6527777777777778,0.5777777777777777,0.09444444444444444,0.412962962962963,0.4416666666666667,0.49444444444444446,HIGH
38,G,0.6222222222222222,0.6,0.6111111111111112,0.8277777777777777,0.7083333333333334,0.7194444444444444,0.7157407407407407,0.6895833333333333,HIGH
39,V,0.40555555555555556,0.14444444444444443,0.275,0.1388888888888889,0.7083333333333334,0.41759259259259257,0.37407407407407406,0.34930555555555554,HIGH
40,V,0.36666666666666664,0.34444444444444444,0.3555555555555555,0.3388888888888889,0.10833333333333334,0.2712962962962963,0.2675925925925926,0.2895833333333333,HIGH
41,L,0.34444444444444444,0.25,0.2972222222222222,0.25,0.3472222222222222,0.3138888888888889,0.29814814814814816,0.29791666666666666,HIGH
42,P,0.6611111111111111,0.5833333333333334,0.6222222222222222,0.7277777777777777,0.4722222222222222,0.6203703703703703,0.6074074074074075,0.6111111111111112,HIGH
43,E,0.4,0.6388888888888888,0.5194444444444444,0.5611111111111111,0.12222222222222222,0.3611111111111111,0.4009259259259259,0.4305555555555555,VERY_HIGH
44,L,0.08333333333333333,0.08333333333333333,0.08333333333333333,0.1111111111111111,0.9194444444444444,0.3712962962962963,0.3712962962962963,0.29930555555555555,VERY_HIGH
45,W,0.6555555555555556,0.5555555555555556,0.6055555555555556,0.32222222222222224,0.5888888888888889,0.5222222222222223,0.5055555555555555,0.5305555555555556,VERY_HIGH
46,E,0.8777777777777778,0.8888888888888888,0.8833333333333333,0.75,0.2111111111111111,0.6129629629629629,0.6148148148148148,0.6819444444444445,VERY_HIGH
47,A,0.2,0.17222222222222222,0.18611111111111112,0.2388888888888889,0.9194444444444444,0.4527777777777778,0.4481481481481482,0.38263888888888886,VERY_HIGH
48,F,0.2111111111111111,0.09444444444444444,0.1527777777777778,0.10555555555555556,0.8027777777777778,0.3731481481481482,0.3537037037037037,0.30347222222222225,VERY_HIGH
49,W,0.9666666666666667,0.9555555555555556,0.9611111111111111,0.7111111111111111,0.29444444444444445,0.6574074074074074,0.6555555555555556,0.7319444444444444,VERY_HIGH
50,T,0.5888888888888889,0.4111111111111111,0.5,0.5888888888888889,0.2,0.45925925925925926,0.42962962962962964,0.44722222222222224,VERY_HIGH
51,V,0.12777777777777777,0.1,0.11388888888888889,0.03888888888888889,0.30833333333333335,0.15833333333333333,0.1537037037037037,0.14375,VERY_HIGH
52,K,0.5777777777777777,0.6277777777777778,0.6027777777777777,0.4166666666666667,0.8027777777777778,0.5990740740740741,0.6074074074074074,0.60625,VERY_HIGH
53,N,1.0,0.7277777777777777,0.8638888888888889,0.8611111111111112,0.43333333333333335,0.7648148148148147,0.7194444444444444,0.7555555555555555,HIGH
54,T,0.8055555555555556,0.7944444444444444,0.8,0.35555555555555557,0.30833333333333335,0.48981481481481487,0.487962962962963,0.5659722222222223,VERY_HIGH
55,V,0.35,0.1111111111111111,0.23055555555555554,0.12222222222222222,0.6138888888888889,0.3620370370370371,0.32222222222222224,0.29930555555555555,VERY_HIGH
56,Q,0.9944444444444445,0.45555555555555555,0.725,0.4888888888888889,0.8027777777777778,0.7620370370370372,0.6722222222222222,0.6854166666666667,VERY_HIGH
57,T,0.9333333333333333,0.6777777777777778,0.8055555555555556,0.8944444444444445,0.6138888888888889,0.813888888888889,0.7712962962962964,0.7798611111111111,VERY_HIGH
58,Q,0.9888888888888889,0.8111111111111111,0.9,0.4722222222222222,0.3972222222222222,0.6194444444444445,0.5898148148148148,0.6673611111111111,VERY_HIGH
59,D,0.9277777777777778,0.7166666666666667,0.8222222222222222,0.39444444444444443,0.9194444444444444,0.7472222222222222,0.712037037037037,0.7395833333333333,VERY_HIGH
60,D,0.9722222222222222,0.8166666666666667,0.8944444444444444,0.9666666666666667,0.2861111111111111,0.7416666666666667,0.7157407407407407,0.7604166666666666,VERY_HIGH
61,I,0.9,0.7333333333333333,0.8166666666666667,0.4666666666666667,0.31666666666666665,0.5611111111111111,0.5333333333333333,0.6041666666666667,VERY_HIGH
62,T,0.7722222222222223,0.65,0.7111111111111111,0.9611111111111111,0.4722222222222222,0.7351851851851853,0.7148148148148148,0.7138888888888889,HIGH
63,S,0.7555555555555555,0.9055555555555556,0.8305555555555555,0.9222222222222223,0.4583333333333333,0.712037037037037,0.737037037037037,0.7604166666666666,VERY_HIGH
64,I,0.42777777777777776,0.8333333333333334,0.6305555555555555,0.5111111111111111,0.2861111111111111,0.4083333333333334,0.47592592592592586,0.5145833333333333,VERY_HIGH
65,R,0.85,0.48333333333333334,0.6666666666666666,0.5944444444444444,0.7083333333333334,0.7175925925925926,0.6564814814814816,0.6590277777777778,VERY_HIGH
66,L,0.22777777777777777,0.044444444444444446,0.1361111111111111,0.12777777777777777,0.9194444444444444,0.425,0.3944444444444444,0.3298611111111111,VERY_HIGH
67,L,0.11666666666666667,0.05555555555555555,0.08611111111111111,0.13333333333333333,0.9194444444444444,0.3898148148148148,0.3796296296296296,0.30625,VERY_HIGH
68,K,0.4666666666666667,0.8611111111111112,0.663888888888889,0.5166666666666667,0.3472222222222222,0.4435185185185186,0.5092592592592594,0.5479166666666667,VERY_HIGH
69,P,0.7611111111111111,0.5166666666666667,0.6388888888888888,0.6722222222222223,0.05555555555555555,0.4962962962962963,0.45555555555555555,0.5013888888888889,VERY_HIGH
70,Q,0.7277777777777777,0.6111111111111112,0.6694444444444445,0.7833333333333333,0.6138888888888889,0.7083333333333334,0.688888888888889,0.6840277777777778,VERY_HIGH
71,V,0.20555555555555555,0.15555555555555556,0.18055555555555555,0.15,0.40555555555555556,0.2537037037037037,0.24537037037037038,0.22916666666666666,VERY_HIGH
72,L,0.15555555555555556,0.5722222222222222,0.3638888888888889,0.2777777777777778,0.8027777777777778,0.41203703703703703,0.48148148148148145,0.45208333333333334,VERY_HIGH
73,R,0.9055555555555556,1.0,0.9527777777777777,0.85,0.43333333333333335,0.7296296296296297,0.7453703703703702,0.7972222222222223,VERY_HIGH
74,N,0.4166666666666667,0.9111111111111111,0.6638888888888889,0.95,0.8027777777777778,0.7231481481481481,0.8055555555555557,0.7701388888888889,VERY_HIGH
75,V,0.21666666666666667,0.31666666666666665,0.26666666666666666,0.2833333333333333,0.43333333333333335,0.3111111111111111,0.3277777777777778,0.3125,VERY_HIGH
76,S,0.4777777777777778,0.8,0.638888888888889,0.6333333333333333,0.8027777777777778,0.637962962962963,0.6916666666666668,0.6784722222222223,VERY_HIGH
77,G,0.6833333333333333,0.2833333333333333,0.48333333333333334,0.5444444444444444,0.1,0.44259259259259265,0.37592592592592594,0.4027777777777778,VERY_HIGH
78,A,0.4722222222222222,0.5777777777777777,0.5249999999999999,0.48333333333333334,0.5138888888888888,0.48981481481481476,0.5074074074074074,0.5118055555555555,HIGH
79,E,0.4888888888888889,0.2777777777777778,0.3833333333333333,0.2222222222222222,0.9194444444444444,0.5435185185185185,0.5083333333333333,0.4770833333333333,VERY_HIGH
80,S,0.26666666666666666,0.022222222222222223,0.14444444444444443,0.11666666666666667,0.675,0.3527777777777778,0.31203703703703706,0.27013888888888893,VERY_HIGH
81,C,0.18888888888888888,0.07222222222222222,0.13055555555555554,0.03888888888888889,0.9194444444444444,0.38240740740740736,0.36296296296296293,0.3048611111111111,VERY_HIGH
82,Y,0.3277777777777778,0.7111111111111111,0.5194444444444445,0.2722222222222222,0.4444444444444444,0.3481481481481481,0.41203703703703703,0.4388888888888889,VERY_HIGH
83,L,0.3055555555555556,0.016666666666666666,0.16111111111111112,0.03888888888888889,0.5138888888888888,0.2861111111111111,0.23796296296296293,0.21875,VERY_HIGH
84,A,0.13333333333333333,0.13333333333333333,0.13333333333333333,0.19444444444444445,0.06111111111111111,0.12962962962962962,0.12962962962962962,0.13055555555555556,VERY_HIGH
85,H,0.39444444444444443,0.36666666666666664,0.38055555555555554,0.37777777777777777,0.3,0.3574074074074074,0.3527777777777778,0.3597222222222222,VERY_HIGH
86,S,0.2722222222222222,0.45,0.3611111111111111,0.4,0.15,0.2740740740740741,0.3037037037037037,0.31805555555555554,VERY_HIGH
87,L,0.06666666666666667,0.005555555555555556,0.03611111111111111,0.03888888888888889,0.9194444444444444,0.3416666666666666,0.33148148148148143,0.25763888888888886,VERY_HIGH
88,L,0.05555555555555555,0.11666666666666667,0.08611111111111111,0.03888888888888889,0.9194444444444444,0.33796296296296297,0.3481481481481481,0.2826388888888889,VERY_HIGH
89,K,0.6722222222222223,0.7444444444444445,0.7083333333333334,0.6444444444444445,0.03333333333333333,0.4500000000000001,0.4620370370370371,0.5236111111111111,VERY_HIGH
90,F,0.24444444444444444,0.6611111111111111,0.4527777777777778,0.3,0.9194444444444444,0.48796296296296293,0.5574074074074074,0.53125,VERY_HIGH
91,Y,0.15,0.05,0.1,0.09444444444444444,0.9194444444444444,0.3879629629629629,0.3712962962962963,0.3034722222222222,VERY_HIGH
92,L,0.1388888888888889,0.5,0.3194444444444444,0.3055555555555556,0.4888888888888889,0.3111111111111111,0.3712962962962963,0.35833333333333334,VERY_HIGH
93,N,0.7,0.95,0.825,0.7055555555555556,0.2722222222222222,0.5592592592592592,0.6009259259259259,0.6569444444444444,VERY_HIGH
94,T,0.37222222222222223,0.7555555555555555,0.5638888888888889,0.40555555555555556,0.675,0.48425925925925933,0.5481481481481482,0.5520833333333333,VERY_HIGH
95,V,0.03888888888888889,0.1388888888888889,0.08888888888888889,0.03888888888888889,0.675,0.25092592592592594,0.2675925925925926,0.22291666666666668,VERY_HIGH
96,F,0.16666666666666666,0.3277777777777778,0.24722222222222223,0.21666666666666667,0.9194444444444444,0.4342592592592592,0.4611111111111111,0.4076388888888889,VERY_HIGH
97,K,0.7166666666666667,0.8277777777777777,0.7722222222222221,0.8555555555555555,0.49444444444444446,0.6888888888888888,0.7074074074074074,0.7236111111111111,VERY_HIGH
98,N,0.8166666666666667,0.8777777777777778,0.8472222222222222,0.6222222222222222,0.6333333333333333,0.6907407407407407,0.700925925925926,0.7374999999999999,VERY_HIGH
99,Y,0.7666666666666667,0.12777777777777777,0.44722222222222224,0.1,0.9194444444444444,0.5953703703703703,0.48888888888888893,0.4784722222222222,VERY_HIGH
100,H,0.8111111111111111,0.6222222222222222,0.7166666666666667,0.6,0.3277777777777778,0.5796296296296296,0.5481481481481482,0.5902777777777778,VERY_HIGH
101,S,0.8444444444444444,0.6722222222222223,0.7583333333333333,0.7888888888888889,0.0,0.5444444444444444,0.5157407407407407,0.5763888888888888,HIGH
102,K,0.9222222222222223,0.9444444444444444,0.9333333333333333,0.43333333333333335,0.5472222222222223,0.6342592592592593,0.637962962962963,0.7118055555555556,HIGH
103,I,0.8388888888888889,0.15,0.49444444444444446,0.03888888888888889,0.24444444444444444,0.37407407407407406,0.25925925925925924,0.3180555555555556,HIGH
104,A,0.6055555555555555,0.5333333333333333,0.5694444444444444,0.6055555555555555,0.05,0.42037037037037034,0.40833333333333327,0.4486111111111111,HIGH
105,K,0.8611111111111112,0.8222222222222222,0.8416666666666667,0.9166666666666666,0.37222222222222223,0.7166666666666667,0.7101851851851851,0.7430555555555556,HIGH
106,F,0.7888888888888889,0.8944444444444445,0.8416666666666667,0.5277777777777778,0.15555555555555556,0.49074074074074076,0.5083333333333333,0.5916666666666667,HIGH
107,K,0.7333333333333333,0.7,0.7166666666666666,0.9888888888888889,0.14444444444444443,0.6222222222222222,0.6166666666666666,0.6416666666666666,HIGH
108,V,0.2222222222222222,0.4166666666666667,0.3194444444444444,0.28888888888888886,0.20555555555555555,0.23888888888888885,0.2712962962962963,0.2833333333333333,VERY_HIGH
109,L,0.7388888888888889,0.6944444444444444,0.7166666666666667,0.49444444444444446,0.7416666666666667,0.6583333333333333,0.650925925925926,0.6673611111111111,VERY_HIGH
110,R,0.8666666666666667,0.9722222222222222,0.9194444444444445,0.9277777777777778,0.16666666666666666,0.6537037037037038,0.6712962962962963,0.7333333333333333,VERY_HIGH
111,S,0.37777777777777777,0.5444444444444444,0.4611111111111111,0.34444444444444444,0.5472222222222223,0.4231481481481481,0.45092592592592595,0.4534722222222222,VERY_HIGH
112,F,0.07222222222222222,0.18888888888888888,0.13055555555555554,0.2,0.9194444444444444,0.3972222222222222,0.4166666666666667,0.3451388888888889,VERY_HIGH
113,S,0.38333333333333336,0.9277777777777778,0.6555555555555556,0.5,0.6333333333333333,0.5055555555555555,0.5962962962962962,0.6111111111111112,VERY_HIGH
114,T,0.31666666666666665,0.46111111111111114,0.3888888888888889,0.4777777777777778,0.7416666666666667,0.5120370370370371,0.5361111111111111,0.49930555555555556,VERY_HIGH
115,L,0.016666666666666666,0.011111111111111112,0.013888888888888888,0.03888888888888889,0.9194444444444444,0.325,0.32407407407407407,0.24652777777777776,VERY_HIGH
116,A,0.18333333333333332,0.3611111111111111,0.2722222222222222,0.29444444444444445,0.675,0.38425925925925924,0.4138888888888889,0.3784722222222222,VERY_HIGH
117,N,0.7444444444444445,0.9611111111111111,0.8527777777777779,0.6944444444444444,0.9194444444444444,0.7861111111111111,0.8222222222222223,0.8298611111111112,VERY_HIGH
118,N,0.3611111111111111,0.4,0.38055555555555554,0.36666666666666664,0.9194444444444444,0.549074074074074,0.5555555555555555,0.5118055555555555,VERY_HIGH
119,F,0.05,0.06666666666666667,0.058333333333333334,0.03888888888888889,0.9194444444444444,0.3361111111111111,0.33888888888888885,0.26875,VERY_HIGH
120,I,0.8277777777777777,0.8388888888888889,0.8333333333333333,0.6166666666666667,0.07222222222222222,0.5055555555555555,0.5074074074074074,0.5888888888888889,VERY_HIGH
121,V,0.7222222222222222,0.4777777777777778,0.6,0.5666666666666667,0.2222222222222222,0.5037037037037037,0.46296296296296297,0.49722222222222223,VERY_HIGH
122,I,0.35555555555555557,0.12222222222222222,0.2388888888888889,0.03888888888888889,0.6333333333333333,0.34259259259259256,0.3037037037037037,0.2875,VERY_HIGH
123,M,0.5833333333333334,0.5666666666666667,0.575,0.3888888888888889,0.027777777777777776,0.3333333333333333,0.33055555555555555,0.3916666666666666,VERY_HIGH
124,S,0.9111111111111111,0.8833333333333333,0.8972222222222221,0.6111111111111112,0.5388888888888889,0.687037037037037,0.6824074074074074,0.736111111111111,VERY_HIGH
125,Q,0.95,0.3388888888888889,0.6444444444444444,0.4444444444444444,0.37777777777777777,0.5907407407407407,0.4888888888888889,0.5277777777777777,VERY_HIGH
126,L,0.5944444444444444,0.027777777777777776,0.3111111111111111,0.03888888888888889,0.7416666666666667,0.4583333333333333,0.36388888888888893,0.3506944444444444,VERY_HIGH
127,Q,0.8722222222222222,0.8555555555555555,0.8638888888888889,0.8222222222222222,0.7416666666666667,0.812037037037037,0.8092592592592593,0.8229166666666666,HIGH
128,P,0.9444444444444444,0.5055555555555555,0.725,0.37222222222222223,0.36666666666666664,0.5611111111111111,0.487962962962963,0.5472222222222222,HIGH
129,S,0.8555555555555555,0.7833333333333333,0.8194444444444444,0.5222222222222223,0.3611111111111111,0.5796296296296296,0.5675925925925926,0.6305555555555555,HIGH
130,K,0.8944444444444445,0.9944444444444445,0.9444444444444444,0.9833333333333333,0.2611111111111111,0.7129629629629629,0.7296296296296295,0.7833333333333333,HIGH
131,D,0.9388888888888889,0.9888888888888889,0.9638888888888889,0.6888888888888889,0.6,0.7425925925925926,0.7509259259259259,0.8041666666666667,HIGH
132,N,0.6888888888888889,0.8666666666666667,0.7777777777777778,0.9333333333333333,0.22777777777777777,0.6166666666666667,0.6462962962962964,0.6791666666666667,HIGH
133,S,0.5055555555555555,0.85,0.6777777777777778,0.7,0.19444444444444445,0.4666666666666666,0.524074074074074,0.5625,HIGH
134,M,0.5444444444444444,0.9222222222222223,0.7333333333333334,0.46111111111111114,0.8027777777777778,0.6027777777777777,0.6657407407407409,0.682638888888889,VERY_HIGH
135,L,0.5111111111111111,0.9166666666666666,0.7138888888888888,0.6666666666666666,0.5888888888888889,0.5888888888888889,0.6564814814814816,0.6708333333333333,VERY_HIGH
136,P,0.6,0.7722222222222223,0.6861111111111111,0.7944444444444444,0.4722222222222222,0.6222222222222222,0.650925925925926,0.6597222222222222,VERY_HIGH
137,I,0.45,0.8722222222222222,0.6611111111111111,0.42777777777777776,0.18333333333333332,0.3537037037037037,0.42407407407407405,0.48333333333333334,VERY_HIGH
138,S,0.32222222222222224,0.4722222222222222,0.39722222222222225,0.4111111111111111,0.17777777777777778,0.30370370370370375,0.3287037037037037,0.3458333333333334,VERY_HIGH
139,E,0.6666666666666666,0.9333333333333333,0.8,0.6611111111111111,0.25,0.5259259259259259,0.5703703703703704,0.6277777777777778,VERY_HIGH
140,S,0.46111111111111114,0.6833333333333333,0.5722222222222222,0.5388888888888889,0.7083333333333334,0.5694444444444445,0.6064814814814815,0.5979166666666667,VERY_HIGH
141,A,0.1111111111111111,0.16666666666666666,0.1388888888888889,0.15555555555555556,0.7083333333333334,0.325,0.33425925925925926,0.28541666666666665,VERY_HIGH
142,H,0.55,0.8444444444444444,0.6972222222222222,0.5833333333333334,0.17222222222222222,0.4351851851851852,0.4842592592592592,0.5375,VERY_HIGH
143,Q,0.7833333333333333,0.9833333333333333,0.8833333333333333,0.6777777777777778,0.5694444444444444,0.6768518518518519,0.7101851851851851,0.7534722222222223,VERY_HIGH
144,R,0.6777777777777778,0.7222222222222222,0.7,0.35,0.33611111111111114,0.45462962962962966,0.462037037037037,0.5215277777777778,VERY_HIGH
145,F,0.12222222222222222,0.5388888888888889,0.33055555555555555,0.26666666666666666,0.9194444444444444,0.4361111111111111,0.5055555555555555,0.4618055555555556,VERY_HIGH
146,L,0.8222222222222222,0.6444444444444445,0.7333333333333334,0.3277777777777778,0.7083333333333334,0.6194444444444445,0.5898148148148148,0.6256944444444444,VERY_HIGH
147,L,0.6944444444444444,0.5111111111111111,0.6027777777777777,0.5333333333333333,0.5694444444444444,0.5990740740740741,0.5685185185185185,0.5770833333333334,VERY_HIGH
148,F,0.14444444444444443,0.10555555555555556,0.125,0.08888888888888889,0.7083333333333334,0.3138888888888889,0.3074074074074074,0.26180555555555557,VERY_HIGH
149,R,0.5388888888888889,0.6055555555555555,0.5722222222222222,0.5055555555555555,0.13333333333333333,0.39259259259259255,0.4037037037037037,0.4458333333333333,VERY_HIGH
150,R,0.9833333333333333,0.9666666666666667,0.975,0.65,0.08888888888888889,0.5740740740740741,0.5712962962962963,0.6722222222222223,VERY_HIGH
151,A,0.45555555555555555,0.21666666666666667,0.33611111111111114,0.24444444444444444,0.5694444444444444,0.4231481481481481,0.3833333333333333,0.3715277777777778,VERY_HIGH
152,F,0.2611111111111111,0.3055555555555556,0.2833333333333333,0.2611111111111111,0.9194444444444444,0.48055555555555557,0.487962962962963,0.43680555555555556,VERY_HIGH
153,K,0.8833333333333333,0.7055555555555556,0.7944444444444445,0.8444444444444444,0.7083333333333334,0.8120370370370371,0.7824074074074074,0.7854166666666668,VERY_HIGH
154,Q,0.9166666666666666,0.9388888888888889,0.9277777777777778,0.9055555555555556,0.5888888888888889,0.8037037037037037,0.8074074074074075,0.8375,VERY_HIGH
155,L,0.5222222222222223,0.6888888888888889,0.6055555555555556,0.3111111111111111,0.8027777777777778,0.5453703703703704,0.5731481481481482,0.58125,VERY_HIGH
156,D,0.6333333333333333,0.55,0.5916666666666667,0.8722222222222222,0.5277777777777778,0.6777777777777777,0.6638888888888889,0.6458333333333333,VERY_HIGH
157,T,0.7777777777777778,0.6666666666666666,0.7222222222222222,0.8055555555555556,0.022222222222222223,0.5351851851851852,0.5166666666666666,0.5680555555555555,VERY_HIGH
158,E,0.9777777777777777,0.5944444444444444,0.7861111111111111,0.6388888888888888,0.4583333333333333,0.6916666666666668,0.6277777777777777,0.6673611111111112,VERY_HIGH
159,V,0.8,0.4388888888888889,0.6194444444444445,0.4388888888888889,0.35555555555555557,0.5314814814814816,0.4712962962962963,0.5083333333333333,VERY_HIGH
160,A,0.17222222222222222,0.06111111111111111,0.11666666666666667,0.14444444444444443,0.7611111111111111,0.3592592592592592,0.34074074074074073,0.2847222222222222,VERY_HIGH
161,L,0.3111111111111111,0.19444444444444445,0.25277777777777777,0.17777777777777778,0.21666666666666667,0.2351851851851852,0.21574074074074076,0.225,VERY_HIGH
162,V,0.5555555555555556,0.24444444444444444,0.4,0.23333333333333334,0.38333333333333336,0.3907407407407408,0.33888888888888885,0.3541666666666667,VERY_HIGH
163,K,0.43333333333333335,0.18333333333333332,0.30833333333333335,0.16666666666666666,0.9194444444444444,0.5064814814814814,0.4648148148148148,0.42569444444444443,VERY_HIGH
164,A,0.005555555555555556,0.0,0.002777777777777778,0.03888888888888889,0.9194444444444444,0.32129629629629625,0.32037037037037036,0.2409722222222222,VERY_HIGH
165,F,0.17777777777777778,0.07777777777777778,0.12777777777777777,0.08333333333333333,0.26666666666666666,0.17592592592592593,0.15925925925925924,0.15138888888888888,VERY_HIGH
166,G,0.2777777777777778,0.2111111111111111,0.24444444444444446,0.22777777777777777,0.9194444444444444,0.4749999999999999,0.46388888888888885,0.40902777777777777,VERY_HIGH
167,E,0.25555555555555554,0.22777777777777777,0.24166666666666664,0.25555555555555554,0.9194444444444444,0.4768518518518518,0.47222222222222215,0.4145833333333333,VERY_HIGH
168,V,0.0,0.03888888888888889,0.019444444444444445,0.03888888888888889,0.4166666666666667,0.15185185185185188,0.15833333333333335,0.12361111111111112,VERY_HIGH
169,D,0.6388888888888888,0.5611111111111111,0.6,0.3611111111111111,0.7611111111111111,0.587037037037037,0.5740740740740741,0.5805555555555555,VERY_HIGH
170,I,0.3388888888888889,0.6555555555555556,0.49722222222222223,0.38333333333333336,0.6444444444444445,0.45555555555555555,0.5083333333333333,0.5055555555555555,VERY_HIGH
171,L,0.011111111111111112,0.03333333333333333,0.022222222222222223,0.03888888888888889,0.9194444444444444,0.32314814814814813,0.32685185185185184,0.25069444444444444,VERY_HIGH
172,L,0.022222222222222223,0.2222222222222222,0.12222222222222222,0.18333333333333332,0.9194444444444444,0.375,0.40833333333333327,0.3368055555555555,VERY_HIGH
173,T,0.6444444444444445,0.8055555555555556,0.7250000000000001,0.6555555555555556,0.4222222222222222,0.5740740740740741,0.600925925925926,0.6319444444444444,VERY_HIGH
174,W,0.48333333333333334,0.20555555555555555,0.34444444444444444,0.20555555555555555,0.9194444444444444,0.5361111111111111,0.48981481481481487,0.45347222222222217,VERY_HIGH
175,M,0.03333333333333333,0.16111111111111112,0.09722222222222222,0.18888888888888888,0.8027777777777778,0.3416666666666666,0.362962962962963,0.2965277777777778,VERY_HIGH
176,Q,0.7111111111111111,0.7777777777777778,0.7444444444444445,0.5722222222222222,0.18888888888888888,0.4907407407407407,0.5018518518518519,0.5625,VERY_HIGH
177,K,0.8888888888888888,0.7888888888888889,0.8388888888888888,0.8388888888888889,0.2777777777777778,0.6685185185185185,0.6518518518518518,0.6986111111111111,VERY_HIGH
178,F,0.5166666666666667,0.23333333333333334,0.375,0.3333333333333333,0.4111111111111111,0.42037037037037034,0.3731481481481482,0.3736111111111111,HIGH
179,Y,0.5,0.3888888888888889,0.4444444444444444,0.31666666666666665,0.6555555555555556,0.49074074074074076,0.47222222222222215,0.4652777777777778,HIGH
180,H,0.7055555555555556,0.35555555555555557,0.5305555555555556,0.7777777777777778,0.11666666666666667,0.5333333333333333,0.47500000000000003,0.48888888888888893,LOW
181,L,0.6166666666666667,0.26666666666666666,0.44166666666666665,0.9944444444444445,0.10833333333333334,0.5731481481481482,0.5148148148148148,0.4965277777777778,LOW
