candidate_id,track,task,route,seed,msa_condition,sequence_or_structure,source_pdb,structure_status,relaxation_status,clash_qc,model_version,ipTM,complex_pLDDT,PRODIGY_dG_kcal_mol,hotspot_coverage,ranking_basis,notes
IA6-13-8-01,赛道一：AI大分子与多肽药物设计,IL-24 antibody structure prediction,native_blind,4,formal_msa,results/native_blind_seed4.pdb,results/native_blind_seed4.pdb,unrelaxed,not_relaxed,see_relaxed_geometry_qc; raw model may contain severe clashes,Boltz-1 2.2.1; formal MSA; seed 4,0.7003403306007385,0.8604119420051575,-13.9,0.11290322580645161,confidence_rank=1; consensus_rank=14,Computational ranking only; PRODIGY is relative and not experimental KD.
IA6-13-8-02,赛道一：AI大分子与多肽药物设计,IL-24 antibody structure prediction,native_blind,7,formal_msa,results/native_blind_seed7.pdb,results/native_blind_seed7.pdb,unrelaxed,not_relaxed,see_relaxed_geometry_qc; raw model may contain severe clashes,Boltz-1 2.2.1; formal MSA; seed 7,0.6269111037254333,0.8610113263130188,-10.8,0.24193548387096775,confidence_rank=2; consensus_rank=5,Computational ranking only; PRODIGY is relative and not experimental KD.
IA6-13-8-03,赛道一：AI大分子与多肽药物设计,IL-24 antibody structure prediction,native_blind,13,formal_msa,results/native_blind_seed13.pdb,results/native_blind_seed13.pdb,unrelaxed,not_relaxed,see_relaxed_geometry_qc; raw model may contain severe clashes,Boltz-1 2.2.1; formal MSA; seed 13,0.570554792881012,0.851677417755127,-12.2,0.20967741935483872,confidence_rank=3; consensus_rank=9,Computational ranking only; PRODIGY is relative and not experimental KD.
IA6-13-8-04,赛道一：AI大分子与多肽药物设计,IL-24 antibody structure prediction,native_blind,11,formal_msa,results/native_blind_seed11.pdb,results/native_blind_seed11.pdb,unrelaxed,not_relaxed,see_relaxed_geometry_qc; raw model may contain severe clashes,Boltz-1 2.2.1; formal MSA; seed 11,0.5480004549026489,0.852146327495575,-12.6,0.1774193548387097,confidence_rank=4; consensus_rank=3,Computational ranking only; PRODIGY is relative and not experimental KD.
IA6-13-8-05,赛道一：AI大分子与多肽药物设计,IL-24 antibody structure prediction,native_blind,5,formal_msa,results/native_blind_seed5.pdb,results/native_blind_seed5.pdb,unrelaxed,not_relaxed,see_relaxed_geometry_qc; raw model may contain severe clashes,Boltz-1 2.2.1; formal MSA; seed 5,0.5501686930656433,0.8511466383934021,-11.9,0.1935483870967742,confidence_rank=5; consensus_rank=7,Computational ranking only; PRODIGY is relative and not experimental KD.
IA6-13-8-06,赛道一：AI大分子与多肽药物设计,IL-24 antibody structure prediction,native_blind,3,formal_msa,results/native_blind_seed3.pdb,results/native_blind_seed3.pdb,unrelaxed,not_relaxed,see_relaxed_geometry_qc; raw model may contain severe clashes,Boltz-1 2.2.1; formal MSA; seed 3,0.5363360047340393,0.8533107042312622,-12.6,0.20967741935483872,confidence_rank=6; consensus_rank=6,Computational ranking only; PRODIGY is relative and not experimental KD.
IA6-13-8-07,赛道一：AI大分子与多肽药物设计,IL-24 antibody structure prediction,native_blind,14,formal_msa,results/native_blind_seed14.pdb,results/native_blind_seed14.pdb,unrelaxed,not_relaxed,see_relaxed_geometry_qc; raw model may contain severe clashes,Boltz-1 2.2.1; formal MSA; seed 14,0.532585859298706,0.8534268140792847,-11.0,0.16129032258064516,confidence_rank=7; consensus_rank=10,Computational ranking only; PRODIGY is relative and not experimental KD.
IA6-13-8-08,赛道一：AI大分子与多肽药物设计,IL-24 antibody structure prediction,native_blind,12,formal_msa,results/native_blind_seed12.pdb,results/native_blind_seed12.pdb,unrelaxed,not_relaxed,see_relaxed_geometry_qc; raw model may contain severe clashes,Boltz-1 2.2.1; formal MSA; seed 12,0.5304901003837585,0.8525480628013611,-11.9,0.20967741935483872,confidence_rank=8; consensus_rank=8,Computational ranking only; PRODIGY is relative and not experimental KD.
IA6-13-8-09,赛道一：AI大分子与多肽药物设计,IL-24 antibody structure prediction,native_blind,8,formal_msa,results/native_blind_seed8.pdb,results/native_blind_seed8.pdb,unrelaxed,not_relaxed,see_relaxed_geometry_qc; raw model may contain severe clashes,Boltz-1 2.2.1; formal MSA; seed 8,0.5274786353111267,0.8479945659637451,-13.0,0.04838709677419355,confidence_rank=9; consensus_rank=15,Computational ranking only; PRODIGY is relative and not experimental KD.
IA6-13-8-10,赛道一：AI大分子与多肽药物设计,IL-24 antibody structure prediction,native_blind,2,formal_msa,results/native_blind_seed2.pdb,results/native_blind_seed2.pdb,unrelaxed,not_relaxed,see_relaxed_geometry_qc; raw model may contain severe clashes,Boltz-1 2.2.1; formal MSA; seed 2,0.521126389503479,0.8492234349250793,-13.3,0.24193548387096775,confidence_rank=10; consensus_rank=11,Computational ranking only; PRODIGY is relative and not experimental KD.
