construct,condition,seed,artifact,source_path,local_path,consolidated_server_path,status,hash_verified
Full181,empty,1,pdb_path,results/full181_supplement/raw/empty/seed1/boltz_results_full_blind/predictions/full_blind/full_blind_model_0.pdb,D:\IL-24(teeth）\phase2_release\results\full181_supplement\raw\empty\seed1\boltz_results_full_blind\predictions\full_blind\full_blind_model_0.pdb,results/full181_supplement/raw/empty/seed1/boltz_results_full_blind/predictions/full_blind/full_blind_model_0.pdb,passed,False
Full181,empty,1,confidence_path,results/full181_supplement/raw/empty/seed1/boltz_results_full_blind/predictions/full_blind/confidence_full_blind_model_0.json,D:\IL-24(teeth）\phase2_release\results\full181_supplement\raw\empty\seed1\boltz_results_full_blind\predictions\full_blind\confidence_full_blind_model_0.json,results/full181_supplement/raw/empty/seed1/boltz_results_full_blind/predictions/full_blind/confidence_full_blind_model_0.json,passed,False
Full181,empty,1,pae_path,results/full181_supplement/raw/empty/seed1/boltz_results_full_blind/predictions/full_blind/pae_full_blind_model_0.npz,D:\IL-24(teeth）\phase2_release\results\full181_supplement\raw\empty\seed1\boltz_results_full_blind\predictions\full_blind\pae_full_blind_model_0.npz,results/full181_supplement/raw/empty/seed1/boltz_results_full_blind/predictions/full_blind/pae_full_blind_model_0.npz,passed,False
Full181,empty,2,pdb_path,results/full181_supplement/raw/empty/seed2/boltz_results_full_blind/predictions/full_blind/full_blind_model_0.pdb,D:\IL-24(teeth）\phase2_release\results\full181_supplement\raw\empty\seed2\boltz_results_full_blind\predictions\full_blind\full_blind_model_0.pdb,results/full181_supplement/raw/empty/seed2/boltz_results_full_blind/predictions/full_blind/full_blind_model_0.pdb,passed,False
Full181,empty,2,confidence_path,results/full181_supplement/raw/empty/seed2/boltz_results_full_blind/predictions/full_blind/confidence_full_blind_model_0.json,D:\IL-24(teeth）\phase2_release\results\full181_supplement\raw\empty\seed2\boltz_results_full_blind\predictions\full_blind\confidence_full_blind_model_0.json,results/full181_supplement/raw/empty/seed2/boltz_results_full_blind/predictions/full_blind/confidence_full_blind_model_0.json,passed,False
Full181,empty,2,pae_path,results/full181_supplement/raw/empty/seed2/boltz_results_full_blind/predictions/full_blind/pae_full_blind_model_0.npz,D:\IL-24(teeth）\phase2_release\results\full181_supplement\raw\empty\seed2\boltz_results_full_blind\predictions\full_blind\pae_full_blind_model_0.npz,results/full181_supplement/raw/empty/seed2/boltz_results_full_blind/predictions/full_blind/pae_full_blind_model_0.npz,passed,False
Full181,empty,3,pdb_path,results/full181_supplement/raw/empty/seed3/boltz_results_full_blind/predictions/full_blind/full_blind_model_0.pdb,D:\IL-24(teeth）\phase2_release\results\full181_supplement\raw\empty\seed3\boltz_results_full_blind\predictions\full_blind\full_blind_model_0.pdb,results/full181_supplement/raw/empty/seed3/boltz_results_full_blind/predictions/full_blind/full_blind_model_0.pdb,passed,False
Full181,empty,3,confidence_path,results/full181_supplement/raw/empty/seed3/boltz_results_full_blind/predictions/full_blind/confidence_full_blind_model_0.json,D:\IL-24(teeth）\phase2_release\results\full181_supplement\raw\empty\seed3\boltz_results_full_blind\predictions\full_blind\confidence_full_blind_model_0.json,results/full181_supplement/raw/empty/seed3/boltz_results_full_blind/predictions/full_blind/confidence_full_blind_model_0.json,passed,False
Full181,empty,3,pae_path,results/full181_supplement/raw/empty/seed3/boltz_results_full_blind/predictions/full_blind/pae_full_blind_model_0.npz,D:\IL-24(teeth）\phase2_release\results\full181_supplement\raw\empty\seed3\boltz_results_full_blind\predictions\full_blind\pae_full_blind_model_0.npz,results/full181_supplement/raw/empty/seed3/boltz_results_full_blind/predictions/full_blind/pae_full_blind_model_0.npz,passed,False
Full181,empty,4,pdb_path,results/full181_supplement/raw/empty/seed4/boltz_results_full_blind/predictions/full_blind/full_blind_model_0.pdb,D:\IL-24(teeth）\phase2_release\results\full181_supplement\raw\empty\seed4\boltz_results_full_blind\predictions\full_blind\full_blind_model_0.pdb,results/full181_supplement/raw/empty/seed4/boltz_results_full_blind/predictions/full_blind/full_blind_model_0.pdb,passed,False
Full181,empty,4,confidence_path,results/full181_supplement/raw/empty/seed4/boltz_results_full_blind/predictions/full_blind/confidence_full_blind_model_0.json,D:\IL-24(teeth）\phase2_release\results\full181_supplement\raw\empty\seed4\boltz_results_full_blind\predictions\full_blind\confidence_full_blind_model_0.json,results/full181_supplement/raw/empty/seed4/boltz_results_full_blind/predictions/full_blind/confidence_full_blind_model_0.json,passed,False
Full181,empty,4,pae_path,results/full181_supplement/raw/empty/seed4/boltz_results_full_blind/predictions/full_blind/pae_full_blind_model_0.npz,D:\IL-24(teeth）\phase2_release\results\full181_supplement\raw\empty\seed4\boltz_results_full_blind\predictions\full_blind\pae_full_blind_model_0.npz,results/full181_supplement/raw/empty/seed4/boltz_results_full_blind/predictions/full_blind/pae_full_blind_model_0.npz,passed,False
Full181,empty,5,pdb_path,results/full181_supplement/raw/empty/seed5/boltz_results_full_blind/predictions/full_blind/full_blind_model_0.pdb,D:\IL-24(teeth）\phase2_release\results\full181_supplement\raw\empty\seed5\boltz_results_full_blind\predictions\full_blind\full_blind_model_0.pdb,results/full181_supplement/raw/empty/seed5/boltz_results_full_blind/predictions/full_blind/full_blind_model_0.pdb,passed,False
Full181,empty,5,confidence_path,results/full181_supplement/raw/empty/seed5/boltz_results_full_blind/predictions/full_blind/confidence_full_blind_model_0.json,D:\IL-24(teeth）\phase2_release\results\full181_supplement\raw\empty\seed5\boltz_results_full_blind\predictions\full_blind\confidence_full_blind_model_0.json,results/full181_supplement/raw/empty/seed5/boltz_results_full_blind/predictions/full_blind/confidence_full_blind_model_0.json,passed,False
Full181,empty,5,pae_path,results/full181_supplement/raw/empty/seed5/boltz_results_full_blind/predictions/full_blind/pae_full_blind_model_0.npz,D:\IL-24(teeth）\phase2_release\results\full181_supplement\raw\empty\seed5\boltz_results_full_blind\predictions\full_blind\pae_full_blind_model_0.npz,results/full181_supplement/raw/empty/seed5/boltz_results_full_blind/predictions/full_blind/pae_full_blind_model_0.npz,passed,False
Full181,empty,6,pdb_path,results/full181_supplement/raw/empty/seed6/boltz_results_full_blind/predictions/full_blind/full_blind_model_0.pdb,D:\IL-24(teeth）\phase2_release\results\full181_supplement\raw\empty\seed6\boltz_results_full_blind\predictions\full_blind\full_blind_model_0.pdb,results/full181_supplement/raw/empty/seed6/boltz_results_full_blind/predictions/full_blind/full_blind_model_0.pdb,passed,False
Full181,empty,6,confidence_path,results/full181_supplement/raw/empty/seed6/boltz_results_full_blind/predictions/full_blind/confidence_full_blind_model_0.json,D:\IL-24(teeth）\phase2_release\results\full181_supplement\raw\empty\seed6\boltz_results_full_blind\predictions\full_blind\confidence_full_blind_model_0.json,results/full181_supplement/raw/empty/seed6/boltz_results_full_blind/predictions/full_blind/confidence_full_blind_model_0.json,passed,False
Full181,empty,6,pae_path,results/full181_supplement/raw/empty/seed6/boltz_results_full_blind/predictions/full_blind/pae_full_blind_model_0.npz,D:\IL-24(teeth）\phase2_release\results\full181_supplement\raw\empty\seed6\boltz_results_full_blind\predictions\full_blind\pae_full_blind_model_0.npz,results/full181_supplement/raw/empty/seed6/boltz_results_full_blind/predictions/full_blind/pae_full_blind_model_0.npz,passed,False
Full181,empty,7,pdb_path,results/full181_supplement/raw/empty/seed7/boltz_results_full_blind/predictions/full_blind/full_blind_model_0.pdb,D:\IL-24(teeth）\phase2_release\results\full181_supplement\raw\empty\seed7\boltz_results_full_blind\predictions\full_blind\full_blind_model_0.pdb,results/full181_supplement/raw/empty/seed7/boltz_results_full_blind/predictions/full_blind/full_blind_model_0.pdb,passed,False
Full181,empty,7,confidence_path,results/full181_supplement/raw/empty/seed7/boltz_results_full_blind/predictions/full_blind/confidence_full_blind_model_0.json,D:\IL-24(teeth）\phase2_release\results\full181_supplement\raw\empty\seed7\boltz_results_full_blind\predictions\full_blind\confidence_full_blind_model_0.json,results/full181_supplement/raw/empty/seed7/boltz_results_full_blind/predictions/full_blind/confidence_full_blind_model_0.json,passed,False
Full181,empty,7,pae_path,results/full181_supplement/raw/empty/seed7/boltz_results_full_blind/predictions/full_blind/pae_full_blind_model_0.npz,D:\IL-24(teeth）\phase2_release\results\full181_supplement\raw\empty\seed7\boltz_results_full_blind\predictions\full_blind\pae_full_blind_model_0.npz,results/full181_supplement/raw/empty/seed7/boltz_results_full_blind/predictions/full_blind/pae_full_blind_model_0.npz,passed,False
Full181,empty,8,pdb_path,results/full181_supplement/raw/empty/seed8/boltz_results_full_blind/predictions/full_blind/full_blind_model_0.pdb,D:\IL-24(teeth）\phase2_release\results\full181_supplement\raw\empty\seed8\boltz_results_full_blind\predictions\full_blind\full_blind_model_0.pdb,results/full181_supplement/raw/empty/seed8/boltz_results_full_blind/predictions/full_blind/full_blind_model_0.pdb,passed,False
Full181,empty,8,confidence_path,results/full181_supplement/raw/empty/seed8/boltz_results_full_blind/predictions/full_blind/confidence_full_blind_model_0.json,D:\IL-24(teeth）\phase2_release\results\full181_supplement\raw\empty\seed8\boltz_results_full_blind\predictions\full_blind\confidence_full_blind_model_0.json,results/full181_supplement/raw/empty/seed8/boltz_results_full_blind/predictions/full_blind/confidence_full_blind_model_0.json,passed,False
Full181,empty,8,pae_path,results/full181_supplement/raw/empty/seed8/boltz_results_full_blind/predictions/full_blind/pae_full_blind_model_0.npz,D:\IL-24(teeth）\phase2_release\results\full181_supplement\raw\empty\seed8\boltz_results_full_blind\predictions\full_blind\pae_full_blind_model_0.npz,results/full181_supplement/raw/empty/seed8/boltz_results_full_blind/predictions/full_blind/pae_full_blind_model_0.npz,passed,False
Full181,empty,9,pdb_path,results/full181_supplement/raw/empty/seed9/boltz_results_full_blind/predictions/full_blind/full_blind_model_0.pdb,D:\IL-24(teeth）\phase2_release\results\full181_supplement\raw\empty\seed9\boltz_results_full_blind\predictions\full_blind\full_blind_model_0.pdb,results/full181_supplement/raw/empty/seed9/boltz_results_full_blind/predictions/full_blind/full_blind_model_0.pdb,passed,False
Full181,empty,9,confidence_path,results/full181_supplement/raw/empty/seed9/boltz_results_full_blind/predictions/full_blind/confidence_full_blind_model_0.json,D:\IL-24(teeth）\phase2_release\results\full181_supplement\raw\empty\seed9\boltz_results_full_blind\predictions\full_blind\confidence_full_blind_model_0.json,results/full181_supplement/raw/empty/seed9/boltz_results_full_blind/predictions/full_blind/confidence_full_blind_model_0.json,passed,False
Full181,empty,9,pae_path,results/full181_supplement/raw/empty/seed9/boltz_results_full_blind/predictions/full_blind/pae_full_blind_model_0.npz,D:\IL-24(teeth）\phase2_release\results\full181_supplement\raw\empty\seed9\boltz_results_full_blind\predictions\full_blind\pae_full_blind_model_0.npz,results/full181_supplement/raw/empty/seed9/boltz_results_full_blind/predictions/full_blind/pae_full_blind_model_0.npz,passed,False
Full181,empty,10,pdb_path,results/full181_supplement/raw/empty/seed10/boltz_results_full_blind/predictions/full_blind/full_blind_model_0.pdb,D:\IL-24(teeth）\phase2_release\results\full181_supplement\raw\empty\seed10\boltz_results_full_blind\predictions\full_blind\full_blind_model_0.pdb,results/full181_supplement/raw/empty/seed10/boltz_results_full_blind/predictions/full_blind/full_blind_model_0.pdb,passed,False
Full181,empty,10,confidence_path,results/full181_supplement/raw/empty/seed10/boltz_results_full_blind/predictions/full_blind/confidence_full_blind_model_0.json,D:\IL-24(teeth）\phase2_release\results\full181_supplement\raw\empty\seed10\boltz_results_full_blind\predictions\full_blind\confidence_full_blind_model_0.json,results/full181_supplement/raw/empty/seed10/boltz_results_full_blind/predictions/full_blind/confidence_full_blind_model_0.json,passed,False
Full181,empty,10,pae_path,results/full181_supplement/raw/empty/seed10/boltz_results_full_blind/predictions/full_blind/pae_full_blind_model_0.npz,D:\IL-24(teeth）\phase2_release\results\full181_supplement\raw\empty\seed10\boltz_results_full_blind\predictions\full_blind\pae_full_blind_model_0.npz,results/full181_supplement/raw/empty/seed10/boltz_results_full_blind/predictions/full_blind/pae_full_blind_model_0.npz,passed,False
Full181,empty,11,pdb_path,results/full181_supplement/raw/empty/seed11/boltz_results_full_blind/predictions/full_blind/full_blind_model_0.pdb,D:\IL-24(teeth）\phase2_release\results\full181_supplement\raw\empty\seed11\boltz_results_full_blind\predictions\full_blind\full_blind_model_0.pdb,results/full181_supplement/raw/empty/seed11/boltz_results_full_blind/predictions/full_blind/full_blind_model_0.pdb,passed,False
Full181,empty,11,confidence_path,results/full181_supplement/raw/empty/seed11/boltz_results_full_blind/predictions/full_blind/confidence_full_blind_model_0.json,D:\IL-24(teeth）\phase2_release\results\full181_supplement\raw\empty\seed11\boltz_results_full_blind\predictions\full_blind\confidence_full_blind_model_0.json,results/full181_supplement/raw/empty/seed11/boltz_results_full_blind/predictions/full_blind/confidence_full_blind_model_0.json,passed,False
Full181,empty,11,pae_path,results/full181_supplement/raw/empty/seed11/boltz_results_full_blind/predictions/full_blind/pae_full_blind_model_0.npz,D:\IL-24(teeth）\phase2_release\results\full181_supplement\raw\empty\seed11\boltz_results_full_blind\predictions\full_blind\pae_full_blind_model_0.npz,results/full181_supplement/raw/empty/seed11/boltz_results_full_blind/predictions/full_blind/pae_full_blind_model_0.npz,passed,False
Full181,empty,12,pdb_path,results/full181_supplement/raw/empty/seed12/boltz_results_full_blind/predictions/full_blind/full_blind_model_0.pdb,D:\IL-24(teeth）\phase2_release\results\full181_supplement\raw\empty\seed12\boltz_results_full_blind\predictions\full_blind\full_blind_model_0.pdb,results/full181_supplement/raw/empty/seed12/boltz_results_full_blind/predictions/full_blind/full_blind_model_0.pdb,passed,False
Full181,empty,12,confidence_path,results/full181_supplement/raw/empty/seed12/boltz_results_full_blind/predictions/full_blind/confidence_full_blind_model_0.json,D:\IL-24(teeth）\phase2_release\results\full181_supplement\raw\empty\seed12\boltz_results_full_blind\predictions\full_blind\confidence_full_blind_model_0.json,results/full181_supplement/raw/empty/seed12/boltz_results_full_blind/predictions/full_blind/confidence_full_blind_model_0.json,passed,False
Full181,empty,12,pae_path,results/full181_supplement/raw/empty/seed12/boltz_results_full_blind/predictions/full_blind/pae_full_blind_model_0.npz,D:\IL-24(teeth）\phase2_release\results\full181_supplement\raw\empty\seed12\boltz_results_full_blind\predictions\full_blind\pae_full_blind_model_0.npz,results/full181_supplement/raw/empty/seed12/boltz_results_full_blind/predictions/full_blind/pae_full_blind_model_0.npz,passed,False
Full181,empty,13,pdb_path,results/full181_supplement/raw/empty/seed13/boltz_results_full_blind/predictions/full_blind/full_blind_model_0.pdb,D:\IL-24(teeth）\phase2_release\results\full181_supplement\raw\empty\seed13\boltz_results_full_blind\predictions\full_blind\full_blind_model_0.pdb,results/full181_supplement/raw/empty/seed13/boltz_results_full_blind/predictions/full_blind/full_blind_model_0.pdb,passed,False
Full181,empty,13,confidence_path,results/full181_supplement/raw/empty/seed13/boltz_results_full_blind/predictions/full_blind/confidence_full_blind_model_0.json,D:\IL-24(teeth）\phase2_release\results\full181_supplement\raw\empty\seed13\boltz_results_full_blind\predictions\full_blind\confidence_full_blind_model_0.json,results/full181_supplement/raw/empty/seed13/boltz_results_full_blind/predictions/full_blind/confidence_full_blind_model_0.json,passed,False
Full181,empty,13,pae_path,results/full181_supplement/raw/empty/seed13/boltz_results_full_blind/predictions/full_blind/pae_full_blind_model_0.npz,D:\IL-24(teeth）\phase2_release\results\full181_supplement\raw\empty\seed13\boltz_results_full_blind\predictions\full_blind\pae_full_blind_model_0.npz,results/full181_supplement/raw/empty/seed13/boltz_results_full_blind/predictions/full_blind/pae_full_blind_model_0.npz,passed,False
Full181,empty,14,pdb_path,results/full181_supplement/raw/empty/seed14/boltz_results_full_blind/predictions/full_blind/full_blind_model_0.pdb,D:\IL-24(teeth）\phase2_release\results\full181_supplement\raw\empty\seed14\boltz_results_full_blind\predictions\full_blind\full_blind_model_0.pdb,results/full181_supplement/raw/empty/seed14/boltz_results_full_blind/predictions/full_blind/full_blind_model_0.pdb,passed,False
Full181,empty,14,confidence_path,results/full181_supplement/raw/empty/seed14/boltz_results_full_blind/predictions/full_blind/confidence_full_blind_model_0.json,D:\IL-24(teeth）\phase2_release\results\full181_supplement\raw\empty\seed14\boltz_results_full_blind\predictions\full_blind\confidence_full_blind_model_0.json,results/full181_supplement/raw/empty/seed14/boltz_results_full_blind/predictions/full_blind/confidence_full_blind_model_0.json,passed,False
Full181,empty,14,pae_path,results/full181_supplement/raw/empty/seed14/boltz_results_full_blind/predictions/full_blind/pae_full_blind_model_0.npz,D:\IL-24(teeth）\phase2_release\results\full181_supplement\raw\empty\seed14\boltz_results_full_blind\predictions\full_blind\pae_full_blind_model_0.npz,results/full181_supplement/raw/empty/seed14/boltz_results_full_blind/predictions/full_blind/pae_full_blind_model_0.npz,passed,False
Full181,empty,15,pdb_path,results/full181_supplement/raw/empty/seed15/boltz_results_full_blind/predictions/full_blind/full_blind_model_0.pdb,D:\IL-24(teeth）\phase2_release\results\full181_supplement\raw\empty\seed15\boltz_results_full_blind\predictions\full_blind\full_blind_model_0.pdb,results/full181_supplement/raw/empty/seed15/boltz_results_full_blind/predictions/full_blind/full_blind_model_0.pdb,passed,False
Full181,empty,15,confidence_path,results/full181_supplement/raw/empty/seed15/boltz_results_full_blind/predictions/full_blind/confidence_full_blind_model_0.json,D:\IL-24(teeth）\phase2_release\results\full181_supplement\raw\empty\seed15\boltz_results_full_blind\predictions\full_blind\confidence_full_blind_model_0.json,results/full181_supplement/raw/empty/seed15/boltz_results_full_blind/predictions/full_blind/confidence_full_blind_model_0.json,passed,False
Full181,empty,15,pae_path,results/full181_supplement/raw/empty/seed15/boltz_results_full_blind/predictions/full_blind/pae_full_blind_model_0.npz,D:\IL-24(teeth）\phase2_release\results\full181_supplement\raw\empty\seed15\boltz_results_full_blind\predictions\full_blind\pae_full_blind_model_0.npz,results/full181_supplement/raw/empty/seed15/boltz_results_full_blind/predictions/full_blind/pae_full_blind_model_0.npz,passed,False
Full181,formal_msa,1,pdb_path,results/full181_supplement/raw/formal_msa/seed1/boltz_results_full_blind_msa/predictions/full_blind_msa/full_blind_msa_model_0.pdb,D:\IL-24(teeth）\phase2_release\results\full181_supplement\raw\formal_msa\seed1\boltz_results_full_blind_msa\predictions\full_blind_msa\full_blind_msa_model_0.pdb,results/full181_supplement/raw/formal_msa/seed1/boltz_results_full_blind_msa/predictions/full_blind_msa/full_blind_msa_model_0.pdb,passed,False
Full181,formal_msa,1,confidence_path,results/full181_supplement/raw/formal_msa/seed1/boltz_results_full_blind_msa/predictions/full_blind_msa/confidence_full_blind_msa_model_0.json,D:\IL-24(teeth）\phase2_release\results\full181_supplement\raw\formal_msa\seed1\boltz_results_full_blind_msa\predictions\full_blind_msa\confidence_full_blind_msa_model_0.json,results/full181_supplement/raw/formal_msa/seed1/boltz_results_full_blind_msa/predictions/full_blind_msa/confidence_full_blind_msa_model_0.json,passed,False
Full181,formal_msa,1,pae_path,results/full181_supplement/raw/formal_msa/seed1/boltz_results_full_blind_msa/predictions/full_blind_msa/pae_full_blind_msa_model_0.npz,D:\IL-24(teeth）\phase2_release\results\full181_supplement\raw\formal_msa\seed1\boltz_results_full_blind_msa\predictions\full_blind_msa\pae_full_blind_msa_model_0.npz,results/full181_supplement/raw/formal_msa/seed1/boltz_results_full_blind_msa/predictions/full_blind_msa/pae_full_blind_msa_model_0.npz,passed,False
Full181,formal_msa,2,pdb_path,results/full181_supplement/raw/formal_msa/seed2/boltz_results_full_blind_msa/predictions/full_blind_msa/full_blind_msa_model_0.pdb,D:\IL-24(teeth）\phase2_release\results\full181_supplement\raw\formal_msa\seed2\boltz_results_full_blind_msa\predictions\full_blind_msa\full_blind_msa_model_0.pdb,results/full181_supplement/raw/formal_msa/seed2/boltz_results_full_blind_msa/predictions/full_blind_msa/full_blind_msa_model_0.pdb,passed,False
Full181,formal_msa,2,confidence_path,results/full181_supplement/raw/formal_msa/seed2/boltz_results_full_blind_msa/predictions/full_blind_msa/confidence_full_blind_msa_model_0.json,D:\IL-24(teeth）\phase2_release\results\full181_supplement\raw\formal_msa\seed2\boltz_results_full_blind_msa\predictions\full_blind_msa\confidence_full_blind_msa_model_0.json,results/full181_supplement/raw/formal_msa/seed2/boltz_results_full_blind_msa/predictions/full_blind_msa/confidence_full_blind_msa_model_0.json,passed,False
Full181,formal_msa,2,pae_path,results/full181_supplement/raw/formal_msa/seed2/boltz_results_full_blind_msa/predictions/full_blind_msa/pae_full_blind_msa_model_0.npz,D:\IL-24(teeth）\phase2_release\results\full181_supplement\raw\formal_msa\seed2\boltz_results_full_blind_msa\predictions\full_blind_msa\pae_full_blind_msa_model_0.npz,results/full181_supplement/raw/formal_msa/seed2/boltz_results_full_blind_msa/predictions/full_blind_msa/pae_full_blind_msa_model_0.npz,passed,False
Full181,formal_msa,3,pdb_path,results/full181_supplement/raw/formal_msa/seed3/boltz_results_full_blind_msa/predictions/full_blind_msa/full_blind_msa_model_0.pdb,D:\IL-24(teeth）\phase2_release\results\full181_supplement\raw\formal_msa\seed3\boltz_results_full_blind_msa\predictions\full_blind_msa\full_blind_msa_model_0.pdb,results/full181_supplement/raw/formal_msa/seed3/boltz_results_full_blind_msa/predictions/full_blind_msa/full_blind_msa_model_0.pdb,passed,False
Full181,formal_msa,3,confidence_path,results/full181_supplement/raw/formal_msa/seed3/boltz_results_full_blind_msa/predictions/full_blind_msa/confidence_full_blind_msa_model_0.json,D:\IL-24(teeth）\phase2_release\results\full181_supplement\raw\formal_msa\seed3\boltz_results_full_blind_msa\predictions\full_blind_msa\confidence_full_blind_msa_model_0.json,results/full181_supplement/raw/formal_msa/seed3/boltz_results_full_blind_msa/predictions/full_blind_msa/confidence_full_blind_msa_model_0.json,passed,False
Full181,formal_msa,3,pae_path,results/full181_supplement/raw/formal_msa/seed3/boltz_results_full_blind_msa/predictions/full_blind_msa/pae_full_blind_msa_model_0.npz,D:\IL-24(teeth）\phase2_release\results\full181_supplement\raw\formal_msa\seed3\boltz_results_full_blind_msa\predictions\full_blind_msa\pae_full_blind_msa_model_0.npz,results/full181_supplement/raw/formal_msa/seed3/boltz_results_full_blind_msa/predictions/full_blind_msa/pae_full_blind_msa_model_0.npz,passed,False
Full181,formal_msa,4,pdb_path,results/full181_supplement/raw/formal_msa/seed4/boltz_results_full_blind_msa/predictions/full_blind_msa/full_blind_msa_model_0.pdb,D:\IL-24(teeth）\phase2_release\results\full181_supplement\raw\formal_msa\seed4\boltz_results_full_blind_msa\predictions\full_blind_msa\full_blind_msa_model_0.pdb,results/full181_supplement/raw/formal_msa/seed4/boltz_results_full_blind_msa/predictions/full_blind_msa/full_blind_msa_model_0.pdb,passed,False
Full181,formal_msa,4,confidence_path,results/full181_supplement/raw/formal_msa/seed4/boltz_results_full_blind_msa/predictions/full_blind_msa/confidence_full_blind_msa_model_0.json,D:\IL-24(teeth）\phase2_release\results\full181_supplement\raw\formal_msa\seed4\boltz_results_full_blind_msa\predictions\full_blind_msa\confidence_full_blind_msa_model_0.json,results/full181_supplement/raw/formal_msa/seed4/boltz_results_full_blind_msa/predictions/full_blind_msa/confidence_full_blind_msa_model_0.json,passed,False
Full181,formal_msa,4,pae_path,results/full181_supplement/raw/formal_msa/seed4/boltz_results_full_blind_msa/predictions/full_blind_msa/pae_full_blind_msa_model_0.npz,D:\IL-24(teeth）\phase2_release\results\full181_supplement\raw\formal_msa\seed4\boltz_results_full_blind_msa\predictions\full_blind_msa\pae_full_blind_msa_model_0.npz,results/full181_supplement/raw/formal_msa/seed4/boltz_results_full_blind_msa/predictions/full_blind_msa/pae_full_blind_msa_model_0.npz,passed,False
Full181,formal_msa,5,pdb_path,results/full181_supplement/raw/formal_msa/seed5/boltz_results_full_blind_msa/predictions/full_blind_msa/full_blind_msa_model_0.pdb,D:\IL-24(teeth）\phase2_release\results\full181_supplement\raw\formal_msa\seed5\boltz_results_full_blind_msa\predictions\full_blind_msa\full_blind_msa_model_0.pdb,results/full181_supplement/raw/formal_msa/seed5/boltz_results_full_blind_msa/predictions/full_blind_msa/full_blind_msa_model_0.pdb,passed,False
Full181,formal_msa,5,confidence_path,results/full181_supplement/raw/formal_msa/seed5/boltz_results_full_blind_msa/predictions/full_blind_msa/confidence_full_blind_msa_model_0.json,D:\IL-24(teeth）\phase2_release\results\full181_supplement\raw\formal_msa\seed5\boltz_results_full_blind_msa\predictions\full_blind_msa\confidence_full_blind_msa_model_0.json,results/full181_supplement/raw/formal_msa/seed5/boltz_results_full_blind_msa/predictions/full_blind_msa/confidence_full_blind_msa_model_0.json,passed,False
Full181,formal_msa,5,pae_path,results/full181_supplement/raw/formal_msa/seed5/boltz_results_full_blind_msa/predictions/full_blind_msa/pae_full_blind_msa_model_0.npz,D:\IL-24(teeth）\phase2_release\results\full181_supplement\raw\formal_msa\seed5\boltz_results_full_blind_msa\predictions\full_blind_msa\pae_full_blind_msa_model_0.npz,results/full181_supplement/raw/formal_msa/seed5/boltz_results_full_blind_msa/predictions/full_blind_msa/pae_full_blind_msa_model_0.npz,passed,False
Full181,formal_msa,6,pdb_path,results/full181_supplement/raw/formal_msa/seed6/boltz_results_full_blind_msa/predictions/full_blind_msa/full_blind_msa_model_0.pdb,D:\IL-24(teeth）\phase2_release\results\full181_supplement\raw\formal_msa\seed6\boltz_results_full_blind_msa\predictions\full_blind_msa\full_blind_msa_model_0.pdb,results/full181_supplement/raw/formal_msa/seed6/boltz_results_full_blind_msa/predictions/full_blind_msa/full_blind_msa_model_0.pdb,passed,False
Full181,formal_msa,6,confidence_path,results/full181_supplement/raw/formal_msa/seed6/boltz_results_full_blind_msa/predictions/full_blind_msa/confidence_full_blind_msa_model_0.json,D:\IL-24(teeth）\phase2_release\results\full181_supplement\raw\formal_msa\seed6\boltz_results_full_blind_msa\predictions\full_blind_msa\confidence_full_blind_msa_model_0.json,results/full181_supplement/raw/formal_msa/seed6/boltz_results_full_blind_msa/predictions/full_blind_msa/confidence_full_blind_msa_model_0.json,passed,False
Full181,formal_msa,6,pae_path,results/full181_supplement/raw/formal_msa/seed6/boltz_results_full_blind_msa/predictions/full_blind_msa/pae_full_blind_msa_model_0.npz,D:\IL-24(teeth）\phase2_release\results\full181_supplement\raw\formal_msa\seed6\boltz_results_full_blind_msa\predictions\full_blind_msa\pae_full_blind_msa_model_0.npz,results/full181_supplement/raw/formal_msa/seed6/boltz_results_full_blind_msa/predictions/full_blind_msa/pae_full_blind_msa_model_0.npz,passed,False
Full181,formal_msa,7,pdb_path,results/full181_supplement/raw/formal_msa/seed7/boltz_results_full_blind_msa/predictions/full_blind_msa/full_blind_msa_model_0.pdb,D:\IL-24(teeth）\phase2_release\results\full181_supplement\raw\formal_msa\seed7\boltz_results_full_blind_msa\predictions\full_blind_msa\full_blind_msa_model_0.pdb,results/full181_supplement/raw/formal_msa/seed7/boltz_results_full_blind_msa/predictions/full_blind_msa/full_blind_msa_model_0.pdb,passed,False
Full181,formal_msa,7,confidence_path,results/full181_supplement/raw/formal_msa/seed7/boltz_results_full_blind_msa/predictions/full_blind_msa/confidence_full_blind_msa_model_0.json,D:\IL-24(teeth）\phase2_release\results\full181_supplement\raw\formal_msa\seed7\boltz_results_full_blind_msa\predictions\full_blind_msa\confidence_full_blind_msa_model_0.json,results/full181_supplement/raw/formal_msa/seed7/boltz_results_full_blind_msa/predictions/full_blind_msa/confidence_full_blind_msa_model_0.json,passed,False
Full181,formal_msa,7,pae_path,results/full181_supplement/raw/formal_msa/seed7/boltz_results_full_blind_msa/predictions/full_blind_msa/pae_full_blind_msa_model_0.npz,D:\IL-24(teeth）\phase2_release\results\full181_supplement\raw\formal_msa\seed7\boltz_results_full_blind_msa\predictions\full_blind_msa\pae_full_blind_msa_model_0.npz,results/full181_supplement/raw/formal_msa/seed7/boltz_results_full_blind_msa/predictions/full_blind_msa/pae_full_blind_msa_model_0.npz,passed,False
Full181,formal_msa,8,pdb_path,results/full181_supplement/raw/formal_msa/seed8/boltz_results_full_blind_msa/predictions/full_blind_msa/full_blind_msa_model_0.pdb,D:\IL-24(teeth）\phase2_release\results\full181_supplement\raw\formal_msa\seed8\boltz_results_full_blind_msa\predictions\full_blind_msa\full_blind_msa_model_0.pdb,results/full181_supplement/raw/formal_msa/seed8/boltz_results_full_blind_msa/predictions/full_blind_msa/full_blind_msa_model_0.pdb,passed,False
Full181,formal_msa,8,confidence_path,results/full181_supplement/raw/formal_msa/seed8/boltz_results_full_blind_msa/predictions/full_blind_msa/confidence_full_blind_msa_model_0.json,D:\IL-24(teeth）\phase2_release\results\full181_supplement\raw\formal_msa\seed8\boltz_results_full_blind_msa\predictions\full_blind_msa\confidence_full_blind_msa_model_0.json,results/full181_supplement/raw/formal_msa/seed8/boltz_results_full_blind_msa/predictions/full_blind_msa/confidence_full_blind_msa_model_0.json,passed,False
Full181,formal_msa,8,pae_path,results/full181_supplement/raw/formal_msa/seed8/boltz_results_full_blind_msa/predictions/full_blind_msa/pae_full_blind_msa_model_0.npz,D:\IL-24(teeth）\phase2_release\results\full181_supplement\raw\formal_msa\seed8\boltz_results_full_blind_msa\predictions\full_blind_msa\pae_full_blind_msa_model_0.npz,results/full181_supplement/raw/formal_msa/seed8/boltz_results_full_blind_msa/predictions/full_blind_msa/pae_full_blind_msa_model_0.npz,passed,False
Full181,formal_msa,9,pdb_path,results/full181_supplement/raw/formal_msa/seed9/boltz_results_full_blind_msa/predictions/full_blind_msa/full_blind_msa_model_0.pdb,D:\IL-24(teeth）\phase2_release\results\full181_supplement\raw\formal_msa\seed9\boltz_results_full_blind_msa\predictions\full_blind_msa\full_blind_msa_model_0.pdb,results/full181_supplement/raw/formal_msa/seed9/boltz_results_full_blind_msa/predictions/full_blind_msa/full_blind_msa_model_0.pdb,passed,False
Full181,formal_msa,9,confidence_path,results/full181_supplement/raw/formal_msa/seed9/boltz_results_full_blind_msa/predictions/full_blind_msa/confidence_full_blind_msa_model_0.json,D:\IL-24(teeth）\phase2_release\results\full181_supplement\raw\formal_msa\seed9\boltz_results_full_blind_msa\predictions\full_blind_msa\confidence_full_blind_msa_model_0.json,results/full181_supplement/raw/formal_msa/seed9/boltz_results_full_blind_msa/predictions/full_blind_msa/confidence_full_blind_msa_model_0.json,passed,False
Full181,formal_msa,9,pae_path,results/full181_supplement/raw/formal_msa/seed9/boltz_results_full_blind_msa/predictions/full_blind_msa/pae_full_blind_msa_model_0.npz,D:\IL-24(teeth）\phase2_release\results\full181_supplement\raw\formal_msa\seed9\boltz_results_full_blind_msa\predictions\full_blind_msa\pae_full_blind_msa_model_0.npz,results/full181_supplement/raw/formal_msa/seed9/boltz_results_full_blind_msa/predictions/full_blind_msa/pae_full_blind_msa_model_0.npz,passed,False
Full181,formal_msa,10,pdb_path,results/full181_supplement/raw/formal_msa/seed10/boltz_results_full_blind_msa/predictions/full_blind_msa/full_blind_msa_model_0.pdb,D:\IL-24(teeth）\phase2_release\results\full181_supplement\raw\formal_msa\seed10\boltz_results_full_blind_msa\predictions\full_blind_msa\full_blind_msa_model_0.pdb,results/full181_supplement/raw/formal_msa/seed10/boltz_results_full_blind_msa/predictions/full_blind_msa/full_blind_msa_model_0.pdb,passed,False
Full181,formal_msa,10,confidence_path,results/full181_supplement/raw/formal_msa/seed10/boltz_results_full_blind_msa/predictions/full_blind_msa/confidence_full_blind_msa_model_0.json,D:\IL-24(teeth）\phase2_release\results\full181_supplement\raw\formal_msa\seed10\boltz_results_full_blind_msa\predictions\full_blind_msa\confidence_full_blind_msa_model_0.json,results/full181_supplement/raw/formal_msa/seed10/boltz_results_full_blind_msa/predictions/full_blind_msa/confidence_full_blind_msa_model_0.json,passed,False
Full181,formal_msa,10,pae_path,results/full181_supplement/raw/formal_msa/seed10/boltz_results_full_blind_msa/predictions/full_blind_msa/pae_full_blind_msa_model_0.npz,D:\IL-24(teeth）\phase2_release\results\full181_supplement\raw\formal_msa\seed10\boltz_results_full_blind_msa\predictions\full_blind_msa\pae_full_blind_msa_model_0.npz,results/full181_supplement/raw/formal_msa/seed10/boltz_results_full_blind_msa/predictions/full_blind_msa/pae_full_blind_msa_model_0.npz,passed,False
Full181,formal_msa,11,pdb_path,results/full181_supplement/raw/formal_msa/seed11/boltz_results_full_blind_msa/predictions/full_blind_msa/full_blind_msa_model_0.pdb,D:\IL-24(teeth）\phase2_release\results\full181_supplement\raw\formal_msa\seed11\boltz_results_full_blind_msa\predictions\full_blind_msa\full_blind_msa_model_0.pdb,results/full181_supplement/raw/formal_msa/seed11/boltz_results_full_blind_msa/predictions/full_blind_msa/full_blind_msa_model_0.pdb,passed,False
Full181,formal_msa,11,confidence_path,results/full181_supplement/raw/formal_msa/seed11/boltz_results_full_blind_msa/predictions/full_blind_msa/confidence_full_blind_msa_model_0.json,D:\IL-24(teeth）\phase2_release\results\full181_supplement\raw\formal_msa\seed11\boltz_results_full_blind_msa\predictions\full_blind_msa\confidence_full_blind_msa_model_0.json,results/full181_supplement/raw/formal_msa/seed11/boltz_results_full_blind_msa/predictions/full_blind_msa/confidence_full_blind_msa_model_0.json,passed,False
Full181,formal_msa,11,pae_path,results/full181_supplement/raw/formal_msa/seed11/boltz_results_full_blind_msa/predictions/full_blind_msa/pae_full_blind_msa_model_0.npz,D:\IL-24(teeth）\phase2_release\results\full181_supplement\raw\formal_msa\seed11\boltz_results_full_blind_msa\predictions\full_blind_msa\pae_full_blind_msa_model_0.npz,results/full181_supplement/raw/formal_msa/seed11/boltz_results_full_blind_msa/predictions/full_blind_msa/pae_full_blind_msa_model_0.npz,passed,False
Full181,formal_msa,12,pdb_path,results/full181_supplement/raw/formal_msa/seed12/boltz_results_full_blind_msa/predictions/full_blind_msa/full_blind_msa_model_0.pdb,D:\IL-24(teeth）\phase2_release\results\full181_supplement\raw\formal_msa\seed12\boltz_results_full_blind_msa\predictions\full_blind_msa\full_blind_msa_model_0.pdb,results/full181_supplement/raw/formal_msa/seed12/boltz_results_full_blind_msa/predictions/full_blind_msa/full_blind_msa_model_0.pdb,passed,False
Full181,formal_msa,12,confidence_path,results/full181_supplement/raw/formal_msa/seed12/boltz_results_full_blind_msa/predictions/full_blind_msa/confidence_full_blind_msa_model_0.json,D:\IL-24(teeth）\phase2_release\results\full181_supplement\raw\formal_msa\seed12\boltz_results_full_blind_msa\predictions\full_blind_msa\confidence_full_blind_msa_model_0.json,results/full181_supplement/raw/formal_msa/seed12/boltz_results_full_blind_msa/predictions/full_blind_msa/confidence_full_blind_msa_model_0.json,passed,False
Full181,formal_msa,12,pae_path,results/full181_supplement/raw/formal_msa/seed12/boltz_results_full_blind_msa/predictions/full_blind_msa/pae_full_blind_msa_model_0.npz,D:\IL-24(teeth）\phase2_release\results\full181_supplement\raw\formal_msa\seed12\boltz_results_full_blind_msa\predictions\full_blind_msa\pae_full_blind_msa_model_0.npz,results/full181_supplement/raw/formal_msa/seed12/boltz_results_full_blind_msa/predictions/full_blind_msa/pae_full_blind_msa_model_0.npz,passed,False
Full181,formal_msa,13,pdb_path,results/full181_supplement/raw/formal_msa/seed13/boltz_results_full_blind_msa/predictions/full_blind_msa/full_blind_msa_model_0.pdb,D:\IL-24(teeth）\phase2_release\results\full181_supplement\raw\formal_msa\seed13\boltz_results_full_blind_msa\predictions\full_blind_msa\full_blind_msa_model_0.pdb,results/full181_supplement/raw/formal_msa/seed13/boltz_results_full_blind_msa/predictions/full_blind_msa/full_blind_msa_model_0.pdb,passed,False
Full181,formal_msa,13,confidence_path,results/full181_supplement/raw/formal_msa/seed13/boltz_results_full_blind_msa/predictions/full_blind_msa/confidence_full_blind_msa_model_0.json,D:\IL-24(teeth）\phase2_release\results\full181_supplement\raw\formal_msa\seed13\boltz_results_full_blind_msa\predictions\full_blind_msa\confidence_full_blind_msa_model_0.json,results/full181_supplement/raw/formal_msa/seed13/boltz_results_full_blind_msa/predictions/full_blind_msa/confidence_full_blind_msa_model_0.json,passed,False
Full181,formal_msa,13,pae_path,results/full181_supplement/raw/formal_msa/seed13/boltz_results_full_blind_msa/predictions/full_blind_msa/pae_full_blind_msa_model_0.npz,D:\IL-24(teeth）\phase2_release\results\full181_supplement\raw\formal_msa\seed13\boltz_results_full_blind_msa\predictions\full_blind_msa\pae_full_blind_msa_model_0.npz,results/full181_supplement/raw/formal_msa/seed13/boltz_results_full_blind_msa/predictions/full_blind_msa/pae_full_blind_msa_model_0.npz,passed,False
Full181,formal_msa,14,pdb_path,results/full181_supplement/raw/formal_msa/seed14/boltz_results_full_blind_msa/predictions/full_blind_msa/full_blind_msa_model_0.pdb,D:\IL-24(teeth）\phase2_release\results\full181_supplement\raw\formal_msa\seed14\boltz_results_full_blind_msa\predictions\full_blind_msa\full_blind_msa_model_0.pdb,results/full181_supplement/raw/formal_msa/seed14/boltz_results_full_blind_msa/predictions/full_blind_msa/full_blind_msa_model_0.pdb,passed,False
Full181,formal_msa,14,confidence_path,results/full181_supplement/raw/formal_msa/seed14/boltz_results_full_blind_msa/predictions/full_blind_msa/confidence_full_blind_msa_model_0.json,D:\IL-24(teeth）\phase2_release\results\full181_supplement\raw\formal_msa\seed14\boltz_results_full_blind_msa\predictions\full_blind_msa\confidence_full_blind_msa_model_0.json,results/full181_supplement/raw/formal_msa/seed14/boltz_results_full_blind_msa/predictions/full_blind_msa/confidence_full_blind_msa_model_0.json,passed,False
Full181,formal_msa,14,pae_path,results/full181_supplement/raw/formal_msa/seed14/boltz_results_full_blind_msa/predictions/full_blind_msa/pae_full_blind_msa_model_0.npz,D:\IL-24(teeth）\phase2_release\results\full181_supplement\raw\formal_msa\seed14\boltz_results_full_blind_msa\predictions\full_blind_msa\pae_full_blind_msa_model_0.npz,results/full181_supplement/raw/formal_msa/seed14/boltz_results_full_blind_msa/predictions/full_blind_msa/pae_full_blind_msa_model_0.npz,passed,False
Full181,formal_msa,15,pdb_path,results/full181_supplement/raw/formal_msa/seed15/boltz_results_full_blind_msa/predictions/full_blind_msa/full_blind_msa_model_0.pdb,D:\IL-24(teeth）\phase2_release\results\full181_supplement\raw\formal_msa\seed15\boltz_results_full_blind_msa\predictions\full_blind_msa\full_blind_msa_model_0.pdb,results/full181_supplement/raw/formal_msa/seed15/boltz_results_full_blind_msa/predictions/full_blind_msa/full_blind_msa_model_0.pdb,passed,False
Full181,formal_msa,15,confidence_path,results/full181_supplement/raw/formal_msa/seed15/boltz_results_full_blind_msa/predictions/full_blind_msa/confidence_full_blind_msa_model_0.json,D:\IL-24(teeth）\phase2_release\results\full181_supplement\raw\formal_msa\seed15\boltz_results_full_blind_msa\predictions\full_blind_msa\confidence_full_blind_msa_model_0.json,results/full181_supplement/raw/formal_msa/seed15/boltz_results_full_blind_msa/predictions/full_blind_msa/confidence_full_blind_msa_model_0.json,passed,False
Full181,formal_msa,15,pae_path,results/full181_supplement/raw/formal_msa/seed15/boltz_results_full_blind_msa/predictions/full_blind_msa/pae_full_blind_msa_model_0.npz,D:\IL-24(teeth）\phase2_release\results\full181_supplement\raw\formal_msa\seed15\boltz_results_full_blind_msa\predictions\full_blind_msa\pae_full_blind_msa_model_0.npz,results/full181_supplement/raw/formal_msa/seed15/boltz_results_full_blind_msa/predictions/full_blind_msa/pae_full_blind_msa_model_0.npz,passed,False
