construct,condition,seed,source_path,status,prediction_state,failure_reason,pdb_path,confidence_path,pae_path,wall_seconds,started_utc,ended_utc,exit_code,gpu_index,gpu_peak_observed_memory_mib,gpu_monitor_samples
Full181,empty,1,results/full181_supplement/raw/empty/seed1/run_state.json,passed,complete,,results/full181_supplement/raw/empty/seed1/boltz_results_full_blind/predictions/full_blind/full_blind_model_0.pdb,results/full181_supplement/raw/empty/seed1/boltz_results_full_blind/predictions/full_blind/confidence_full_blind_model_0.json,results/full181_supplement/raw/empty/seed1/boltz_results_full_blind/predictions/full_blind/pae_full_blind_model_0.npz,92.31962508894503,2026-09-21T11:35:51.545144+00:00,2026-09-21T11:37:23.865646+00:00,0,0,5379,9
Full181,empty,2,results/full181_supplement/raw/empty/seed2/run_state.json,passed,complete,,results/full181_supplement/raw/empty/seed2/boltz_results_full_blind/predictions/full_blind/full_blind_model_0.pdb,results/full181_supplement/raw/empty/seed2/boltz_results_full_blind/predictions/full_blind/confidence_full_blind_model_0.json,results/full181_supplement/raw/empty/seed2/boltz_results_full_blind/predictions/full_blind/pae_full_blind_model_0.npz,90.40296562528238,2026-09-21T11:37:23.906237+00:00,2026-09-21T11:38:54.310947+00:00,0,0,5375,9
Full181,empty,3,results/full181_supplement/raw/empty/seed3/run_state.json,passed,complete,,results/full181_supplement/raw/empty/seed3/boltz_results_full_blind/predictions/full_blind/full_blind_model_0.pdb,results/full181_supplement/raw/empty/seed3/boltz_results_full_blind/predictions/full_blind/confidence_full_blind_model_0.json,results/full181_supplement/raw/empty/seed3/boltz_results_full_blind/predictions/full_blind/pae_full_blind_model_0.npz,80.386553757824,2026-09-21T11:38:54.353426+00:00,2026-09-21T11:40:14.741332+00:00,0,0,5375,8
Full181,empty,4,results/full181_supplement/raw/empty/seed4/run_state.json,passed,complete,,results/full181_supplement/raw/empty/seed4/boltz_results_full_blind/predictions/full_blind/full_blind_model_0.pdb,results/full181_supplement/raw/empty/seed4/boltz_results_full_blind/predictions/full_blind/confidence_full_blind_model_0.json,results/full181_supplement/raw/empty/seed4/boltz_results_full_blind/predictions/full_blind/pae_full_blind_model_0.npz,80.3627042369917,2026-09-21T11:40:14.772647+00:00,2026-09-21T11:41:35.136774+00:00,0,0,5375,8
Full181,empty,5,results/full181_supplement/raw/empty/seed5/run_state.json,passed,complete,,results/full181_supplement/raw/empty/seed5/boltz_results_full_blind/predictions/full_blind/full_blind_model_0.pdb,results/full181_supplement/raw/empty/seed5/boltz_results_full_blind/predictions/full_blind/confidence_full_blind_model_0.json,results/full181_supplement/raw/empty/seed5/boltz_results_full_blind/predictions/full_blind/pae_full_blind_model_0.npz,90.38827798468992,2026-09-21T11:41:35.174977+00:00,2026-09-21T11:43:05.564751+00:00,0,0,5379,9
Full181,empty,6,results/full181_supplement/raw/empty/seed6/run_state.json,passed,complete,,results/full181_supplement/raw/empty/seed6/boltz_results_full_blind/predictions/full_blind/full_blind_model_0.pdb,results/full181_supplement/raw/empty/seed6/boltz_results_full_blind/predictions/full_blind/confidence_full_blind_model_0.json,results/full181_supplement/raw/empty/seed6/boltz_results_full_blind/predictions/full_blind/pae_full_blind_model_0.npz,90.42462058877572,2026-09-21T11:43:05.667518+00:00,2026-09-21T11:44:36.093787+00:00,0,0,5379,9
Full181,empty,7,results/full181_supplement/raw/empty/seed7/run_state.json,passed,complete,,results/full181_supplement/raw/empty/seed7/boltz_results_full_blind/predictions/full_blind/full_blind_model_0.pdb,results/full181_supplement/raw/empty/seed7/boltz_results_full_blind/predictions/full_blind/confidence_full_blind_model_0.json,results/full181_supplement/raw/empty/seed7/boltz_results_full_blind/predictions/full_blind/pae_full_blind_model_0.npz,90.40852888440713,2026-09-21T11:44:36.128170+00:00,2026-09-21T11:46:06.538018+00:00,0,0,5379,9
Full181,empty,8,results/full181_supplement/raw/empty/seed8/run_state.json,passed,complete,,results/full181_supplement/raw/empty/seed8/boltz_results_full_blind/predictions/full_blind/full_blind_model_0.pdb,results/full181_supplement/raw/empty/seed8/boltz_results_full_blind/predictions/full_blind/confidence_full_blind_model_0.json,results/full181_supplement/raw/empty/seed8/boltz_results_full_blind/predictions/full_blind/pae_full_blind_model_0.npz,90.46246799034998,2026-09-21T11:46:06.580437+00:00,2026-09-21T11:47:37.044119+00:00,0,0,5379,9
Full181,empty,9,results/full181_supplement/raw/empty/seed9/run_state.json,passed,complete,,results/full181_supplement/raw/empty/seed9/boltz_results_full_blind/predictions/full_blind/full_blind_model_0.pdb,results/full181_supplement/raw/empty/seed9/boltz_results_full_blind/predictions/full_blind/confidence_full_blind_model_0.json,results/full181_supplement/raw/empty/seed9/boltz_results_full_blind/predictions/full_blind/pae_full_blind_model_0.npz,90.45037519792095,2026-09-21T11:47:37.082676+00:00,2026-09-21T11:49:07.534035+00:00,0,0,5379,9
Full181,empty,10,results/full181_supplement/raw/empty/seed10/run_state.json,passed,complete,,results/full181_supplement/raw/empty/seed10/boltz_results_full_blind/predictions/full_blind/full_blind_model_0.pdb,results/full181_supplement/raw/empty/seed10/boltz_results_full_blind/predictions/full_blind/confidence_full_blind_model_0.json,results/full181_supplement/raw/empty/seed10/boltz_results_full_blind/predictions/full_blind/pae_full_blind_model_0.npz,90.46389837609604,2026-09-21T11:49:07.577113+00:00,2026-09-21T11:50:38.042824+00:00,0,0,5383,9
Full181,empty,11,results/full181_supplement/raw/empty/seed11/run_state.json,passed,complete,,results/full181_supplement/raw/empty/seed11/boltz_results_full_blind/predictions/full_blind/full_blind_model_0.pdb,results/full181_supplement/raw/empty/seed11/boltz_results_full_blind/predictions/full_blind/confidence_full_blind_model_0.json,results/full181_supplement/raw/empty/seed11/boltz_results_full_blind/predictions/full_blind/pae_full_blind_model_0.npz,80.36516219284385,2026-09-21T11:50:38.082802+00:00,2026-09-21T11:51:58.449142+00:00,0,0,5375,8
Full181,empty,12,results/full181_supplement/raw/empty/seed12/run_state.json,passed,complete,,results/full181_supplement/raw/empty/seed12/boltz_results_full_blind/predictions/full_blind/full_blind_model_0.pdb,results/full181_supplement/raw/empty/seed12/boltz_results_full_blind/predictions/full_blind/confidence_full_blind_model_0.json,results/full181_supplement/raw/empty/seed12/boltz_results_full_blind/predictions/full_blind/pae_full_blind_model_0.npz,90.40883950516582,2026-09-21T11:51:58.484845+00:00,2026-09-21T11:53:28.895110+00:00,0,0,5375,9
Full181,empty,13,results/full181_supplement/raw/empty/seed13/run_state.json,passed,complete,,results/full181_supplement/raw/empty/seed13/boltz_results_full_blind/predictions/full_blind/full_blind_model_0.pdb,results/full181_supplement/raw/empty/seed13/boltz_results_full_blind/predictions/full_blind/confidence_full_blind_model_0.json,results/full181_supplement/raw/empty/seed13/boltz_results_full_blind/predictions/full_blind/pae_full_blind_model_0.npz,80.37314157793298,2026-09-21T11:53:28.936707+00:00,2026-09-21T11:54:49.311197+00:00,0,0,5375,8
Full181,empty,14,results/full181_supplement/raw/empty/seed14/run_state.json,passed,complete,,results/full181_supplement/raw/empty/seed14/boltz_results_full_blind/predictions/full_blind/full_blind_model_0.pdb,results/full181_supplement/raw/empty/seed14/boltz_results_full_blind/predictions/full_blind/confidence_full_blind_model_0.json,results/full181_supplement/raw/empty/seed14/boltz_results_full_blind/predictions/full_blind/pae_full_blind_model_0.npz,90.41811422817409,2026-09-21T11:54:49.343740+00:00,2026-09-21T11:56:19.762842+00:00,0,0,5375,9
Full181,empty,15,results/full181_supplement/raw/empty/seed15/run_state.json,passed,complete,,results/full181_supplement/raw/empty/seed15/boltz_results_full_blind/predictions/full_blind/full_blind_model_0.pdb,results/full181_supplement/raw/empty/seed15/boltz_results_full_blind/predictions/full_blind/confidence_full_blind_model_0.json,results/full181_supplement/raw/empty/seed15/boltz_results_full_blind/predictions/full_blind/pae_full_blind_model_0.npz,90.49289039103314,2026-09-21T11:56:19.800845+00:00,2026-09-21T11:57:50.295821+00:00,0,0,5379,9
Full181,formal_msa,1,results/full181_supplement/raw/formal_msa/seed1/run_state.json,passed,complete,,results/full181_supplement/raw/formal_msa/seed1/boltz_results_full_blind_msa/predictions/full_blind_msa/full_blind_msa_model_0.pdb,results/full181_supplement/raw/formal_msa/seed1/boltz_results_full_blind_msa/predictions/full_blind_msa/confidence_full_blind_msa_model_0.json,results/full181_supplement/raw/formal_msa/seed1/boltz_results_full_blind_msa/predictions/full_blind_msa/pae_full_blind_msa_model_0.npz,101.97152769193053,2026-09-21T11:35:51.950752+00:00,2026-09-21T11:37:33.922991+00:00,0,1,12851,10
Full181,formal_msa,2,results/full181_supplement/raw/formal_msa/seed2/run_state.json,passed,complete,,results/full181_supplement/raw/formal_msa/seed2/boltz_results_full_blind_msa/predictions/full_blind_msa/full_blind_msa_model_0.pdb,results/full181_supplement/raw/formal_msa/seed2/boltz_results_full_blind_msa/predictions/full_blind_msa/confidence_full_blind_msa_model_0.json,results/full181_supplement/raw/formal_msa/seed2/boltz_results_full_blind_msa/predictions/full_blind_msa/pae_full_blind_msa_model_0.npz,100.45638852519915,2026-09-21T11:37:33.963249+00:00,2026-09-21T11:39:14.421356+00:00,0,1,12851,10
Full181,formal_msa,3,results/full181_supplement/raw/formal_msa/seed3/run_state.json,passed,complete,,results/full181_supplement/raw/formal_msa/seed3/boltz_results_full_blind_msa/predictions/full_blind_msa/full_blind_msa_model_0.pdb,results/full181_supplement/raw/formal_msa/seed3/boltz_results_full_blind_msa/predictions/full_blind_msa/confidence_full_blind_msa_model_0.json,results/full181_supplement/raw/formal_msa/seed3/boltz_results_full_blind_msa/predictions/full_blind_msa/pae_full_blind_msa_model_0.npz,100.44372311793268,2026-09-21T11:39:14.455247+00:00,2026-09-21T11:40:54.900817+00:00,0,1,12851,10
Full181,formal_msa,4,results/full181_supplement/raw/formal_msa/seed4/run_state.json,passed,complete,,results/full181_supplement/raw/formal_msa/seed4/boltz_results_full_blind_msa/predictions/full_blind_msa/full_blind_msa_model_0.pdb,results/full181_supplement/raw/formal_msa/seed4/boltz_results_full_blind_msa/predictions/full_blind_msa/confidence_full_blind_msa_model_0.json,results/full181_supplement/raw/formal_msa/seed4/boltz_results_full_blind_msa/predictions/full_blind_msa/pae_full_blind_msa_model_0.npz,100.46868995204568,2026-09-21T11:40:54.934732+00:00,2026-09-21T11:42:35.405135+00:00,0,1,12851,10
Full181,formal_msa,5,results/full181_supplement/raw/formal_msa/seed5/run_state.json,passed,complete,,results/full181_supplement/raw/formal_msa/seed5/boltz_results_full_blind_msa/predictions/full_blind_msa/full_blind_msa_model_0.pdb,results/full181_supplement/raw/formal_msa/seed5/boltz_results_full_blind_msa/predictions/full_blind_msa/confidence_full_blind_msa_model_0.json,results/full181_supplement/raw/formal_msa/seed5/boltz_results_full_blind_msa/predictions/full_blind_msa/pae_full_blind_msa_model_0.npz,100.44364754296839,2026-09-21T11:42:35.470487+00:00,2026-09-21T11:44:15.915685+00:00,0,1,12853,10
Full181,formal_msa,6,results/full181_supplement/raw/formal_msa/seed6/run_state.json,passed,complete,,results/full181_supplement/raw/formal_msa/seed6/boltz_results_full_blind_msa/predictions/full_blind_msa/full_blind_msa_model_0.pdb,results/full181_supplement/raw/formal_msa/seed6/boltz_results_full_blind_msa/predictions/full_blind_msa/confidence_full_blind_msa_model_0.json,results/full181_supplement/raw/formal_msa/seed6/boltz_results_full_blind_msa/predictions/full_blind_msa/pae_full_blind_msa_model_0.npz,100.48412849800661,2026-09-21T11:44:15.957432+00:00,2026-09-21T11:45:56.443001+00:00,0,1,12851,10
Full181,formal_msa,7,results/full181_supplement/raw/formal_msa/seed7/run_state.json,passed,complete,,results/full181_supplement/raw/formal_msa/seed7/boltz_results_full_blind_msa/predictions/full_blind_msa/full_blind_msa_model_0.pdb,results/full181_supplement/raw/formal_msa/seed7/boltz_results_full_blind_msa/predictions/full_blind_msa/confidence_full_blind_msa_model_0.json,results/full181_supplement/raw/formal_msa/seed7/boltz_results_full_blind_msa/predictions/full_blind_msa/pae_full_blind_msa_model_0.npz,110.5087590077892,2026-09-21T11:45:56.481738+00:00,2026-09-21T11:47:46.991943+00:00,0,1,12851,11
Full181,formal_msa,8,results/full181_supplement/raw/formal_msa/seed8/run_state.json,passed,complete,,results/full181_supplement/raw/formal_msa/seed8/boltz_results_full_blind_msa/predictions/full_blind_msa/full_blind_msa_model_0.pdb,results/full181_supplement/raw/formal_msa/seed8/boltz_results_full_blind_msa/predictions/full_blind_msa/confidence_full_blind_msa_model_0.json,results/full181_supplement/raw/formal_msa/seed8/boltz_results_full_blind_msa/predictions/full_blind_msa/pae_full_blind_msa_model_0.npz,100.47082727309316,2026-09-21T11:47:47.036821+00:00,2026-09-21T11:49:27.509393+00:00,0,1,12851,10
Full181,formal_msa,9,results/full181_supplement/raw/formal_msa/seed9/run_state.json,passed,complete,,results/full181_supplement/raw/formal_msa/seed9/boltz_results_full_blind_msa/predictions/full_blind_msa/full_blind_msa_model_0.pdb,results/full181_supplement/raw/formal_msa/seed9/boltz_results_full_blind_msa/predictions/full_blind_msa/confidence_full_blind_msa_model_0.json,results/full181_supplement/raw/formal_msa/seed9/boltz_results_full_blind_msa/predictions/full_blind_msa/pae_full_blind_msa_model_0.npz,110.46987672988325,2026-09-21T11:49:27.544836+00:00,2026-09-21T11:51:18.016585+00:00,0,1,12851,11
Full181,formal_msa,10,results/full181_supplement/raw/formal_msa/seed10/run_state.json,passed,complete,,results/full181_supplement/raw/formal_msa/seed10/boltz_results_full_blind_msa/predictions/full_blind_msa/full_blind_msa_model_0.pdb,results/full181_supplement/raw/formal_msa/seed10/boltz_results_full_blind_msa/predictions/full_blind_msa/confidence_full_blind_msa_model_0.json,results/full181_supplement/raw/formal_msa/seed10/boltz_results_full_blind_msa/predictions/full_blind_msa/pae_full_blind_msa_model_0.npz,100.44891923712566,2026-09-21T11:51:18.057232+00:00,2026-09-21T11:52:58.507819+00:00,0,1,12851,10
Full181,formal_msa,11,results/full181_supplement/raw/formal_msa/seed11/run_state.json,passed,complete,,results/full181_supplement/raw/formal_msa/seed11/boltz_results_full_blind_msa/predictions/full_blind_msa/full_blind_msa_model_0.pdb,results/full181_supplement/raw/formal_msa/seed11/boltz_results_full_blind_msa/predictions/full_blind_msa/confidence_full_blind_msa_model_0.json,results/full181_supplement/raw/formal_msa/seed11/boltz_results_full_blind_msa/predictions/full_blind_msa/pae_full_blind_msa_model_0.npz,100.44799710111693,2026-09-21T11:52:58.546041+00:00,2026-09-21T11:54:38.995817+00:00,0,1,12851,10
Full181,formal_msa,12,results/full181_supplement/raw/formal_msa/seed12/run_state.json,passed,complete,,results/full181_supplement/raw/formal_msa/seed12/boltz_results_full_blind_msa/predictions/full_blind_msa/full_blind_msa_model_0.pdb,results/full181_supplement/raw/formal_msa/seed12/boltz_results_full_blind_msa/predictions/full_blind_msa/confidence_full_blind_msa_model_0.json,results/full181_supplement/raw/formal_msa/seed12/boltz_results_full_blind_msa/predictions/full_blind_msa/pae_full_blind_msa_model_0.npz,110.49139586417004,2026-09-21T11:54:39.031526+00:00,2026-09-21T11:56:29.524165+00:00,0,1,12853,11
Full181,formal_msa,13,results/full181_supplement/raw/formal_msa/seed13/run_state.json,passed,complete,,results/full181_supplement/raw/formal_msa/seed13/boltz_results_full_blind_msa/predictions/full_blind_msa/full_blind_msa_model_0.pdb,results/full181_supplement/raw/formal_msa/seed13/boltz_results_full_blind_msa/predictions/full_blind_msa/confidence_full_blind_msa_model_0.json,results/full181_supplement/raw/formal_msa/seed13/boltz_results_full_blind_msa/predictions/full_blind_msa/pae_full_blind_msa_model_0.npz,110.50016225362197,2026-09-21T11:56:29.567349+00:00,2026-09-21T11:58:20.069231+00:00,0,1,12859,11
Full181,formal_msa,14,results/full181_supplement/raw/formal_msa/seed14/run_state.json,passed,complete,,results/full181_supplement/raw/formal_msa/seed14/boltz_results_full_blind_msa/predictions/full_blind_msa/full_blind_msa_model_0.pdb,results/full181_supplement/raw/formal_msa/seed14/boltz_results_full_blind_msa/predictions/full_blind_msa/confidence_full_blind_msa_model_0.json,results/full181_supplement/raw/formal_msa/seed14/boltz_results_full_blind_msa/predictions/full_blind_msa/pae_full_blind_msa_model_0.npz,100.46125630568713,2026-09-21T11:58:20.112840+00:00,2026-09-21T12:00:00.575720+00:00,0,1,12853,10
Full181,formal_msa,15,results/full181_supplement/raw/formal_msa/seed15/run_state.json,passed,complete,,results/full181_supplement/raw/formal_msa/seed15/boltz_results_full_blind_msa/predictions/full_blind_msa/full_blind_msa_model_0.pdb,results/full181_supplement/raw/formal_msa/seed15/boltz_results_full_blind_msa/predictions/full_blind_msa/confidence_full_blind_msa_model_0.json,results/full181_supplement/raw/formal_msa/seed15/boltz_results_full_blind_msa/predictions/full_blind_msa/pae_full_blind_msa_model_0.npz,100.45939293410629,2026-09-21T12:00:00.625513+00:00,2026-09-21T12:01:41.086515+00:00,0,1,12853,10
