construct,condition,seed,source_path,status,failure_reason,antibody_chain,region,paratope_residues_4p5,participates_4p5,local_residues
Full181,empty,1,results/full181_supplement/raw/empty/seed1/boltz_results_full_blind/predictions/full_blind/full_blind_model_0.pdb,complete,,H,FR1,0,0,
Full181,empty,1,results/full181_supplement/raw/empty/seed1/boltz_results_full_blind/predictions/full_blind/full_blind_model_0.pdb,complete,,H,CDR1,4,1,30;31;32;33
Full181,empty,1,results/full181_supplement/raw/empty/seed1/boltz_results_full_blind/predictions/full_blind/full_blind_model_0.pdb,complete,,H,FR2,1,1,35
Full181,empty,1,results/full181_supplement/raw/empty/seed1/boltz_results_full_blind/predictions/full_blind/full_blind_model_0.pdb,complete,,H,CDR2,3,1,50;53;54
Full181,empty,1,results/full181_supplement/raw/empty/seed1/boltz_results_full_blind/predictions/full_blind/full_blind_model_0.pdb,complete,,H,FR3,1,1,58
Full181,empty,1,results/full181_supplement/raw/empty/seed1/boltz_results_full_blind/predictions/full_blind/full_blind_model_0.pdb,complete,,H,CDR3,5,1,98;100;101;102;104
Full181,empty,1,results/full181_supplement/raw/empty/seed1/boltz_results_full_blind/predictions/full_blind/full_blind_model_0.pdb,complete,,H,FR4,0,0,
Full181,empty,1,results/full181_supplement/raw/empty/seed1/boltz_results_full_blind/predictions/full_blind/full_blind_model_0.pdb,complete,,L,FR1,0,0,
Full181,empty,1,results/full181_supplement/raw/empty/seed1/boltz_results_full_blind/predictions/full_blind/full_blind_model_0.pdb,complete,,L,CDR1,6,1,27;28;29;30;31;32
Full181,empty,1,results/full181_supplement/raw/empty/seed1/boltz_results_full_blind/predictions/full_blind/full_blind_model_0.pdb,complete,,L,FR2,0,0,
Full181,empty,1,results/full181_supplement/raw/empty/seed1/boltz_results_full_blind/predictions/full_blind/full_blind_model_0.pdb,complete,,L,CDR2,1,1,50
Full181,empty,1,results/full181_supplement/raw/empty/seed1/boltz_results_full_blind/predictions/full_blind/full_blind_model_0.pdb,complete,,L,FR3,3,1,53;67;69
Full181,empty,1,results/full181_supplement/raw/empty/seed1/boltz_results_full_blind/predictions/full_blind/full_blind_model_0.pdb,complete,,L,CDR3,5,1,90;91;92;93;95
Full181,empty,1,results/full181_supplement/raw/empty/seed1/boltz_results_full_blind/predictions/full_blind/full_blind_model_0.pdb,complete,,L,FR4,0,0,
Full181,empty,2,results/full181_supplement/raw/empty/seed2/boltz_results_full_blind/predictions/full_blind/full_blind_model_0.pdb,complete,,H,FR1,0,0,
Full181,empty,2,results/full181_supplement/raw/empty/seed2/boltz_results_full_blind/predictions/full_blind/full_blind_model_0.pdb,complete,,H,CDR1,4,1,30;31;32;33
Full181,empty,2,results/full181_supplement/raw/empty/seed2/boltz_results_full_blind/predictions/full_blind/full_blind_model_0.pdb,complete,,H,FR2,2,1,34;35
Full181,empty,2,results/full181_supplement/raw/empty/seed2/boltz_results_full_blind/predictions/full_blind/full_blind_model_0.pdb,complete,,H,CDR2,6,1,50;51;52;53;54;56
Full181,empty,2,results/full181_supplement/raw/empty/seed2/boltz_results_full_blind/predictions/full_blind/full_blind_model_0.pdb,complete,,H,FR3,0,0,
Full181,empty,2,results/full181_supplement/raw/empty/seed2/boltz_results_full_blind/predictions/full_blind/full_blind_model_0.pdb,complete,,H,CDR3,5,1,98;100;101;102;104
Full181,empty,2,results/full181_supplement/raw/empty/seed2/boltz_results_full_blind/predictions/full_blind/full_blind_model_0.pdb,complete,,H,FR4,0,0,
Full181,empty,2,results/full181_supplement/raw/empty/seed2/boltz_results_full_blind/predictions/full_blind/full_blind_model_0.pdb,complete,,L,FR1,0,0,
Full181,empty,2,results/full181_supplement/raw/empty/seed2/boltz_results_full_blind/predictions/full_blind/full_blind_model_0.pdb,complete,,L,CDR1,5,1,28;29;30;31;32
Full181,empty,2,results/full181_supplement/raw/empty/seed2/boltz_results_full_blind/predictions/full_blind/full_blind_model_0.pdb,complete,,L,FR2,0,0,
Full181,empty,2,results/full181_supplement/raw/empty/seed2/boltz_results_full_blind/predictions/full_blind/full_blind_model_0.pdb,complete,,L,CDR2,1,1,50
Full181,empty,2,results/full181_supplement/raw/empty/seed2/boltz_results_full_blind/predictions/full_blind/full_blind_model_0.pdb,complete,,L,FR3,1,1,53
Full181,empty,2,results/full181_supplement/raw/empty/seed2/boltz_results_full_blind/predictions/full_blind/full_blind_model_0.pdb,complete,,L,CDR3,5,1,90;91;92;93;95
Full181,empty,2,results/full181_supplement/raw/empty/seed2/boltz_results_full_blind/predictions/full_blind/full_blind_model_0.pdb,complete,,L,FR4,0,0,
Full181,empty,3,results/full181_supplement/raw/empty/seed3/boltz_results_full_blind/predictions/full_blind/full_blind_model_0.pdb,complete,,H,FR1,0,0,
Full181,empty,3,results/full181_supplement/raw/empty/seed3/boltz_results_full_blind/predictions/full_blind/full_blind_model_0.pdb,complete,,H,CDR1,4,1,30;31;32;33
Full181,empty,3,results/full181_supplement/raw/empty/seed3/boltz_results_full_blind/predictions/full_blind/full_blind_model_0.pdb,complete,,H,FR2,1,1,35
Full181,empty,3,results/full181_supplement/raw/empty/seed3/boltz_results_full_blind/predictions/full_blind/full_blind_model_0.pdb,complete,,H,CDR2,5,1,50;52;53;54;56
Full181,empty,3,results/full181_supplement/raw/empty/seed3/boltz_results_full_blind/predictions/full_blind/full_blind_model_0.pdb,complete,,H,FR3,1,1,58
Full181,empty,3,results/full181_supplement/raw/empty/seed3/boltz_results_full_blind/predictions/full_blind/full_blind_model_0.pdb,complete,,H,CDR3,5,1,98;100;101;102;104
Full181,empty,3,results/full181_supplement/raw/empty/seed3/boltz_results_full_blind/predictions/full_blind/full_blind_model_0.pdb,complete,,H,FR4,0,0,
Full181,empty,3,results/full181_supplement/raw/empty/seed3/boltz_results_full_blind/predictions/full_blind/full_blind_model_0.pdb,complete,,L,FR1,0,0,
Full181,empty,3,results/full181_supplement/raw/empty/seed3/boltz_results_full_blind/predictions/full_blind/full_blind_model_0.pdb,complete,,L,CDR1,4,1,28;29;30;31
Full181,empty,3,results/full181_supplement/raw/empty/seed3/boltz_results_full_blind/predictions/full_blind/full_blind_model_0.pdb,complete,,L,FR2,0,0,
Full181,empty,3,results/full181_supplement/raw/empty/seed3/boltz_results_full_blind/predictions/full_blind/full_blind_model_0.pdb,complete,,L,CDR2,1,1,50
Full181,empty,3,results/full181_supplement/raw/empty/seed3/boltz_results_full_blind/predictions/full_blind/full_blind_model_0.pdb,complete,,L,FR3,0,0,
Full181,empty,3,results/full181_supplement/raw/empty/seed3/boltz_results_full_blind/predictions/full_blind/full_blind_model_0.pdb,complete,,L,CDR3,5,1,90;91;92;93;95
Full181,empty,3,results/full181_supplement/raw/empty/seed3/boltz_results_full_blind/predictions/full_blind/full_blind_model_0.pdb,complete,,L,FR4,0,0,
Full181,empty,4,results/full181_supplement/raw/empty/seed4/boltz_results_full_blind/predictions/full_blind/full_blind_model_0.pdb,complete,,H,FR1,0,0,
Full181,empty,4,results/full181_supplement/raw/empty/seed4/boltz_results_full_blind/predictions/full_blind/full_blind_model_0.pdb,complete,,H,CDR1,2,1,32;33
Full181,empty,4,results/full181_supplement/raw/empty/seed4/boltz_results_full_blind/predictions/full_blind/full_blind_model_0.pdb,complete,,H,FR2,1,1,35
Full181,empty,4,results/full181_supplement/raw/empty/seed4/boltz_results_full_blind/predictions/full_blind/full_blind_model_0.pdb,complete,,H,CDR2,4,1,50;53;54;56
Full181,empty,4,results/full181_supplement/raw/empty/seed4/boltz_results_full_blind/predictions/full_blind/full_blind_model_0.pdb,complete,,H,FR3,1,1,58
Full181,empty,4,results/full181_supplement/raw/empty/seed4/boltz_results_full_blind/predictions/full_blind/full_blind_model_0.pdb,complete,,H,CDR3,5,1,98;100;101;102;104
Full181,empty,4,results/full181_supplement/raw/empty/seed4/boltz_results_full_blind/predictions/full_blind/full_blind_model_0.pdb,complete,,H,FR4,0,0,
Full181,empty,4,results/full181_supplement/raw/empty/seed4/boltz_results_full_blind/predictions/full_blind/full_blind_model_0.pdb,complete,,L,FR1,0,0,
Full181,empty,4,results/full181_supplement/raw/empty/seed4/boltz_results_full_blind/predictions/full_blind/full_blind_model_0.pdb,complete,,L,CDR1,5,1,27;28;29;30;31
Full181,empty,4,results/full181_supplement/raw/empty/seed4/boltz_results_full_blind/predictions/full_blind/full_blind_model_0.pdb,complete,,L,FR2,0,0,
Full181,empty,4,results/full181_supplement/raw/empty/seed4/boltz_results_full_blind/predictions/full_blind/full_blind_model_0.pdb,complete,,L,CDR2,1,1,50
Full181,empty,4,results/full181_supplement/raw/empty/seed4/boltz_results_full_blind/predictions/full_blind/full_blind_model_0.pdb,complete,,L,FR3,1,1,53
Full181,empty,4,results/full181_supplement/raw/empty/seed4/boltz_results_full_blind/predictions/full_blind/full_blind_model_0.pdb,complete,,L,CDR3,6,1,90;91;92;93;94;95
Full181,empty,4,results/full181_supplement/raw/empty/seed4/boltz_results_full_blind/predictions/full_blind/full_blind_model_0.pdb,complete,,L,FR4,0,0,
Full181,empty,5,results/full181_supplement/raw/empty/seed5/boltz_results_full_blind/predictions/full_blind/full_blind_model_0.pdb,complete,,H,FR1,0,0,
Full181,empty,5,results/full181_supplement/raw/empty/seed5/boltz_results_full_blind/predictions/full_blind/full_blind_model_0.pdb,complete,,H,CDR1,4,1,30;31;32;33
Full181,empty,5,results/full181_supplement/raw/empty/seed5/boltz_results_full_blind/predictions/full_blind/full_blind_model_0.pdb,complete,,H,FR2,1,1,35
Full181,empty,5,results/full181_supplement/raw/empty/seed5/boltz_results_full_blind/predictions/full_blind/full_blind_model_0.pdb,complete,,H,CDR2,4,1,50;53;54;56
Full181,empty,5,results/full181_supplement/raw/empty/seed5/boltz_results_full_blind/predictions/full_blind/full_blind_model_0.pdb,complete,,H,FR3,1,1,58
Full181,empty,5,results/full181_supplement/raw/empty/seed5/boltz_results_full_blind/predictions/full_blind/full_blind_model_0.pdb,complete,,H,CDR3,7,1,98;99;100;101;102;103;104
Full181,empty,5,results/full181_supplement/raw/empty/seed5/boltz_results_full_blind/predictions/full_blind/full_blind_model_0.pdb,complete,,H,FR4,0,0,
Full181,empty,5,results/full181_supplement/raw/empty/seed5/boltz_results_full_blind/predictions/full_blind/full_blind_model_0.pdb,complete,,L,FR1,0,0,
Full181,empty,5,results/full181_supplement/raw/empty/seed5/boltz_results_full_blind/predictions/full_blind/full_blind_model_0.pdb,complete,,L,CDR1,5,1,28;29;30;31;32
Full181,empty,5,results/full181_supplement/raw/empty/seed5/boltz_results_full_blind/predictions/full_blind/full_blind_model_0.pdb,complete,,L,FR2,0,0,
Full181,empty,5,results/full181_supplement/raw/empty/seed5/boltz_results_full_blind/predictions/full_blind/full_blind_model_0.pdb,complete,,L,CDR2,1,1,50
Full181,empty,5,results/full181_supplement/raw/empty/seed5/boltz_results_full_blind/predictions/full_blind/full_blind_model_0.pdb,complete,,L,FR3,2,1,53;68
Full181,empty,5,results/full181_supplement/raw/empty/seed5/boltz_results_full_blind/predictions/full_blind/full_blind_model_0.pdb,complete,,L,CDR3,5,1,90;91;92;93;95
Full181,empty,5,results/full181_supplement/raw/empty/seed5/boltz_results_full_blind/predictions/full_blind/full_blind_model_0.pdb,complete,,L,FR4,0,0,
Full181,empty,6,results/full181_supplement/raw/empty/seed6/boltz_results_full_blind/predictions/full_blind/full_blind_model_0.pdb,complete,,H,FR1,0,0,
Full181,empty,6,results/full181_supplement/raw/empty/seed6/boltz_results_full_blind/predictions/full_blind/full_blind_model_0.pdb,complete,,H,CDR1,3,1,31;32;33
Full181,empty,6,results/full181_supplement/raw/empty/seed6/boltz_results_full_blind/predictions/full_blind/full_blind_model_0.pdb,complete,,H,FR2,2,1,35;47
Full181,empty,6,results/full181_supplement/raw/empty/seed6/boltz_results_full_blind/predictions/full_blind/full_blind_model_0.pdb,complete,,H,CDR2,4,1,50;52;53;54
Full181,empty,6,results/full181_supplement/raw/empty/seed6/boltz_results_full_blind/predictions/full_blind/full_blind_model_0.pdb,complete,,H,FR3,1,1,58
Full181,empty,6,results/full181_supplement/raw/empty/seed6/boltz_results_full_blind/predictions/full_blind/full_blind_model_0.pdb,complete,,H,CDR3,5,1,98;100;101;102;104
Full181,empty,6,results/full181_supplement/raw/empty/seed6/boltz_results_full_blind/predictions/full_blind/full_blind_model_0.pdb,complete,,H,FR4,0,0,
Full181,empty,6,results/full181_supplement/raw/empty/seed6/boltz_results_full_blind/predictions/full_blind/full_blind_model_0.pdb,complete,,L,FR1,1,1,2
Full181,empty,6,results/full181_supplement/raw/empty/seed6/boltz_results_full_blind/predictions/full_blind/full_blind_model_0.pdb,complete,,L,CDR1,3,1,28;29;30
Full181,empty,6,results/full181_supplement/raw/empty/seed6/boltz_results_full_blind/predictions/full_blind/full_blind_model_0.pdb,complete,,L,FR2,0,0,
Full181,empty,6,results/full181_supplement/raw/empty/seed6/boltz_results_full_blind/predictions/full_blind/full_blind_model_0.pdb,complete,,L,CDR2,1,1,50
Full181,empty,6,results/full181_supplement/raw/empty/seed6/boltz_results_full_blind/predictions/full_blind/full_blind_model_0.pdb,complete,,L,FR3,0,0,
Full181,empty,6,results/full181_supplement/raw/empty/seed6/boltz_results_full_blind/predictions/full_blind/full_blind_model_0.pdb,complete,,L,CDR3,5,1,90;91;92;93;95
Full181,empty,6,results/full181_supplement/raw/empty/seed6/boltz_results_full_blind/predictions/full_blind/full_blind_model_0.pdb,complete,,L,FR4,0,0,
Full181,empty,7,results/full181_supplement/raw/empty/seed7/boltz_results_full_blind/predictions/full_blind/full_blind_model_0.pdb,complete,,H,FR1,0,0,
Full181,empty,7,results/full181_supplement/raw/empty/seed7/boltz_results_full_blind/predictions/full_blind/full_blind_model_0.pdb,complete,,H,CDR1,3,1,31;32;33
Full181,empty,7,results/full181_supplement/raw/empty/seed7/boltz_results_full_blind/predictions/full_blind/full_blind_model_0.pdb,complete,,H,FR2,1,1,35
Full181,empty,7,results/full181_supplement/raw/empty/seed7/boltz_results_full_blind/predictions/full_blind/full_blind_model_0.pdb,complete,,H,CDR2,3,1,53;54;56
Full181,empty,7,results/full181_supplement/raw/empty/seed7/boltz_results_full_blind/predictions/full_blind/full_blind_model_0.pdb,complete,,H,FR3,1,1,58
Full181,empty,7,results/full181_supplement/raw/empty/seed7/boltz_results_full_blind/predictions/full_blind/full_blind_model_0.pdb,complete,,H,CDR3,6,1,98;99;100;101;102;104
Full181,empty,7,results/full181_supplement/raw/empty/seed7/boltz_results_full_blind/predictions/full_blind/full_blind_model_0.pdb,complete,,H,FR4,0,0,
Full181,empty,7,results/full181_supplement/raw/empty/seed7/boltz_results_full_blind/predictions/full_blind/full_blind_model_0.pdb,complete,,L,FR1,0,0,
Full181,empty,7,results/full181_supplement/raw/empty/seed7/boltz_results_full_blind/predictions/full_blind/full_blind_model_0.pdb,complete,,L,CDR1,5,1,28;29;30;31;32
Full181,empty,7,results/full181_supplement/raw/empty/seed7/boltz_results_full_blind/predictions/full_blind/full_blind_model_0.pdb,complete,,L,FR2,0,0,
Full181,empty,7,results/full181_supplement/raw/empty/seed7/boltz_results_full_blind/predictions/full_blind/full_blind_model_0.pdb,complete,,L,CDR2,3,1,50;51;52
Full181,empty,7,results/full181_supplement/raw/empty/seed7/boltz_results_full_blind/predictions/full_blind/full_blind_model_0.pdb,complete,,L,FR3,5,1,53;65;66;67;68
Full181,empty,7,results/full181_supplement/raw/empty/seed7/boltz_results_full_blind/predictions/full_blind/full_blind_model_0.pdb,complete,,L,CDR3,4,1,91;92;93;95
Full181,empty,7,results/full181_supplement/raw/empty/seed7/boltz_results_full_blind/predictions/full_blind/full_blind_model_0.pdb,complete,,L,FR4,0,0,
Full181,empty,8,results/full181_supplement/raw/empty/seed8/boltz_results_full_blind/predictions/full_blind/full_blind_model_0.pdb,complete,,H,FR1,0,0,
Full181,empty,8,results/full181_supplement/raw/empty/seed8/boltz_results_full_blind/predictions/full_blind/full_blind_model_0.pdb,complete,,H,CDR1,4,1,30;31;32;33
Full181,empty,8,results/full181_supplement/raw/empty/seed8/boltz_results_full_blind/predictions/full_blind/full_blind_model_0.pdb,complete,,H,FR2,0,0,
Full181,empty,8,results/full181_supplement/raw/empty/seed8/boltz_results_full_blind/predictions/full_blind/full_blind_model_0.pdb,complete,,H,CDR2,4,1,52;53;54;56
Full181,empty,8,results/full181_supplement/raw/empty/seed8/boltz_results_full_blind/predictions/full_blind/full_blind_model_0.pdb,complete,,H,FR3,1,1,58
Full181,empty,8,results/full181_supplement/raw/empty/seed8/boltz_results_full_blind/predictions/full_blind/full_blind_model_0.pdb,complete,,H,CDR3,5,1,100;101;102;103;104
Full181,empty,8,results/full181_supplement/raw/empty/seed8/boltz_results_full_blind/predictions/full_blind/full_blind_model_0.pdb,complete,,H,FR4,0,0,
Full181,empty,8,results/full181_supplement/raw/empty/seed8/boltz_results_full_blind/predictions/full_blind/full_blind_model_0.pdb,complete,,L,FR1,0,0,
Full181,empty,8,results/full181_supplement/raw/empty/seed8/boltz_results_full_blind/predictions/full_blind/full_blind_model_0.pdb,complete,,L,CDR1,5,1,28;29;30;31;32
Full181,empty,8,results/full181_supplement/raw/empty/seed8/boltz_results_full_blind/predictions/full_blind/full_blind_model_0.pdb,complete,,L,FR2,1,1,49
Full181,empty,8,results/full181_supplement/raw/empty/seed8/boltz_results_full_blind/predictions/full_blind/full_blind_model_0.pdb,complete,,L,CDR2,1,1,50
Full181,empty,8,results/full181_supplement/raw/empty/seed8/boltz_results_full_blind/predictions/full_blind/full_blind_model_0.pdb,complete,,L,FR3,3,1,53;67;68
Full181,empty,8,results/full181_supplement/raw/empty/seed8/boltz_results_full_blind/predictions/full_blind/full_blind_model_0.pdb,complete,,L,CDR3,5,1,90;91;92;93;95
Full181,empty,8,results/full181_supplement/raw/empty/seed8/boltz_results_full_blind/predictions/full_blind/full_blind_model_0.pdb,complete,,L,FR4,0,0,
Full181,empty,9,results/full181_supplement/raw/empty/seed9/boltz_results_full_blind/predictions/full_blind/full_blind_model_0.pdb,complete,,H,FR1,0,0,
Full181,empty,9,results/full181_supplement/raw/empty/seed9/boltz_results_full_blind/predictions/full_blind/full_blind_model_0.pdb,complete,,H,CDR1,3,1,31;32;33
Full181,empty,9,results/full181_supplement/raw/empty/seed9/boltz_results_full_blind/predictions/full_blind/full_blind_model_0.pdb,complete,,H,FR2,1,1,35
Full181,empty,9,results/full181_supplement/raw/empty/seed9/boltz_results_full_blind/predictions/full_blind/full_blind_model_0.pdb,complete,,H,CDR2,3,1,50;53;54
Full181,empty,9,results/full181_supplement/raw/empty/seed9/boltz_results_full_blind/predictions/full_blind/full_blind_model_0.pdb,complete,,H,FR3,1,1,58
Full181,empty,9,results/full181_supplement/raw/empty/seed9/boltz_results_full_blind/predictions/full_blind/full_blind_model_0.pdb,complete,,H,CDR3,6,1,98;99;100;101;102;104
Full181,empty,9,results/full181_supplement/raw/empty/seed9/boltz_results_full_blind/predictions/full_blind/full_blind_model_0.pdb,complete,,H,FR4,0,0,
Full181,empty,9,results/full181_supplement/raw/empty/seed9/boltz_results_full_blind/predictions/full_blind/full_blind_model_0.pdb,complete,,L,FR1,1,1,2
Full181,empty,9,results/full181_supplement/raw/empty/seed9/boltz_results_full_blind/predictions/full_blind/full_blind_model_0.pdb,complete,,L,CDR1,5,1,28;29;30;31;32
Full181,empty,9,results/full181_supplement/raw/empty/seed9/boltz_results_full_blind/predictions/full_blind/full_blind_model_0.pdb,complete,,L,FR2,0,0,
Full181,empty,9,results/full181_supplement/raw/empty/seed9/boltz_results_full_blind/predictions/full_blind/full_blind_model_0.pdb,complete,,L,CDR2,1,1,50
Full181,empty,9,results/full181_supplement/raw/empty/seed9/boltz_results_full_blind/predictions/full_blind/full_blind_model_0.pdb,complete,,L,FR3,1,1,53
Full181,empty,9,results/full181_supplement/raw/empty/seed9/boltz_results_full_blind/predictions/full_blind/full_blind_model_0.pdb,complete,,L,CDR3,5,1,90;91;92;93;95
Full181,empty,9,results/full181_supplement/raw/empty/seed9/boltz_results_full_blind/predictions/full_blind/full_blind_model_0.pdb,complete,,L,FR4,0,0,
Full181,empty,10,results/full181_supplement/raw/empty/seed10/boltz_results_full_blind/predictions/full_blind/full_blind_model_0.pdb,complete,,H,FR1,0,0,
Full181,empty,10,results/full181_supplement/raw/empty/seed10/boltz_results_full_blind/predictions/full_blind/full_blind_model_0.pdb,complete,,H,CDR1,5,1,28;30;31;32;33
Full181,empty,10,results/full181_supplement/raw/empty/seed10/boltz_results_full_blind/predictions/full_blind/full_blind_model_0.pdb,complete,,H,FR2,1,1,35
Full181,empty,10,results/full181_supplement/raw/empty/seed10/boltz_results_full_blind/predictions/full_blind/full_blind_model_0.pdb,complete,,H,CDR2,3,1,50;53;54
Full181,empty,10,results/full181_supplement/raw/empty/seed10/boltz_results_full_blind/predictions/full_blind/full_blind_model_0.pdb,complete,,H,FR3,1,1,58
Full181,empty,10,results/full181_supplement/raw/empty/seed10/boltz_results_full_blind/predictions/full_blind/full_blind_model_0.pdb,complete,,H,CDR3,6,1,98;100;101;102;103;104
Full181,empty,10,results/full181_supplement/raw/empty/seed10/boltz_results_full_blind/predictions/full_blind/full_blind_model_0.pdb,complete,,H,FR4,0,0,
Full181,empty,10,results/full181_supplement/raw/empty/seed10/boltz_results_full_blind/predictions/full_blind/full_blind_model_0.pdb,complete,,L,FR1,0,0,
Full181,empty,10,results/full181_supplement/raw/empty/seed10/boltz_results_full_blind/predictions/full_blind/full_blind_model_0.pdb,complete,,L,CDR1,4,1,29;30;31;32
Full181,empty,10,results/full181_supplement/raw/empty/seed10/boltz_results_full_blind/predictions/full_blind/full_blind_model_0.pdb,complete,,L,FR2,0,0,
Full181,empty,10,results/full181_supplement/raw/empty/seed10/boltz_results_full_blind/predictions/full_blind/full_blind_model_0.pdb,complete,,L,CDR2,1,1,50
Full181,empty,10,results/full181_supplement/raw/empty/seed10/boltz_results_full_blind/predictions/full_blind/full_blind_model_0.pdb,complete,,L,FR3,2,1,53;67
Full181,empty,10,results/full181_supplement/raw/empty/seed10/boltz_results_full_blind/predictions/full_blind/full_blind_model_0.pdb,complete,,L,CDR3,5,1,90;91;92;93;95
Full181,empty,10,results/full181_supplement/raw/empty/seed10/boltz_results_full_blind/predictions/full_blind/full_blind_model_0.pdb,complete,,L,FR4,0,0,
Full181,empty,11,results/full181_supplement/raw/empty/seed11/boltz_results_full_blind/predictions/full_blind/full_blind_model_0.pdb,complete,,H,FR1,0,0,
Full181,empty,11,results/full181_supplement/raw/empty/seed11/boltz_results_full_blind/predictions/full_blind/full_blind_model_0.pdb,complete,,H,CDR1,4,1,30;31;32;33
Full181,empty,11,results/full181_supplement/raw/empty/seed11/boltz_results_full_blind/predictions/full_blind/full_blind_model_0.pdb,complete,,H,FR2,2,1,35;47
Full181,empty,11,results/full181_supplement/raw/empty/seed11/boltz_results_full_blind/predictions/full_blind/full_blind_model_0.pdb,complete,,H,CDR2,5,1,50;52;53;54;56
Full181,empty,11,results/full181_supplement/raw/empty/seed11/boltz_results_full_blind/predictions/full_blind/full_blind_model_0.pdb,complete,,H,FR3,2,1,58;59
Full181,empty,11,results/full181_supplement/raw/empty/seed11/boltz_results_full_blind/predictions/full_blind/full_blind_model_0.pdb,complete,,H,CDR3,6,1,98;100;101;102;103;104
Full181,empty,11,results/full181_supplement/raw/empty/seed11/boltz_results_full_blind/predictions/full_blind/full_blind_model_0.pdb,complete,,H,FR4,0,0,
Full181,empty,11,results/full181_supplement/raw/empty/seed11/boltz_results_full_blind/predictions/full_blind/full_blind_model_0.pdb,complete,,L,FR1,0,0,
Full181,empty,11,results/full181_supplement/raw/empty/seed11/boltz_results_full_blind/predictions/full_blind/full_blind_model_0.pdb,complete,,L,CDR1,6,1,27;28;29;30;31;32
Full181,empty,11,results/full181_supplement/raw/empty/seed11/boltz_results_full_blind/predictions/full_blind/full_blind_model_0.pdb,complete,,L,FR2,0,0,
Full181,empty,11,results/full181_supplement/raw/empty/seed11/boltz_results_full_blind/predictions/full_blind/full_blind_model_0.pdb,complete,,L,CDR2,1,1,50
Full181,empty,11,results/full181_supplement/raw/empty/seed11/boltz_results_full_blind/predictions/full_blind/full_blind_model_0.pdb,complete,,L,FR3,1,1,53
Full181,empty,11,results/full181_supplement/raw/empty/seed11/boltz_results_full_blind/predictions/full_blind/full_blind_model_0.pdb,complete,,L,CDR3,5,1,90;91;92;93;95
Full181,empty,11,results/full181_supplement/raw/empty/seed11/boltz_results_full_blind/predictions/full_blind/full_blind_model_0.pdb,complete,,L,FR4,0,0,
Full181,empty,12,results/full181_supplement/raw/empty/seed12/boltz_results_full_blind/predictions/full_blind/full_blind_model_0.pdb,complete,,H,FR1,0,0,
Full181,empty,12,results/full181_supplement/raw/empty/seed12/boltz_results_full_blind/predictions/full_blind/full_blind_model_0.pdb,complete,,H,CDR1,4,1,30;31;32;33
Full181,empty,12,results/full181_supplement/raw/empty/seed12/boltz_results_full_blind/predictions/full_blind/full_blind_model_0.pdb,complete,,H,FR2,1,1,35
Full181,empty,12,results/full181_supplement/raw/empty/seed12/boltz_results_full_blind/predictions/full_blind/full_blind_model_0.pdb,complete,,H,CDR2,4,1,50;53;54;56
Full181,empty,12,results/full181_supplement/raw/empty/seed12/boltz_results_full_blind/predictions/full_blind/full_blind_model_0.pdb,complete,,H,FR3,0,0,
Full181,empty,12,results/full181_supplement/raw/empty/seed12/boltz_results_full_blind/predictions/full_blind/full_blind_model_0.pdb,complete,,H,CDR3,5,1,98;100;101;102;104
Full181,empty,12,results/full181_supplement/raw/empty/seed12/boltz_results_full_blind/predictions/full_blind/full_blind_model_0.pdb,complete,,H,FR4,0,0,
Full181,empty,12,results/full181_supplement/raw/empty/seed12/boltz_results_full_blind/predictions/full_blind/full_blind_model_0.pdb,complete,,L,FR1,0,0,
Full181,empty,12,results/full181_supplement/raw/empty/seed12/boltz_results_full_blind/predictions/full_blind/full_blind_model_0.pdb,complete,,L,CDR1,2,1,31;32
Full181,empty,12,results/full181_supplement/raw/empty/seed12/boltz_results_full_blind/predictions/full_blind/full_blind_model_0.pdb,complete,,L,FR2,1,1,49
Full181,empty,12,results/full181_supplement/raw/empty/seed12/boltz_results_full_blind/predictions/full_blind/full_blind_model_0.pdb,complete,,L,CDR2,1,1,50
Full181,empty,12,results/full181_supplement/raw/empty/seed12/boltz_results_full_blind/predictions/full_blind/full_blind_model_0.pdb,complete,,L,FR3,1,1,53
Full181,empty,12,results/full181_supplement/raw/empty/seed12/boltz_results_full_blind/predictions/full_blind/full_blind_model_0.pdb,complete,,L,CDR3,5,1,90;91;92;93;95
Full181,empty,12,results/full181_supplement/raw/empty/seed12/boltz_results_full_blind/predictions/full_blind/full_blind_model_0.pdb,complete,,L,FR4,0,0,
Full181,empty,13,results/full181_supplement/raw/empty/seed13/boltz_results_full_blind/predictions/full_blind/full_blind_model_0.pdb,complete,,H,FR1,0,0,
Full181,empty,13,results/full181_supplement/raw/empty/seed13/boltz_results_full_blind/predictions/full_blind/full_blind_model_0.pdb,complete,,H,CDR1,3,1,31;32;33
Full181,empty,13,results/full181_supplement/raw/empty/seed13/boltz_results_full_blind/predictions/full_blind/full_blind_model_0.pdb,complete,,H,FR2,1,1,35
Full181,empty,13,results/full181_supplement/raw/empty/seed13/boltz_results_full_blind/predictions/full_blind/full_blind_model_0.pdb,complete,,H,CDR2,4,1,50;53;54;56
Full181,empty,13,results/full181_supplement/raw/empty/seed13/boltz_results_full_blind/predictions/full_blind/full_blind_model_0.pdb,complete,,H,FR3,1,1,58
Full181,empty,13,results/full181_supplement/raw/empty/seed13/boltz_results_full_blind/predictions/full_blind/full_blind_model_0.pdb,complete,,H,CDR3,6,1,98;99;100;101;102;104
Full181,empty,13,results/full181_supplement/raw/empty/seed13/boltz_results_full_blind/predictions/full_blind/full_blind_model_0.pdb,complete,,H,FR4,0,0,
Full181,empty,13,results/full181_supplement/raw/empty/seed13/boltz_results_full_blind/predictions/full_blind/full_blind_model_0.pdb,complete,,L,FR1,0,0,
Full181,empty,13,results/full181_supplement/raw/empty/seed13/boltz_results_full_blind/predictions/full_blind/full_blind_model_0.pdb,complete,,L,CDR1,4,1,27;28;29;31
Full181,empty,13,results/full181_supplement/raw/empty/seed13/boltz_results_full_blind/predictions/full_blind/full_blind_model_0.pdb,complete,,L,FR2,1,1,49
Full181,empty,13,results/full181_supplement/raw/empty/seed13/boltz_results_full_blind/predictions/full_blind/full_blind_model_0.pdb,complete,,L,CDR2,1,1,50
Full181,empty,13,results/full181_supplement/raw/empty/seed13/boltz_results_full_blind/predictions/full_blind/full_blind_model_0.pdb,complete,,L,FR3,1,1,53
Full181,empty,13,results/full181_supplement/raw/empty/seed13/boltz_results_full_blind/predictions/full_blind/full_blind_model_0.pdb,complete,,L,CDR3,5,1,90;91;92;93;95
Full181,empty,13,results/full181_supplement/raw/empty/seed13/boltz_results_full_blind/predictions/full_blind/full_blind_model_0.pdb,complete,,L,FR4,0,0,
Full181,empty,14,results/full181_supplement/raw/empty/seed14/boltz_results_full_blind/predictions/full_blind/full_blind_model_0.pdb,complete,,H,FR1,0,0,
Full181,empty,14,results/full181_supplement/raw/empty/seed14/boltz_results_full_blind/predictions/full_blind/full_blind_model_0.pdb,complete,,H,CDR1,3,1,30;31;33
Full181,empty,14,results/full181_supplement/raw/empty/seed14/boltz_results_full_blind/predictions/full_blind/full_blind_model_0.pdb,complete,,H,FR2,1,1,35
Full181,empty,14,results/full181_supplement/raw/empty/seed14/boltz_results_full_blind/predictions/full_blind/full_blind_model_0.pdb,complete,,H,CDR2,5,1,50;51;53;54;56
Full181,empty,14,results/full181_supplement/raw/empty/seed14/boltz_results_full_blind/predictions/full_blind/full_blind_model_0.pdb,complete,,H,FR3,0,0,
Full181,empty,14,results/full181_supplement/raw/empty/seed14/boltz_results_full_blind/predictions/full_blind/full_blind_model_0.pdb,complete,,H,CDR3,5,1,98;100;101;102;104
Full181,empty,14,results/full181_supplement/raw/empty/seed14/boltz_results_full_blind/predictions/full_blind/full_blind_model_0.pdb,complete,,H,FR4,0,0,
Full181,empty,14,results/full181_supplement/raw/empty/seed14/boltz_results_full_blind/predictions/full_blind/full_blind_model_0.pdb,complete,,L,FR1,0,0,
Full181,empty,14,results/full181_supplement/raw/empty/seed14/boltz_results_full_blind/predictions/full_blind/full_blind_model_0.pdb,complete,,L,CDR1,5,1,28;29;30;31;32
Full181,empty,14,results/full181_supplement/raw/empty/seed14/boltz_results_full_blind/predictions/full_blind/full_blind_model_0.pdb,complete,,L,FR2,0,0,
Full181,empty,14,results/full181_supplement/raw/empty/seed14/boltz_results_full_blind/predictions/full_blind/full_blind_model_0.pdb,complete,,L,CDR2,1,1,50
Full181,empty,14,results/full181_supplement/raw/empty/seed14/boltz_results_full_blind/predictions/full_blind/full_blind_model_0.pdb,complete,,L,FR3,1,1,53
Full181,empty,14,results/full181_supplement/raw/empty/seed14/boltz_results_full_blind/predictions/full_blind/full_blind_model_0.pdb,complete,,L,CDR3,4,1,91;92;93;95
Full181,empty,14,results/full181_supplement/raw/empty/seed14/boltz_results_full_blind/predictions/full_blind/full_blind_model_0.pdb,complete,,L,FR4,0,0,
Full181,empty,15,results/full181_supplement/raw/empty/seed15/boltz_results_full_blind/predictions/full_blind/full_blind_model_0.pdb,complete,,H,FR1,0,0,
Full181,empty,15,results/full181_supplement/raw/empty/seed15/boltz_results_full_blind/predictions/full_blind/full_blind_model_0.pdb,complete,,H,CDR1,1,1,33
Full181,empty,15,results/full181_supplement/raw/empty/seed15/boltz_results_full_blind/predictions/full_blind/full_blind_model_0.pdb,complete,,H,FR2,1,1,35
Full181,empty,15,results/full181_supplement/raw/empty/seed15/boltz_results_full_blind/predictions/full_blind/full_blind_model_0.pdb,complete,,H,CDR2,5,1,50;53;54;55;56
Full181,empty,15,results/full181_supplement/raw/empty/seed15/boltz_results_full_blind/predictions/full_blind/full_blind_model_0.pdb,complete,,H,FR3,0,0,
Full181,empty,15,results/full181_supplement/raw/empty/seed15/boltz_results_full_blind/predictions/full_blind/full_blind_model_0.pdb,complete,,H,CDR3,7,1,98;99;100;101;102;103;104
Full181,empty,15,results/full181_supplement/raw/empty/seed15/boltz_results_full_blind/predictions/full_blind/full_blind_model_0.pdb,complete,,H,FR4,0,0,
Full181,empty,15,results/full181_supplement/raw/empty/seed15/boltz_results_full_blind/predictions/full_blind/full_blind_model_0.pdb,complete,,L,FR1,0,0,
Full181,empty,15,results/full181_supplement/raw/empty/seed15/boltz_results_full_blind/predictions/full_blind/full_blind_model_0.pdb,complete,,L,CDR1,4,1,29;30;31;32
Full181,empty,15,results/full181_supplement/raw/empty/seed15/boltz_results_full_blind/predictions/full_blind/full_blind_model_0.pdb,complete,,L,FR2,1,1,49
Full181,empty,15,results/full181_supplement/raw/empty/seed15/boltz_results_full_blind/predictions/full_blind/full_blind_model_0.pdb,complete,,L,CDR2,1,1,50
Full181,empty,15,results/full181_supplement/raw/empty/seed15/boltz_results_full_blind/predictions/full_blind/full_blind_model_0.pdb,complete,,L,FR3,1,1,53
Full181,empty,15,results/full181_supplement/raw/empty/seed15/boltz_results_full_blind/predictions/full_blind/full_blind_model_0.pdb,complete,,L,CDR3,5,1,90;91;92;93;95
Full181,empty,15,results/full181_supplement/raw/empty/seed15/boltz_results_full_blind/predictions/full_blind/full_blind_model_0.pdb,complete,,L,FR4,0,0,
Full181,formal_msa,1,results/full181_supplement/raw/formal_msa/seed1/boltz_results_full_blind_msa/predictions/full_blind_msa/full_blind_msa_model_0.pdb,complete,,H,FR1,0,0,
Full181,formal_msa,1,results/full181_supplement/raw/formal_msa/seed1/boltz_results_full_blind_msa/predictions/full_blind_msa/full_blind_msa_model_0.pdb,complete,,H,CDR1,5,1,29;30;31;32;33
Full181,formal_msa,1,results/full181_supplement/raw/formal_msa/seed1/boltz_results_full_blind_msa/predictions/full_blind_msa/full_blind_msa_model_0.pdb,complete,,H,FR2,1,1,35
Full181,formal_msa,1,results/full181_supplement/raw/formal_msa/seed1/boltz_results_full_blind_msa/predictions/full_blind_msa/full_blind_msa_model_0.pdb,complete,,H,CDR2,5,1,51;52;53;54;56
Full181,formal_msa,1,results/full181_supplement/raw/formal_msa/seed1/boltz_results_full_blind_msa/predictions/full_blind_msa/full_blind_msa_model_0.pdb,complete,,H,FR3,1,1,58
Full181,formal_msa,1,results/full181_supplement/raw/formal_msa/seed1/boltz_results_full_blind_msa/predictions/full_blind_msa/full_blind_msa_model_0.pdb,complete,,H,CDR3,6,1,98;99;100;101;102;104
Full181,formal_msa,1,results/full181_supplement/raw/formal_msa/seed1/boltz_results_full_blind_msa/predictions/full_blind_msa/full_blind_msa_model_0.pdb,complete,,H,FR4,0,0,
Full181,formal_msa,1,results/full181_supplement/raw/formal_msa/seed1/boltz_results_full_blind_msa/predictions/full_blind_msa/full_blind_msa_model_0.pdb,complete,,L,FR1,0,0,
Full181,formal_msa,1,results/full181_supplement/raw/formal_msa/seed1/boltz_results_full_blind_msa/predictions/full_blind_msa/full_blind_msa_model_0.pdb,complete,,L,CDR1,2,1,27;28
Full181,formal_msa,1,results/full181_supplement/raw/formal_msa/seed1/boltz_results_full_blind_msa/predictions/full_blind_msa/full_blind_msa_model_0.pdb,complete,,L,FR2,0,0,
Full181,formal_msa,1,results/full181_supplement/raw/formal_msa/seed1/boltz_results_full_blind_msa/predictions/full_blind_msa/full_blind_msa_model_0.pdb,complete,,L,CDR2,1,1,50
Full181,formal_msa,1,results/full181_supplement/raw/formal_msa/seed1/boltz_results_full_blind_msa/predictions/full_blind_msa/full_blind_msa_model_0.pdb,complete,,L,FR3,1,1,53
Full181,formal_msa,1,results/full181_supplement/raw/formal_msa/seed1/boltz_results_full_blind_msa/predictions/full_blind_msa/full_blind_msa_model_0.pdb,complete,,L,CDR3,5,1,90;91;92;93;95
Full181,formal_msa,1,results/full181_supplement/raw/formal_msa/seed1/boltz_results_full_blind_msa/predictions/full_blind_msa/full_blind_msa_model_0.pdb,complete,,L,FR4,0,0,
Full181,formal_msa,2,results/full181_supplement/raw/formal_msa/seed2/boltz_results_full_blind_msa/predictions/full_blind_msa/full_blind_msa_model_0.pdb,complete,,H,FR1,0,0,
Full181,formal_msa,2,results/full181_supplement/raw/formal_msa/seed2/boltz_results_full_blind_msa/predictions/full_blind_msa/full_blind_msa_model_0.pdb,complete,,H,CDR1,3,1,30;31;33
Full181,formal_msa,2,results/full181_supplement/raw/formal_msa/seed2/boltz_results_full_blind_msa/predictions/full_blind_msa/full_blind_msa_model_0.pdb,complete,,H,FR2,1,1,35
Full181,formal_msa,2,results/full181_supplement/raw/formal_msa/seed2/boltz_results_full_blind_msa/predictions/full_blind_msa/full_blind_msa_model_0.pdb,complete,,H,CDR2,2,1,50;53
Full181,formal_msa,2,results/full181_supplement/raw/formal_msa/seed2/boltz_results_full_blind_msa/predictions/full_blind_msa/full_blind_msa_model_0.pdb,complete,,H,FR3,2,1,58;59
Full181,formal_msa,2,results/full181_supplement/raw/formal_msa/seed2/boltz_results_full_blind_msa/predictions/full_blind_msa/full_blind_msa_model_0.pdb,complete,,H,CDR3,4,1,98;100;101;104
Full181,formal_msa,2,results/full181_supplement/raw/formal_msa/seed2/boltz_results_full_blind_msa/predictions/full_blind_msa/full_blind_msa_model_0.pdb,complete,,H,FR4,0,0,
Full181,formal_msa,2,results/full181_supplement/raw/formal_msa/seed2/boltz_results_full_blind_msa/predictions/full_blind_msa/full_blind_msa_model_0.pdb,complete,,L,FR1,0,0,
Full181,formal_msa,2,results/full181_supplement/raw/formal_msa/seed2/boltz_results_full_blind_msa/predictions/full_blind_msa/full_blind_msa_model_0.pdb,complete,,L,CDR1,0,0,
Full181,formal_msa,2,results/full181_supplement/raw/formal_msa/seed2/boltz_results_full_blind_msa/predictions/full_blind_msa/full_blind_msa_model_0.pdb,complete,,L,FR2,0,0,
Full181,formal_msa,2,results/full181_supplement/raw/formal_msa/seed2/boltz_results_full_blind_msa/predictions/full_blind_msa/full_blind_msa_model_0.pdb,complete,,L,CDR2,0,0,
Full181,formal_msa,2,results/full181_supplement/raw/formal_msa/seed2/boltz_results_full_blind_msa/predictions/full_blind_msa/full_blind_msa_model_0.pdb,complete,,L,FR3,0,0,
Full181,formal_msa,2,results/full181_supplement/raw/formal_msa/seed2/boltz_results_full_blind_msa/predictions/full_blind_msa/full_blind_msa_model_0.pdb,complete,,L,CDR3,5,1,90;91;92;93;95
Full181,formal_msa,2,results/full181_supplement/raw/formal_msa/seed2/boltz_results_full_blind_msa/predictions/full_blind_msa/full_blind_msa_model_0.pdb,complete,,L,FR4,0,0,
Full181,formal_msa,3,results/full181_supplement/raw/formal_msa/seed3/boltz_results_full_blind_msa/predictions/full_blind_msa/full_blind_msa_model_0.pdb,complete,,H,FR1,0,0,
Full181,formal_msa,3,results/full181_supplement/raw/formal_msa/seed3/boltz_results_full_blind_msa/predictions/full_blind_msa/full_blind_msa_model_0.pdb,complete,,H,CDR1,3,1,31;32;33
Full181,formal_msa,3,results/full181_supplement/raw/formal_msa/seed3/boltz_results_full_blind_msa/predictions/full_blind_msa/full_blind_msa_model_0.pdb,complete,,H,FR2,1,1,35
Full181,formal_msa,3,results/full181_supplement/raw/formal_msa/seed3/boltz_results_full_blind_msa/predictions/full_blind_msa/full_blind_msa_model_0.pdb,complete,,H,CDR2,4,1,50;52;53;57
Full181,formal_msa,3,results/full181_supplement/raw/formal_msa/seed3/boltz_results_full_blind_msa/predictions/full_blind_msa/full_blind_msa_model_0.pdb,complete,,H,FR3,1,1,58
Full181,formal_msa,3,results/full181_supplement/raw/formal_msa/seed3/boltz_results_full_blind_msa/predictions/full_blind_msa/full_blind_msa_model_0.pdb,complete,,H,CDR3,5,1,98;100;101;102;104
Full181,formal_msa,3,results/full181_supplement/raw/formal_msa/seed3/boltz_results_full_blind_msa/predictions/full_blind_msa/full_blind_msa_model_0.pdb,complete,,H,FR4,0,0,
Full181,formal_msa,3,results/full181_supplement/raw/formal_msa/seed3/boltz_results_full_blind_msa/predictions/full_blind_msa/full_blind_msa_model_0.pdb,complete,,L,FR1,0,0,
Full181,formal_msa,3,results/full181_supplement/raw/formal_msa/seed3/boltz_results_full_blind_msa/predictions/full_blind_msa/full_blind_msa_model_0.pdb,complete,,L,CDR1,1,1,31
Full181,formal_msa,3,results/full181_supplement/raw/formal_msa/seed3/boltz_results_full_blind_msa/predictions/full_blind_msa/full_blind_msa_model_0.pdb,complete,,L,FR2,0,0,
Full181,formal_msa,3,results/full181_supplement/raw/formal_msa/seed3/boltz_results_full_blind_msa/predictions/full_blind_msa/full_blind_msa_model_0.pdb,complete,,L,CDR2,1,1,50
Full181,formal_msa,3,results/full181_supplement/raw/formal_msa/seed3/boltz_results_full_blind_msa/predictions/full_blind_msa/full_blind_msa_model_0.pdb,complete,,L,FR3,1,1,53
Full181,formal_msa,3,results/full181_supplement/raw/formal_msa/seed3/boltz_results_full_blind_msa/predictions/full_blind_msa/full_blind_msa_model_0.pdb,complete,,L,CDR3,5,1,91;92;93;94;95
Full181,formal_msa,3,results/full181_supplement/raw/formal_msa/seed3/boltz_results_full_blind_msa/predictions/full_blind_msa/full_blind_msa_model_0.pdb,complete,,L,FR4,0,0,
Full181,formal_msa,4,results/full181_supplement/raw/formal_msa/seed4/boltz_results_full_blind_msa/predictions/full_blind_msa/full_blind_msa_model_0.pdb,complete,,H,FR1,0,0,
Full181,formal_msa,4,results/full181_supplement/raw/formal_msa/seed4/boltz_results_full_blind_msa/predictions/full_blind_msa/full_blind_msa_model_0.pdb,complete,,H,CDR1,3,1,31;32;33
Full181,formal_msa,4,results/full181_supplement/raw/formal_msa/seed4/boltz_results_full_blind_msa/predictions/full_blind_msa/full_blind_msa_model_0.pdb,complete,,H,FR2,1,1,35
Full181,formal_msa,4,results/full181_supplement/raw/formal_msa/seed4/boltz_results_full_blind_msa/predictions/full_blind_msa/full_blind_msa_model_0.pdb,complete,,H,CDR2,5,1,50;52;54;56;57
Full181,formal_msa,4,results/full181_supplement/raw/formal_msa/seed4/boltz_results_full_blind_msa/predictions/full_blind_msa/full_blind_msa_model_0.pdb,complete,,H,FR3,1,1,58
Full181,formal_msa,4,results/full181_supplement/raw/formal_msa/seed4/boltz_results_full_blind_msa/predictions/full_blind_msa/full_blind_msa_model_0.pdb,complete,,H,CDR3,5,1,98;100;101;102;104
Full181,formal_msa,4,results/full181_supplement/raw/formal_msa/seed4/boltz_results_full_blind_msa/predictions/full_blind_msa/full_blind_msa_model_0.pdb,complete,,H,FR4,0,0,
Full181,formal_msa,4,results/full181_supplement/raw/formal_msa/seed4/boltz_results_full_blind_msa/predictions/full_blind_msa/full_blind_msa_model_0.pdb,complete,,L,FR1,0,0,
Full181,formal_msa,4,results/full181_supplement/raw/formal_msa/seed4/boltz_results_full_blind_msa/predictions/full_blind_msa/full_blind_msa_model_0.pdb,complete,,L,CDR1,1,1,31
Full181,formal_msa,4,results/full181_supplement/raw/formal_msa/seed4/boltz_results_full_blind_msa/predictions/full_blind_msa/full_blind_msa_model_0.pdb,complete,,L,FR2,0,0,
Full181,formal_msa,4,results/full181_supplement/raw/formal_msa/seed4/boltz_results_full_blind_msa/predictions/full_blind_msa/full_blind_msa_model_0.pdb,complete,,L,CDR2,1,1,50
Full181,formal_msa,4,results/full181_supplement/raw/formal_msa/seed4/boltz_results_full_blind_msa/predictions/full_blind_msa/full_blind_msa_model_0.pdb,complete,,L,FR3,1,1,53
Full181,formal_msa,4,results/full181_supplement/raw/formal_msa/seed4/boltz_results_full_blind_msa/predictions/full_blind_msa/full_blind_msa_model_0.pdb,complete,,L,CDR3,3,1,92;93;95
Full181,formal_msa,4,results/full181_supplement/raw/formal_msa/seed4/boltz_results_full_blind_msa/predictions/full_blind_msa/full_blind_msa_model_0.pdb,complete,,L,FR4,0,0,
Full181,formal_msa,5,results/full181_supplement/raw/formal_msa/seed5/boltz_results_full_blind_msa/predictions/full_blind_msa/full_blind_msa_model_0.pdb,complete,,H,FR1,0,0,
Full181,formal_msa,5,results/full181_supplement/raw/formal_msa/seed5/boltz_results_full_blind_msa/predictions/full_blind_msa/full_blind_msa_model_0.pdb,complete,,H,CDR1,4,1,30;31;32;33
Full181,formal_msa,5,results/full181_supplement/raw/formal_msa/seed5/boltz_results_full_blind_msa/predictions/full_blind_msa/full_blind_msa_model_0.pdb,complete,,H,FR2,1,1,35
Full181,formal_msa,5,results/full181_supplement/raw/formal_msa/seed5/boltz_results_full_blind_msa/predictions/full_blind_msa/full_blind_msa_model_0.pdb,complete,,H,CDR2,3,1,50;53;54
Full181,formal_msa,5,results/full181_supplement/raw/formal_msa/seed5/boltz_results_full_blind_msa/predictions/full_blind_msa/full_blind_msa_model_0.pdb,complete,,H,FR3,1,1,58
Full181,formal_msa,5,results/full181_supplement/raw/formal_msa/seed5/boltz_results_full_blind_msa/predictions/full_blind_msa/full_blind_msa_model_0.pdb,complete,,H,CDR3,6,1,98;99;100;101;102;104
Full181,formal_msa,5,results/full181_supplement/raw/formal_msa/seed5/boltz_results_full_blind_msa/predictions/full_blind_msa/full_blind_msa_model_0.pdb,complete,,H,FR4,0,0,
Full181,formal_msa,5,results/full181_supplement/raw/formal_msa/seed5/boltz_results_full_blind_msa/predictions/full_blind_msa/full_blind_msa_model_0.pdb,complete,,L,FR1,0,0,
Full181,formal_msa,5,results/full181_supplement/raw/formal_msa/seed5/boltz_results_full_blind_msa/predictions/full_blind_msa/full_blind_msa_model_0.pdb,complete,,L,CDR1,0,0,
Full181,formal_msa,5,results/full181_supplement/raw/formal_msa/seed5/boltz_results_full_blind_msa/predictions/full_blind_msa/full_blind_msa_model_0.pdb,complete,,L,FR2,0,0,
Full181,formal_msa,5,results/full181_supplement/raw/formal_msa/seed5/boltz_results_full_blind_msa/predictions/full_blind_msa/full_blind_msa_model_0.pdb,complete,,L,CDR2,1,1,50
Full181,formal_msa,5,results/full181_supplement/raw/formal_msa/seed5/boltz_results_full_blind_msa/predictions/full_blind_msa/full_blind_msa_model_0.pdb,complete,,L,FR3,1,1,53
Full181,formal_msa,5,results/full181_supplement/raw/formal_msa/seed5/boltz_results_full_blind_msa/predictions/full_blind_msa/full_blind_msa_model_0.pdb,complete,,L,CDR3,5,1,90;91;92;93;95
Full181,formal_msa,5,results/full181_supplement/raw/formal_msa/seed5/boltz_results_full_blind_msa/predictions/full_blind_msa/full_blind_msa_model_0.pdb,complete,,L,FR4,0,0,
Full181,formal_msa,6,results/full181_supplement/raw/formal_msa/seed6/boltz_results_full_blind_msa/predictions/full_blind_msa/full_blind_msa_model_0.pdb,complete,,H,FR1,0,0,
Full181,formal_msa,6,results/full181_supplement/raw/formal_msa/seed6/boltz_results_full_blind_msa/predictions/full_blind_msa/full_blind_msa_model_0.pdb,complete,,H,CDR1,4,1,30;31;32;33
Full181,formal_msa,6,results/full181_supplement/raw/formal_msa/seed6/boltz_results_full_blind_msa/predictions/full_blind_msa/full_blind_msa_model_0.pdb,complete,,H,FR2,1,1,35
Full181,formal_msa,6,results/full181_supplement/raw/formal_msa/seed6/boltz_results_full_blind_msa/predictions/full_blind_msa/full_blind_msa_model_0.pdb,complete,,H,CDR2,3,1,50;52;53
Full181,formal_msa,6,results/full181_supplement/raw/formal_msa/seed6/boltz_results_full_blind_msa/predictions/full_blind_msa/full_blind_msa_model_0.pdb,complete,,H,FR3,1,1,58
Full181,formal_msa,6,results/full181_supplement/raw/formal_msa/seed6/boltz_results_full_blind_msa/predictions/full_blind_msa/full_blind_msa_model_0.pdb,complete,,H,CDR3,7,1,98;99;100;101;102;103;104
Full181,formal_msa,6,results/full181_supplement/raw/formal_msa/seed6/boltz_results_full_blind_msa/predictions/full_blind_msa/full_blind_msa_model_0.pdb,complete,,H,FR4,0,0,
Full181,formal_msa,6,results/full181_supplement/raw/formal_msa/seed6/boltz_results_full_blind_msa/predictions/full_blind_msa/full_blind_msa_model_0.pdb,complete,,L,FR1,0,0,
Full181,formal_msa,6,results/full181_supplement/raw/formal_msa/seed6/boltz_results_full_blind_msa/predictions/full_blind_msa/full_blind_msa_model_0.pdb,complete,,L,CDR1,0,0,
Full181,formal_msa,6,results/full181_supplement/raw/formal_msa/seed6/boltz_results_full_blind_msa/predictions/full_blind_msa/full_blind_msa_model_0.pdb,complete,,L,FR2,0,0,
Full181,formal_msa,6,results/full181_supplement/raw/formal_msa/seed6/boltz_results_full_blind_msa/predictions/full_blind_msa/full_blind_msa_model_0.pdb,complete,,L,CDR2,0,0,
Full181,formal_msa,6,results/full181_supplement/raw/formal_msa/seed6/boltz_results_full_blind_msa/predictions/full_blind_msa/full_blind_msa_model_0.pdb,complete,,L,FR3,1,1,53
Full181,formal_msa,6,results/full181_supplement/raw/formal_msa/seed6/boltz_results_full_blind_msa/predictions/full_blind_msa/full_blind_msa_model_0.pdb,complete,,L,CDR3,5,1,90;91;92;93;95
Full181,formal_msa,6,results/full181_supplement/raw/formal_msa/seed6/boltz_results_full_blind_msa/predictions/full_blind_msa/full_blind_msa_model_0.pdb,complete,,L,FR4,0,0,
Full181,formal_msa,7,results/full181_supplement/raw/formal_msa/seed7/boltz_results_full_blind_msa/predictions/full_blind_msa/full_blind_msa_model_0.pdb,complete,,H,FR1,0,0,
Full181,formal_msa,7,results/full181_supplement/raw/formal_msa/seed7/boltz_results_full_blind_msa/predictions/full_blind_msa/full_blind_msa_model_0.pdb,complete,,H,CDR1,3,1,30;31;33
Full181,formal_msa,7,results/full181_supplement/raw/formal_msa/seed7/boltz_results_full_blind_msa/predictions/full_blind_msa/full_blind_msa_model_0.pdb,complete,,H,FR2,1,1,35
Full181,formal_msa,7,results/full181_supplement/raw/formal_msa/seed7/boltz_results_full_blind_msa/predictions/full_blind_msa/full_blind_msa_model_0.pdb,complete,,H,CDR2,1,1,50
Full181,formal_msa,7,results/full181_supplement/raw/formal_msa/seed7/boltz_results_full_blind_msa/predictions/full_blind_msa/full_blind_msa_model_0.pdb,complete,,H,FR3,3,1,58;59;61
Full181,formal_msa,7,results/full181_supplement/raw/formal_msa/seed7/boltz_results_full_blind_msa/predictions/full_blind_msa/full_blind_msa_model_0.pdb,complete,,H,CDR3,7,1,98;99;100;101;102;103;104
Full181,formal_msa,7,results/full181_supplement/raw/formal_msa/seed7/boltz_results_full_blind_msa/predictions/full_blind_msa/full_blind_msa_model_0.pdb,complete,,H,FR4,0,0,
Full181,formal_msa,7,results/full181_supplement/raw/formal_msa/seed7/boltz_results_full_blind_msa/predictions/full_blind_msa/full_blind_msa_model_0.pdb,complete,,L,FR1,0,0,
Full181,formal_msa,7,results/full181_supplement/raw/formal_msa/seed7/boltz_results_full_blind_msa/predictions/full_blind_msa/full_blind_msa_model_0.pdb,complete,,L,CDR1,0,0,
Full181,formal_msa,7,results/full181_supplement/raw/formal_msa/seed7/boltz_results_full_blind_msa/predictions/full_blind_msa/full_blind_msa_model_0.pdb,complete,,L,FR2,0,0,
Full181,formal_msa,7,results/full181_supplement/raw/formal_msa/seed7/boltz_results_full_blind_msa/predictions/full_blind_msa/full_blind_msa_model_0.pdb,complete,,L,CDR2,0,0,
Full181,formal_msa,7,results/full181_supplement/raw/formal_msa/seed7/boltz_results_full_blind_msa/predictions/full_blind_msa/full_blind_msa_model_0.pdb,complete,,L,FR3,0,0,
Full181,formal_msa,7,results/full181_supplement/raw/formal_msa/seed7/boltz_results_full_blind_msa/predictions/full_blind_msa/full_blind_msa_model_0.pdb,complete,,L,CDR3,5,1,90;91;92;93;95
Full181,formal_msa,7,results/full181_supplement/raw/formal_msa/seed7/boltz_results_full_blind_msa/predictions/full_blind_msa/full_blind_msa_model_0.pdb,complete,,L,FR4,0,0,
Full181,formal_msa,8,results/full181_supplement/raw/formal_msa/seed8/boltz_results_full_blind_msa/predictions/full_blind_msa/full_blind_msa_model_0.pdb,complete,,H,FR1,0,0,
Full181,formal_msa,8,results/full181_supplement/raw/formal_msa/seed8/boltz_results_full_blind_msa/predictions/full_blind_msa/full_blind_msa_model_0.pdb,complete,,H,CDR1,5,1,29;30;31;32;33
Full181,formal_msa,8,results/full181_supplement/raw/formal_msa/seed8/boltz_results_full_blind_msa/predictions/full_blind_msa/full_blind_msa_model_0.pdb,complete,,H,FR2,1,1,35
Full181,formal_msa,8,results/full181_supplement/raw/formal_msa/seed8/boltz_results_full_blind_msa/predictions/full_blind_msa/full_blind_msa_model_0.pdb,complete,,H,CDR2,5,1,51;52;53;54;56
Full181,formal_msa,8,results/full181_supplement/raw/formal_msa/seed8/boltz_results_full_blind_msa/predictions/full_blind_msa/full_blind_msa_model_0.pdb,complete,,H,FR3,2,1,58;71
Full181,formal_msa,8,results/full181_supplement/raw/formal_msa/seed8/boltz_results_full_blind_msa/predictions/full_blind_msa/full_blind_msa_model_0.pdb,complete,,H,CDR3,5,1,98;99;100;101;104
Full181,formal_msa,8,results/full181_supplement/raw/formal_msa/seed8/boltz_results_full_blind_msa/predictions/full_blind_msa/full_blind_msa_model_0.pdb,complete,,H,FR4,0,0,
Full181,formal_msa,8,results/full181_supplement/raw/formal_msa/seed8/boltz_results_full_blind_msa/predictions/full_blind_msa/full_blind_msa_model_0.pdb,complete,,L,FR1,0,0,
Full181,formal_msa,8,results/full181_supplement/raw/formal_msa/seed8/boltz_results_full_blind_msa/predictions/full_blind_msa/full_blind_msa_model_0.pdb,complete,,L,CDR1,4,1,29;30;31;32
Full181,formal_msa,8,results/full181_supplement/raw/formal_msa/seed8/boltz_results_full_blind_msa/predictions/full_blind_msa/full_blind_msa_model_0.pdb,complete,,L,FR2,0,0,
Full181,formal_msa,8,results/full181_supplement/raw/formal_msa/seed8/boltz_results_full_blind_msa/predictions/full_blind_msa/full_blind_msa_model_0.pdb,complete,,L,CDR2,1,1,50
Full181,formal_msa,8,results/full181_supplement/raw/formal_msa/seed8/boltz_results_full_blind_msa/predictions/full_blind_msa/full_blind_msa_model_0.pdb,complete,,L,FR3,0,0,
Full181,formal_msa,8,results/full181_supplement/raw/formal_msa/seed8/boltz_results_full_blind_msa/predictions/full_blind_msa/full_blind_msa_model_0.pdb,complete,,L,CDR3,5,1,90;91;92;93;95
Full181,formal_msa,8,results/full181_supplement/raw/formal_msa/seed8/boltz_results_full_blind_msa/predictions/full_blind_msa/full_blind_msa_model_0.pdb,complete,,L,FR4,0,0,
Full181,formal_msa,9,results/full181_supplement/raw/formal_msa/seed9/boltz_results_full_blind_msa/predictions/full_blind_msa/full_blind_msa_model_0.pdb,complete,,H,FR1,0,0,
Full181,formal_msa,9,results/full181_supplement/raw/formal_msa/seed9/boltz_results_full_blind_msa/predictions/full_blind_msa/full_blind_msa_model_0.pdb,complete,,H,CDR1,4,1,30;31;32;33
Full181,formal_msa,9,results/full181_supplement/raw/formal_msa/seed9/boltz_results_full_blind_msa/predictions/full_blind_msa/full_blind_msa_model_0.pdb,complete,,H,FR2,1,1,35
Full181,formal_msa,9,results/full181_supplement/raw/formal_msa/seed9/boltz_results_full_blind_msa/predictions/full_blind_msa/full_blind_msa_model_0.pdb,complete,,H,CDR2,4,1,50;52;53;54
Full181,formal_msa,9,results/full181_supplement/raw/formal_msa/seed9/boltz_results_full_blind_msa/predictions/full_blind_msa/full_blind_msa_model_0.pdb,complete,,H,FR3,1,1,58
Full181,formal_msa,9,results/full181_supplement/raw/formal_msa/seed9/boltz_results_full_blind_msa/predictions/full_blind_msa/full_blind_msa_model_0.pdb,complete,,H,CDR3,6,1,98;100;101;102;103;104
Full181,formal_msa,9,results/full181_supplement/raw/formal_msa/seed9/boltz_results_full_blind_msa/predictions/full_blind_msa/full_blind_msa_model_0.pdb,complete,,H,FR4,0,0,
Full181,formal_msa,9,results/full181_supplement/raw/formal_msa/seed9/boltz_results_full_blind_msa/predictions/full_blind_msa/full_blind_msa_model_0.pdb,complete,,L,FR1,0,0,
Full181,formal_msa,9,results/full181_supplement/raw/formal_msa/seed9/boltz_results_full_blind_msa/predictions/full_blind_msa/full_blind_msa_model_0.pdb,complete,,L,CDR1,0,0,
Full181,formal_msa,9,results/full181_supplement/raw/formal_msa/seed9/boltz_results_full_blind_msa/predictions/full_blind_msa/full_blind_msa_model_0.pdb,complete,,L,FR2,0,0,
Full181,formal_msa,9,results/full181_supplement/raw/formal_msa/seed9/boltz_results_full_blind_msa/predictions/full_blind_msa/full_blind_msa_model_0.pdb,complete,,L,CDR2,1,1,50
Full181,formal_msa,9,results/full181_supplement/raw/formal_msa/seed9/boltz_results_full_blind_msa/predictions/full_blind_msa/full_blind_msa_model_0.pdb,complete,,L,FR3,1,1,53
Full181,formal_msa,9,results/full181_supplement/raw/formal_msa/seed9/boltz_results_full_blind_msa/predictions/full_blind_msa/full_blind_msa_model_0.pdb,complete,,L,CDR3,5,1,90;91;92;93;95
Full181,formal_msa,9,results/full181_supplement/raw/formal_msa/seed9/boltz_results_full_blind_msa/predictions/full_blind_msa/full_blind_msa_model_0.pdb,complete,,L,FR4,0,0,
Full181,formal_msa,10,results/full181_supplement/raw/formal_msa/seed10/boltz_results_full_blind_msa/predictions/full_blind_msa/full_blind_msa_model_0.pdb,complete,,H,FR1,0,0,
Full181,formal_msa,10,results/full181_supplement/raw/formal_msa/seed10/boltz_results_full_blind_msa/predictions/full_blind_msa/full_blind_msa_model_0.pdb,complete,,H,CDR1,3,1,30;31;33
Full181,formal_msa,10,results/full181_supplement/raw/formal_msa/seed10/boltz_results_full_blind_msa/predictions/full_blind_msa/full_blind_msa_model_0.pdb,complete,,H,FR2,1,1,35
Full181,formal_msa,10,results/full181_supplement/raw/formal_msa/seed10/boltz_results_full_blind_msa/predictions/full_blind_msa/full_blind_msa_model_0.pdb,complete,,H,CDR2,3,1,50;53;54
Full181,formal_msa,10,results/full181_supplement/raw/formal_msa/seed10/boltz_results_full_blind_msa/predictions/full_blind_msa/full_blind_msa_model_0.pdb,complete,,H,FR3,1,1,58
Full181,formal_msa,10,results/full181_supplement/raw/formal_msa/seed10/boltz_results_full_blind_msa/predictions/full_blind_msa/full_blind_msa_model_0.pdb,complete,,H,CDR3,6,1,98;99;100;101;102;104
Full181,formal_msa,10,results/full181_supplement/raw/formal_msa/seed10/boltz_results_full_blind_msa/predictions/full_blind_msa/full_blind_msa_model_0.pdb,complete,,H,FR4,0,0,
Full181,formal_msa,10,results/full181_supplement/raw/formal_msa/seed10/boltz_results_full_blind_msa/predictions/full_blind_msa/full_blind_msa_model_0.pdb,complete,,L,FR1,0,0,
Full181,formal_msa,10,results/full181_supplement/raw/formal_msa/seed10/boltz_results_full_blind_msa/predictions/full_blind_msa/full_blind_msa_model_0.pdb,complete,,L,CDR1,1,1,28
Full181,formal_msa,10,results/full181_supplement/raw/formal_msa/seed10/boltz_results_full_blind_msa/predictions/full_blind_msa/full_blind_msa_model_0.pdb,complete,,L,FR2,0,0,
Full181,formal_msa,10,results/full181_supplement/raw/formal_msa/seed10/boltz_results_full_blind_msa/predictions/full_blind_msa/full_blind_msa_model_0.pdb,complete,,L,CDR2,0,0,
Full181,formal_msa,10,results/full181_supplement/raw/formal_msa/seed10/boltz_results_full_blind_msa/predictions/full_blind_msa/full_blind_msa_model_0.pdb,complete,,L,FR3,1,1,53
Full181,formal_msa,10,results/full181_supplement/raw/formal_msa/seed10/boltz_results_full_blind_msa/predictions/full_blind_msa/full_blind_msa_model_0.pdb,complete,,L,CDR3,5,1,90;91;92;93;95
Full181,formal_msa,10,results/full181_supplement/raw/formal_msa/seed10/boltz_results_full_blind_msa/predictions/full_blind_msa/full_blind_msa_model_0.pdb,complete,,L,FR4,0,0,
Full181,formal_msa,11,results/full181_supplement/raw/formal_msa/seed11/boltz_results_full_blind_msa/predictions/full_blind_msa/full_blind_msa_model_0.pdb,complete,,H,FR1,0,0,
Full181,formal_msa,11,results/full181_supplement/raw/formal_msa/seed11/boltz_results_full_blind_msa/predictions/full_blind_msa/full_blind_msa_model_0.pdb,complete,,H,CDR1,4,1,30;31;32;33
Full181,formal_msa,11,results/full181_supplement/raw/formal_msa/seed11/boltz_results_full_blind_msa/predictions/full_blind_msa/full_blind_msa_model_0.pdb,complete,,H,FR2,2,1,35;47
Full181,formal_msa,11,results/full181_supplement/raw/formal_msa/seed11/boltz_results_full_blind_msa/predictions/full_blind_msa/full_blind_msa_model_0.pdb,complete,,H,CDR2,3,1,50;52;54
Full181,formal_msa,11,results/full181_supplement/raw/formal_msa/seed11/boltz_results_full_blind_msa/predictions/full_blind_msa/full_blind_msa_model_0.pdb,complete,,H,FR3,2,1,58;61
Full181,formal_msa,11,results/full181_supplement/raw/formal_msa/seed11/boltz_results_full_blind_msa/predictions/full_blind_msa/full_blind_msa_model_0.pdb,complete,,H,CDR3,6,1,98;99;100;101;103;104
Full181,formal_msa,11,results/full181_supplement/raw/formal_msa/seed11/boltz_results_full_blind_msa/predictions/full_blind_msa/full_blind_msa_model_0.pdb,complete,,H,FR4,0,0,
Full181,formal_msa,11,results/full181_supplement/raw/formal_msa/seed11/boltz_results_full_blind_msa/predictions/full_blind_msa/full_blind_msa_model_0.pdb,complete,,L,FR1,0,0,
Full181,formal_msa,11,results/full181_supplement/raw/formal_msa/seed11/boltz_results_full_blind_msa/predictions/full_blind_msa/full_blind_msa_model_0.pdb,complete,,L,CDR1,0,0,
Full181,formal_msa,11,results/full181_supplement/raw/formal_msa/seed11/boltz_results_full_blind_msa/predictions/full_blind_msa/full_blind_msa_model_0.pdb,complete,,L,FR2,0,0,
Full181,formal_msa,11,results/full181_supplement/raw/formal_msa/seed11/boltz_results_full_blind_msa/predictions/full_blind_msa/full_blind_msa_model_0.pdb,complete,,L,CDR2,0,0,
Full181,formal_msa,11,results/full181_supplement/raw/formal_msa/seed11/boltz_results_full_blind_msa/predictions/full_blind_msa/full_blind_msa_model_0.pdb,complete,,L,FR3,0,0,
Full181,formal_msa,11,results/full181_supplement/raw/formal_msa/seed11/boltz_results_full_blind_msa/predictions/full_blind_msa/full_blind_msa_model_0.pdb,complete,,L,CDR3,5,1,90;91;92;93;95
Full181,formal_msa,11,results/full181_supplement/raw/formal_msa/seed11/boltz_results_full_blind_msa/predictions/full_blind_msa/full_blind_msa_model_0.pdb,complete,,L,FR4,0,0,
Full181,formal_msa,12,results/full181_supplement/raw/formal_msa/seed12/boltz_results_full_blind_msa/predictions/full_blind_msa/full_blind_msa_model_0.pdb,complete,,H,FR1,0,0,
Full181,formal_msa,12,results/full181_supplement/raw/formal_msa/seed12/boltz_results_full_blind_msa/predictions/full_blind_msa/full_blind_msa_model_0.pdb,complete,,H,CDR1,4,1,30;31;32;33
Full181,formal_msa,12,results/full181_supplement/raw/formal_msa/seed12/boltz_results_full_blind_msa/predictions/full_blind_msa/full_blind_msa_model_0.pdb,complete,,H,FR2,1,1,35
Full181,formal_msa,12,results/full181_supplement/raw/formal_msa/seed12/boltz_results_full_blind_msa/predictions/full_blind_msa/full_blind_msa_model_0.pdb,complete,,H,CDR2,6,1,50;52;53;54;56;57
Full181,formal_msa,12,results/full181_supplement/raw/formal_msa/seed12/boltz_results_full_blind_msa/predictions/full_blind_msa/full_blind_msa_model_0.pdb,complete,,H,FR3,1,1,58
Full181,formal_msa,12,results/full181_supplement/raw/formal_msa/seed12/boltz_results_full_blind_msa/predictions/full_blind_msa/full_blind_msa_model_0.pdb,complete,,H,CDR3,6,1,98;99;100;101;102;104
Full181,formal_msa,12,results/full181_supplement/raw/formal_msa/seed12/boltz_results_full_blind_msa/predictions/full_blind_msa/full_blind_msa_model_0.pdb,complete,,H,FR4,0,0,
Full181,formal_msa,12,results/full181_supplement/raw/formal_msa/seed12/boltz_results_full_blind_msa/predictions/full_blind_msa/full_blind_msa_model_0.pdb,complete,,L,FR1,0,0,
Full181,formal_msa,12,results/full181_supplement/raw/formal_msa/seed12/boltz_results_full_blind_msa/predictions/full_blind_msa/full_blind_msa_model_0.pdb,complete,,L,CDR1,6,1,27;28;29;30;31;32
Full181,formal_msa,12,results/full181_supplement/raw/formal_msa/seed12/boltz_results_full_blind_msa/predictions/full_blind_msa/full_blind_msa_model_0.pdb,complete,,L,FR2,1,1,49
Full181,formal_msa,12,results/full181_supplement/raw/formal_msa/seed12/boltz_results_full_blind_msa/predictions/full_blind_msa/full_blind_msa_model_0.pdb,complete,,L,CDR2,1,1,50
Full181,formal_msa,12,results/full181_supplement/raw/formal_msa/seed12/boltz_results_full_blind_msa/predictions/full_blind_msa/full_blind_msa_model_0.pdb,complete,,L,FR3,1,1,53
Full181,formal_msa,12,results/full181_supplement/raw/formal_msa/seed12/boltz_results_full_blind_msa/predictions/full_blind_msa/full_blind_msa_model_0.pdb,complete,,L,CDR3,5,1,90;91;92;93;95
Full181,formal_msa,12,results/full181_supplement/raw/formal_msa/seed12/boltz_results_full_blind_msa/predictions/full_blind_msa/full_blind_msa_model_0.pdb,complete,,L,FR4,0,0,
Full181,formal_msa,13,results/full181_supplement/raw/formal_msa/seed13/boltz_results_full_blind_msa/predictions/full_blind_msa/full_blind_msa_model_0.pdb,complete,,H,FR1,0,0,
Full181,formal_msa,13,results/full181_supplement/raw/formal_msa/seed13/boltz_results_full_blind_msa/predictions/full_blind_msa/full_blind_msa_model_0.pdb,complete,,H,CDR1,4,1,30;31;32;33
Full181,formal_msa,13,results/full181_supplement/raw/formal_msa/seed13/boltz_results_full_blind_msa/predictions/full_blind_msa/full_blind_msa_model_0.pdb,complete,,H,FR2,2,1,35;47
Full181,formal_msa,13,results/full181_supplement/raw/formal_msa/seed13/boltz_results_full_blind_msa/predictions/full_blind_msa/full_blind_msa_model_0.pdb,complete,,H,CDR2,5,1,50;52;53;54;55
Full181,formal_msa,13,results/full181_supplement/raw/formal_msa/seed13/boltz_results_full_blind_msa/predictions/full_blind_msa/full_blind_msa_model_0.pdb,complete,,H,FR3,3,1,58;61;64
Full181,formal_msa,13,results/full181_supplement/raw/formal_msa/seed13/boltz_results_full_blind_msa/predictions/full_blind_msa/full_blind_msa_model_0.pdb,complete,,H,CDR3,6,1,98;99;100;101;102;104
Full181,formal_msa,13,results/full181_supplement/raw/formal_msa/seed13/boltz_results_full_blind_msa/predictions/full_blind_msa/full_blind_msa_model_0.pdb,complete,,H,FR4,0,0,
Full181,formal_msa,13,results/full181_supplement/raw/formal_msa/seed13/boltz_results_full_blind_msa/predictions/full_blind_msa/full_blind_msa_model_0.pdb,complete,,L,FR1,0,0,
Full181,formal_msa,13,results/full181_supplement/raw/formal_msa/seed13/boltz_results_full_blind_msa/predictions/full_blind_msa/full_blind_msa_model_0.pdb,complete,,L,CDR1,0,0,
Full181,formal_msa,13,results/full181_supplement/raw/formal_msa/seed13/boltz_results_full_blind_msa/predictions/full_blind_msa/full_blind_msa_model_0.pdb,complete,,L,FR2,0,0,
Full181,formal_msa,13,results/full181_supplement/raw/formal_msa/seed13/boltz_results_full_blind_msa/predictions/full_blind_msa/full_blind_msa_model_0.pdb,complete,,L,CDR2,0,0,
Full181,formal_msa,13,results/full181_supplement/raw/formal_msa/seed13/boltz_results_full_blind_msa/predictions/full_blind_msa/full_blind_msa_model_0.pdb,complete,,L,FR3,0,0,
Full181,formal_msa,13,results/full181_supplement/raw/formal_msa/seed13/boltz_results_full_blind_msa/predictions/full_blind_msa/full_blind_msa_model_0.pdb,complete,,L,CDR3,5,1,90;91;92;93;95
Full181,formal_msa,13,results/full181_supplement/raw/formal_msa/seed13/boltz_results_full_blind_msa/predictions/full_blind_msa/full_blind_msa_model_0.pdb,complete,,L,FR4,0,0,
Full181,formal_msa,14,results/full181_supplement/raw/formal_msa/seed14/boltz_results_full_blind_msa/predictions/full_blind_msa/full_blind_msa_model_0.pdb,complete,,H,FR1,0,0,
Full181,formal_msa,14,results/full181_supplement/raw/formal_msa/seed14/boltz_results_full_blind_msa/predictions/full_blind_msa/full_blind_msa_model_0.pdb,complete,,H,CDR1,4,1,30;31;32;33
Full181,formal_msa,14,results/full181_supplement/raw/formal_msa/seed14/boltz_results_full_blind_msa/predictions/full_blind_msa/full_blind_msa_model_0.pdb,complete,,H,FR2,2,1,35;47
Full181,formal_msa,14,results/full181_supplement/raw/formal_msa/seed14/boltz_results_full_blind_msa/predictions/full_blind_msa/full_blind_msa_model_0.pdb,complete,,H,CDR2,6,1,50;52;53;54;55;56
Full181,formal_msa,14,results/full181_supplement/raw/formal_msa/seed14/boltz_results_full_blind_msa/predictions/full_blind_msa/full_blind_msa_model_0.pdb,complete,,H,FR3,4,1,58;59;61;64
Full181,formal_msa,14,results/full181_supplement/raw/formal_msa/seed14/boltz_results_full_blind_msa/predictions/full_blind_msa/full_blind_msa_model_0.pdb,complete,,H,CDR3,5,1,98;99;100;101;104
Full181,formal_msa,14,results/full181_supplement/raw/formal_msa/seed14/boltz_results_full_blind_msa/predictions/full_blind_msa/full_blind_msa_model_0.pdb,complete,,H,FR4,0,0,
Full181,formal_msa,14,results/full181_supplement/raw/formal_msa/seed14/boltz_results_full_blind_msa/predictions/full_blind_msa/full_blind_msa_model_0.pdb,complete,,L,FR1,0,0,
Full181,formal_msa,14,results/full181_supplement/raw/formal_msa/seed14/boltz_results_full_blind_msa/predictions/full_blind_msa/full_blind_msa_model_0.pdb,complete,,L,CDR1,0,0,
Full181,formal_msa,14,results/full181_supplement/raw/formal_msa/seed14/boltz_results_full_blind_msa/predictions/full_blind_msa/full_blind_msa_model_0.pdb,complete,,L,FR2,0,0,
Full181,formal_msa,14,results/full181_supplement/raw/formal_msa/seed14/boltz_results_full_blind_msa/predictions/full_blind_msa/full_blind_msa_model_0.pdb,complete,,L,CDR2,0,0,
Full181,formal_msa,14,results/full181_supplement/raw/formal_msa/seed14/boltz_results_full_blind_msa/predictions/full_blind_msa/full_blind_msa_model_0.pdb,complete,,L,FR3,0,0,
Full181,formal_msa,14,results/full181_supplement/raw/formal_msa/seed14/boltz_results_full_blind_msa/predictions/full_blind_msa/full_blind_msa_model_0.pdb,complete,,L,CDR3,4,1,91;92;93;95
Full181,formal_msa,14,results/full181_supplement/raw/formal_msa/seed14/boltz_results_full_blind_msa/predictions/full_blind_msa/full_blind_msa_model_0.pdb,complete,,L,FR4,0,0,
Full181,formal_msa,15,results/full181_supplement/raw/formal_msa/seed15/boltz_results_full_blind_msa/predictions/full_blind_msa/full_blind_msa_model_0.pdb,complete,,H,FR1,0,0,
Full181,formal_msa,15,results/full181_supplement/raw/formal_msa/seed15/boltz_results_full_blind_msa/predictions/full_blind_msa/full_blind_msa_model_0.pdb,complete,,H,CDR1,4,1,30;31;32;33
Full181,formal_msa,15,results/full181_supplement/raw/formal_msa/seed15/boltz_results_full_blind_msa/predictions/full_blind_msa/full_blind_msa_model_0.pdb,complete,,H,FR2,1,1,35
Full181,formal_msa,15,results/full181_supplement/raw/formal_msa/seed15/boltz_results_full_blind_msa/predictions/full_blind_msa/full_blind_msa_model_0.pdb,complete,,H,CDR2,5,1,50;52;54;56;57
Full181,formal_msa,15,results/full181_supplement/raw/formal_msa/seed15/boltz_results_full_blind_msa/predictions/full_blind_msa/full_blind_msa_model_0.pdb,complete,,H,FR3,1,1,58
Full181,formal_msa,15,results/full181_supplement/raw/formal_msa/seed15/boltz_results_full_blind_msa/predictions/full_blind_msa/full_blind_msa_model_0.pdb,complete,,H,CDR3,6,1,98;100;101;102;103;104
Full181,formal_msa,15,results/full181_supplement/raw/formal_msa/seed15/boltz_results_full_blind_msa/predictions/full_blind_msa/full_blind_msa_model_0.pdb,complete,,H,FR4,0,0,
Full181,formal_msa,15,results/full181_supplement/raw/formal_msa/seed15/boltz_results_full_blind_msa/predictions/full_blind_msa/full_blind_msa_model_0.pdb,complete,,L,FR1,0,0,
Full181,formal_msa,15,results/full181_supplement/raw/formal_msa/seed15/boltz_results_full_blind_msa/predictions/full_blind_msa/full_blind_msa_model_0.pdb,complete,,L,CDR1,0,0,
Full181,formal_msa,15,results/full181_supplement/raw/formal_msa/seed15/boltz_results_full_blind_msa/predictions/full_blind_msa/full_blind_msa_model_0.pdb,complete,,L,FR2,0,0,
Full181,formal_msa,15,results/full181_supplement/raw/formal_msa/seed15/boltz_results_full_blind_msa/predictions/full_blind_msa/full_blind_msa_model_0.pdb,complete,,L,CDR2,1,1,50
Full181,formal_msa,15,results/full181_supplement/raw/formal_msa/seed15/boltz_results_full_blind_msa/predictions/full_blind_msa/full_blind_msa_model_0.pdb,complete,,L,FR3,1,1,53
Full181,formal_msa,15,results/full181_supplement/raw/formal_msa/seed15/boltz_results_full_blind_msa/predictions/full_blind_msa/full_blind_msa_model_0.pdb,complete,,L,CDR3,4,1,91;92;93;95
Full181,formal_msa,15,results/full181_supplement/raw/formal_msa/seed15/boltz_results_full_blind_msa/predictions/full_blind_msa/full_blind_msa_model_0.pdb,complete,,L,FR4,0,0,
