construct,condition,seed,source_path,status,failure_reason,chain_breaks,peptide_cn_outliers,interchain_clashes_within_1p8,antigen_antibody_clashes_within_1p8,nonlocal_intrachain_clashes_within_1p8,missing_backbone_atoms,geometry_warning,thresholds,qc_source,exclusion_policy
Full181,empty,1,results/full181_supplement/raw/empty/seed1/boltz_results_full_blind/predictions/full_blind/full_blind_model_0.pdb,complete,,0,0,7,5,14,0,1,legacy: CA>4.5A; CN<1.1 or >1.6A; cKDTree radius1.8A; nonlocal local-distance>1,src/assess_relaxed_geometry.py; same thresholds; explicit local mapping,"warnings retained, never excluded after seeing results"
Full181,empty,2,results/full181_supplement/raw/empty/seed2/boltz_results_full_blind/predictions/full_blind/full_blind_model_0.pdb,complete,,0,0,18,17,13,0,1,legacy: CA>4.5A; CN<1.1 or >1.6A; cKDTree radius1.8A; nonlocal local-distance>1,src/assess_relaxed_geometry.py; same thresholds; explicit local mapping,"warnings retained, never excluded after seeing results"
Full181,empty,3,results/full181_supplement/raw/empty/seed3/boltz_results_full_blind/predictions/full_blind/full_blind_model_0.pdb,complete,,0,0,10,9,61,0,1,legacy: CA>4.5A; CN<1.1 or >1.6A; cKDTree radius1.8A; nonlocal local-distance>1,src/assess_relaxed_geometry.py; same thresholds; explicit local mapping,"warnings retained, never excluded after seeing results"
Full181,empty,4,results/full181_supplement/raw/empty/seed4/boltz_results_full_blind/predictions/full_blind/full_blind_model_0.pdb,complete,,0,0,17,16,6,0,1,legacy: CA>4.5A; CN<1.1 or >1.6A; cKDTree radius1.8A; nonlocal local-distance>1,src/assess_relaxed_geometry.py; same thresholds; explicit local mapping,"warnings retained, never excluded after seeing results"
Full181,empty,5,results/full181_supplement/raw/empty/seed5/boltz_results_full_blind/predictions/full_blind/full_blind_model_0.pdb,complete,,0,0,5,5,7,0,1,legacy: CA>4.5A; CN<1.1 or >1.6A; cKDTree radius1.8A; nonlocal local-distance>1,src/assess_relaxed_geometry.py; same thresholds; explicit local mapping,"warnings retained, never excluded after seeing results"
Full181,empty,6,results/full181_supplement/raw/empty/seed6/boltz_results_full_blind/predictions/full_blind/full_blind_model_0.pdb,complete,,0,0,5,4,6,0,1,legacy: CA>4.5A; CN<1.1 or >1.6A; cKDTree radius1.8A; nonlocal local-distance>1,src/assess_relaxed_geometry.py; same thresholds; explicit local mapping,"warnings retained, never excluded after seeing results"
Full181,empty,7,results/full181_supplement/raw/empty/seed7/boltz_results_full_blind/predictions/full_blind/full_blind_model_0.pdb,complete,,0,0,14,13,70,0,1,legacy: CA>4.5A; CN<1.1 or >1.6A; cKDTree radius1.8A; nonlocal local-distance>1,src/assess_relaxed_geometry.py; same thresholds; explicit local mapping,"warnings retained, never excluded after seeing results"
Full181,empty,8,results/full181_supplement/raw/empty/seed8/boltz_results_full_blind/predictions/full_blind/full_blind_model_0.pdb,complete,,0,0,6,6,29,0,1,legacy: CA>4.5A; CN<1.1 or >1.6A; cKDTree radius1.8A; nonlocal local-distance>1,src/assess_relaxed_geometry.py; same thresholds; explicit local mapping,"warnings retained, never excluded after seeing results"
Full181,empty,9,results/full181_supplement/raw/empty/seed9/boltz_results_full_blind/predictions/full_blind/full_blind_model_0.pdb,complete,,0,0,5,4,21,0,1,legacy: CA>4.5A; CN<1.1 or >1.6A; cKDTree radius1.8A; nonlocal local-distance>1,src/assess_relaxed_geometry.py; same thresholds; explicit local mapping,"warnings retained, never excluded after seeing results"
Full181,empty,10,results/full181_supplement/raw/empty/seed10/boltz_results_full_blind/predictions/full_blind/full_blind_model_0.pdb,complete,,0,0,10,9,47,0,1,legacy: CA>4.5A; CN<1.1 or >1.6A; cKDTree radius1.8A; nonlocal local-distance>1,src/assess_relaxed_geometry.py; same thresholds; explicit local mapping,"warnings retained, never excluded after seeing results"
Full181,empty,11,results/full181_supplement/raw/empty/seed11/boltz_results_full_blind/predictions/full_blind/full_blind_model_0.pdb,complete,,0,0,11,9,28,0,1,legacy: CA>4.5A; CN<1.1 or >1.6A; cKDTree radius1.8A; nonlocal local-distance>1,src/assess_relaxed_geometry.py; same thresholds; explicit local mapping,"warnings retained, never excluded after seeing results"
Full181,empty,12,results/full181_supplement/raw/empty/seed12/boltz_results_full_blind/predictions/full_blind/full_blind_model_0.pdb,complete,,0,0,7,6,18,0,1,legacy: CA>4.5A; CN<1.1 or >1.6A; cKDTree radius1.8A; nonlocal local-distance>1,src/assess_relaxed_geometry.py; same thresholds; explicit local mapping,"warnings retained, never excluded after seeing results"
Full181,empty,13,results/full181_supplement/raw/empty/seed13/boltz_results_full_blind/predictions/full_blind/full_blind_model_0.pdb,complete,,0,0,7,7,12,0,1,legacy: CA>4.5A; CN<1.1 or >1.6A; cKDTree radius1.8A; nonlocal local-distance>1,src/assess_relaxed_geometry.py; same thresholds; explicit local mapping,"warnings retained, never excluded after seeing results"
Full181,empty,14,results/full181_supplement/raw/empty/seed14/boltz_results_full_blind/predictions/full_blind/full_blind_model_0.pdb,complete,,0,0,3,2,22,0,1,legacy: CA>4.5A; CN<1.1 or >1.6A; cKDTree radius1.8A; nonlocal local-distance>1,src/assess_relaxed_geometry.py; same thresholds; explicit local mapping,"warnings retained, never excluded after seeing results"
Full181,empty,15,results/full181_supplement/raw/empty/seed15/boltz_results_full_blind/predictions/full_blind/full_blind_model_0.pdb,complete,,0,0,7,7,7,0,1,legacy: CA>4.5A; CN<1.1 or >1.6A; cKDTree radius1.8A; nonlocal local-distance>1,src/assess_relaxed_geometry.py; same thresholds; explicit local mapping,"warnings retained, never excluded after seeing results"
Full181,formal_msa,1,results/full181_supplement/raw/formal_msa/seed1/boltz_results_full_blind_msa/predictions/full_blind_msa/full_blind_msa_model_0.pdb,complete,,0,0,4,3,13,0,1,legacy: CA>4.5A; CN<1.1 or >1.6A; cKDTree radius1.8A; nonlocal local-distance>1,src/assess_relaxed_geometry.py; same thresholds; explicit local mapping,"warnings retained, never excluded after seeing results"
Full181,formal_msa,2,results/full181_supplement/raw/formal_msa/seed2/boltz_results_full_blind_msa/predictions/full_blind_msa/full_blind_msa_model_0.pdb,complete,,0,0,4,4,4,0,1,legacy: CA>4.5A; CN<1.1 or >1.6A; cKDTree radius1.8A; nonlocal local-distance>1,src/assess_relaxed_geometry.py; same thresholds; explicit local mapping,"warnings retained, never excluded after seeing results"
Full181,formal_msa,3,results/full181_supplement/raw/formal_msa/seed3/boltz_results_full_blind_msa/predictions/full_blind_msa/full_blind_msa_model_0.pdb,complete,,0,0,10,9,8,0,1,legacy: CA>4.5A; CN<1.1 or >1.6A; cKDTree radius1.8A; nonlocal local-distance>1,src/assess_relaxed_geometry.py; same thresholds; explicit local mapping,"warnings retained, never excluded after seeing results"
Full181,formal_msa,4,results/full181_supplement/raw/formal_msa/seed4/boltz_results_full_blind_msa/predictions/full_blind_msa/full_blind_msa_model_0.pdb,complete,,0,0,1,1,6,0,1,legacy: CA>4.5A; CN<1.1 or >1.6A; cKDTree radius1.8A; nonlocal local-distance>1,src/assess_relaxed_geometry.py; same thresholds; explicit local mapping,"warnings retained, never excluded after seeing results"
Full181,formal_msa,5,results/full181_supplement/raw/formal_msa/seed5/boltz_results_full_blind_msa/predictions/full_blind_msa/full_blind_msa_model_0.pdb,complete,,0,0,2,0,4,0,1,legacy: CA>4.5A; CN<1.1 or >1.6A; cKDTree radius1.8A; nonlocal local-distance>1,src/assess_relaxed_geometry.py; same thresholds; explicit local mapping,"warnings retained, never excluded after seeing results"
Full181,formal_msa,6,results/full181_supplement/raw/formal_msa/seed6/boltz_results_full_blind_msa/predictions/full_blind_msa/full_blind_msa_model_0.pdb,complete,,0,0,1,0,4,0,1,legacy: CA>4.5A; CN<1.1 or >1.6A; cKDTree radius1.8A; nonlocal local-distance>1,src/assess_relaxed_geometry.py; same thresholds; explicit local mapping,"warnings retained, never excluded after seeing results"
Full181,formal_msa,7,results/full181_supplement/raw/formal_msa/seed7/boltz_results_full_blind_msa/predictions/full_blind_msa/full_blind_msa_model_0.pdb,complete,,0,0,3,2,10,0,1,legacy: CA>4.5A; CN<1.1 or >1.6A; cKDTree radius1.8A; nonlocal local-distance>1,src/assess_relaxed_geometry.py; same thresholds; explicit local mapping,"warnings retained, never excluded after seeing results"
Full181,formal_msa,8,results/full181_supplement/raw/formal_msa/seed8/boltz_results_full_blind_msa/predictions/full_blind_msa/full_blind_msa_model_0.pdb,complete,,0,0,2,2,13,0,1,legacy: CA>4.5A; CN<1.1 or >1.6A; cKDTree radius1.8A; nonlocal local-distance>1,src/assess_relaxed_geometry.py; same thresholds; explicit local mapping,"warnings retained, never excluded after seeing results"
Full181,formal_msa,9,results/full181_supplement/raw/formal_msa/seed9/boltz_results_full_blind_msa/predictions/full_blind_msa/full_blind_msa_model_0.pdb,complete,,0,0,2,0,9,0,1,legacy: CA>4.5A; CN<1.1 or >1.6A; cKDTree radius1.8A; nonlocal local-distance>1,src/assess_relaxed_geometry.py; same thresholds; explicit local mapping,"warnings retained, never excluded after seeing results"
Full181,formal_msa,10,results/full181_supplement/raw/formal_msa/seed10/boltz_results_full_blind_msa/predictions/full_blind_msa/full_blind_msa_model_0.pdb,complete,,0,0,12,12,4,0,1,legacy: CA>4.5A; CN<1.1 or >1.6A; cKDTree radius1.8A; nonlocal local-distance>1,src/assess_relaxed_geometry.py; same thresholds; explicit local mapping,"warnings retained, never excluded after seeing results"
Full181,formal_msa,11,results/full181_supplement/raw/formal_msa/seed11/boltz_results_full_blind_msa/predictions/full_blind_msa/full_blind_msa_model_0.pdb,complete,,0,0,5,5,3,0,1,legacy: CA>4.5A; CN<1.1 or >1.6A; cKDTree radius1.8A; nonlocal local-distance>1,src/assess_relaxed_geometry.py; same thresholds; explicit local mapping,"warnings retained, never excluded after seeing results"
Full181,formal_msa,12,results/full181_supplement/raw/formal_msa/seed12/boltz_results_full_blind_msa/predictions/full_blind_msa/full_blind_msa_model_0.pdb,complete,,0,0,6,6,2,0,1,legacy: CA>4.5A; CN<1.1 or >1.6A; cKDTree radius1.8A; nonlocal local-distance>1,src/assess_relaxed_geometry.py; same thresholds; explicit local mapping,"warnings retained, never excluded after seeing results"
Full181,formal_msa,13,results/full181_supplement/raw/formal_msa/seed13/boltz_results_full_blind_msa/predictions/full_blind_msa/full_blind_msa_model_0.pdb,complete,,0,0,4,3,10,0,1,legacy: CA>4.5A; CN<1.1 or >1.6A; cKDTree radius1.8A; nonlocal local-distance>1,src/assess_relaxed_geometry.py; same thresholds; explicit local mapping,"warnings retained, never excluded after seeing results"
Full181,formal_msa,14,results/full181_supplement/raw/formal_msa/seed14/boltz_results_full_blind_msa/predictions/full_blind_msa/full_blind_msa_model_0.pdb,complete,,0,0,0,0,9,0,1,legacy: CA>4.5A; CN<1.1 or >1.6A; cKDTree radius1.8A; nonlocal local-distance>1,src/assess_relaxed_geometry.py; same thresholds; explicit local mapping,"warnings retained, never excluded after seeing results"
Full181,formal_msa,15,results/full181_supplement/raw/formal_msa/seed15/boltz_results_full_blind_msa/predictions/full_blind_msa/full_blind_msa_model_0.pdb,complete,,0,0,4,3,13,0,1,legacy: CA>4.5A; CN<1.1 or >1.6A; cKDTree radius1.8A; nonlocal local-distance>1,src/assess_relaxed_geometry.py; same thresholds; explicit local mapping,"warnings retained, never excluded after seeing results"
