construct,condition,seed,source_path,chain,cli_max_msa_seqs,actual_model_tensor_depth,model_tensor_depth_not_equated_to_stored_depth,status,stored_msa_depth,msa_id,configured_mode,csv_replay_matches,paired_raw_depth,unpaired_raw_depth,final_csv_depth,processing_rule,paired_key_origin
Full181,empty,1,results/full181_supplement/raw/empty/seed1/boltz_results_full_blind/processed/records/full_blind.json,A,8192,unknown_not_instrumented,True,passed,NA,-1,explicit_empty_query_only,NA,,,,,
Full181,empty,1,results/full181_supplement/raw/empty/seed1/boltz_results_full_blind/processed/records/full_blind.json,H,8192,unknown_not_instrumented,True,passed,NA,-1,explicit_empty_query_only,NA,,,,,
Full181,empty,1,results/full181_supplement/raw/empty/seed1/boltz_results_full_blind/processed/records/full_blind.json,L,8192,unknown_not_instrumented,True,passed,NA,-1,explicit_empty_query_only,NA,,,,,
Full181,empty,2,results/full181_supplement/raw/empty/seed2/boltz_results_full_blind/processed/records/full_blind.json,A,8192,unknown_not_instrumented,True,passed,NA,-1,explicit_empty_query_only,NA,,,,,
Full181,empty,2,results/full181_supplement/raw/empty/seed2/boltz_results_full_blind/processed/records/full_blind.json,H,8192,unknown_not_instrumented,True,passed,NA,-1,explicit_empty_query_only,NA,,,,,
Full181,empty,2,results/full181_supplement/raw/empty/seed2/boltz_results_full_blind/processed/records/full_blind.json,L,8192,unknown_not_instrumented,True,passed,NA,-1,explicit_empty_query_only,NA,,,,,
Full181,empty,3,results/full181_supplement/raw/empty/seed3/boltz_results_full_blind/processed/records/full_blind.json,A,8192,unknown_not_instrumented,True,passed,NA,-1,explicit_empty_query_only,NA,,,,,
Full181,empty,3,results/full181_supplement/raw/empty/seed3/boltz_results_full_blind/processed/records/full_blind.json,H,8192,unknown_not_instrumented,True,passed,NA,-1,explicit_empty_query_only,NA,,,,,
Full181,empty,3,results/full181_supplement/raw/empty/seed3/boltz_results_full_blind/processed/records/full_blind.json,L,8192,unknown_not_instrumented,True,passed,NA,-1,explicit_empty_query_only,NA,,,,,
Full181,empty,4,results/full181_supplement/raw/empty/seed4/boltz_results_full_blind/processed/records/full_blind.json,A,8192,unknown_not_instrumented,True,passed,NA,-1,explicit_empty_query_only,NA,,,,,
Full181,empty,4,results/full181_supplement/raw/empty/seed4/boltz_results_full_blind/processed/records/full_blind.json,H,8192,unknown_not_instrumented,True,passed,NA,-1,explicit_empty_query_only,NA,,,,,
Full181,empty,4,results/full181_supplement/raw/empty/seed4/boltz_results_full_blind/processed/records/full_blind.json,L,8192,unknown_not_instrumented,True,passed,NA,-1,explicit_empty_query_only,NA,,,,,
Full181,empty,5,results/full181_supplement/raw/empty/seed5/boltz_results_full_blind/processed/records/full_blind.json,A,8192,unknown_not_instrumented,True,passed,NA,-1,explicit_empty_query_only,NA,,,,,
Full181,empty,5,results/full181_supplement/raw/empty/seed5/boltz_results_full_blind/processed/records/full_blind.json,H,8192,unknown_not_instrumented,True,passed,NA,-1,explicit_empty_query_only,NA,,,,,
Full181,empty,5,results/full181_supplement/raw/empty/seed5/boltz_results_full_blind/processed/records/full_blind.json,L,8192,unknown_not_instrumented,True,passed,NA,-1,explicit_empty_query_only,NA,,,,,
Full181,empty,6,results/full181_supplement/raw/empty/seed6/boltz_results_full_blind/processed/records/full_blind.json,A,8192,unknown_not_instrumented,True,passed,NA,-1,explicit_empty_query_only,NA,,,,,
Full181,empty,6,results/full181_supplement/raw/empty/seed6/boltz_results_full_blind/processed/records/full_blind.json,H,8192,unknown_not_instrumented,True,passed,NA,-1,explicit_empty_query_only,NA,,,,,
Full181,empty,6,results/full181_supplement/raw/empty/seed6/boltz_results_full_blind/processed/records/full_blind.json,L,8192,unknown_not_instrumented,True,passed,NA,-1,explicit_empty_query_only,NA,,,,,
Full181,empty,7,results/full181_supplement/raw/empty/seed7/boltz_results_full_blind/processed/records/full_blind.json,A,8192,unknown_not_instrumented,True,passed,NA,-1,explicit_empty_query_only,NA,,,,,
Full181,empty,7,results/full181_supplement/raw/empty/seed7/boltz_results_full_blind/processed/records/full_blind.json,H,8192,unknown_not_instrumented,True,passed,NA,-1,explicit_empty_query_only,NA,,,,,
Full181,empty,7,results/full181_supplement/raw/empty/seed7/boltz_results_full_blind/processed/records/full_blind.json,L,8192,unknown_not_instrumented,True,passed,NA,-1,explicit_empty_query_only,NA,,,,,
Full181,empty,8,results/full181_supplement/raw/empty/seed8/boltz_results_full_blind/processed/records/full_blind.json,A,8192,unknown_not_instrumented,True,passed,NA,-1,explicit_empty_query_only,NA,,,,,
Full181,empty,8,results/full181_supplement/raw/empty/seed8/boltz_results_full_blind/processed/records/full_blind.json,H,8192,unknown_not_instrumented,True,passed,NA,-1,explicit_empty_query_only,NA,,,,,
Full181,empty,8,results/full181_supplement/raw/empty/seed8/boltz_results_full_blind/processed/records/full_blind.json,L,8192,unknown_not_instrumented,True,passed,NA,-1,explicit_empty_query_only,NA,,,,,
Full181,empty,9,results/full181_supplement/raw/empty/seed9/boltz_results_full_blind/processed/records/full_blind.json,A,8192,unknown_not_instrumented,True,passed,NA,-1,explicit_empty_query_only,NA,,,,,
Full181,empty,9,results/full181_supplement/raw/empty/seed9/boltz_results_full_blind/processed/records/full_blind.json,H,8192,unknown_not_instrumented,True,passed,NA,-1,explicit_empty_query_only,NA,,,,,
Full181,empty,9,results/full181_supplement/raw/empty/seed9/boltz_results_full_blind/processed/records/full_blind.json,L,8192,unknown_not_instrumented,True,passed,NA,-1,explicit_empty_query_only,NA,,,,,
Full181,empty,10,results/full181_supplement/raw/empty/seed10/boltz_results_full_blind/processed/records/full_blind.json,A,8192,unknown_not_instrumented,True,passed,NA,-1,explicit_empty_query_only,NA,,,,,
Full181,empty,10,results/full181_supplement/raw/empty/seed10/boltz_results_full_blind/processed/records/full_blind.json,H,8192,unknown_not_instrumented,True,passed,NA,-1,explicit_empty_query_only,NA,,,,,
Full181,empty,10,results/full181_supplement/raw/empty/seed10/boltz_results_full_blind/processed/records/full_blind.json,L,8192,unknown_not_instrumented,True,passed,NA,-1,explicit_empty_query_only,NA,,,,,
Full181,empty,11,results/full181_supplement/raw/empty/seed11/boltz_results_full_blind/processed/records/full_blind.json,A,8192,unknown_not_instrumented,True,passed,NA,-1,explicit_empty_query_only,NA,,,,,
Full181,empty,11,results/full181_supplement/raw/empty/seed11/boltz_results_full_blind/processed/records/full_blind.json,H,8192,unknown_not_instrumented,True,passed,NA,-1,explicit_empty_query_only,NA,,,,,
Full181,empty,11,results/full181_supplement/raw/empty/seed11/boltz_results_full_blind/processed/records/full_blind.json,L,8192,unknown_not_instrumented,True,passed,NA,-1,explicit_empty_query_only,NA,,,,,
Full181,empty,12,results/full181_supplement/raw/empty/seed12/boltz_results_full_blind/processed/records/full_blind.json,A,8192,unknown_not_instrumented,True,passed,NA,-1,explicit_empty_query_only,NA,,,,,
Full181,empty,12,results/full181_supplement/raw/empty/seed12/boltz_results_full_blind/processed/records/full_blind.json,H,8192,unknown_not_instrumented,True,passed,NA,-1,explicit_empty_query_only,NA,,,,,
Full181,empty,12,results/full181_supplement/raw/empty/seed12/boltz_results_full_blind/processed/records/full_blind.json,L,8192,unknown_not_instrumented,True,passed,NA,-1,explicit_empty_query_only,NA,,,,,
Full181,empty,13,results/full181_supplement/raw/empty/seed13/boltz_results_full_blind/processed/records/full_blind.json,A,8192,unknown_not_instrumented,True,passed,NA,-1,explicit_empty_query_only,NA,,,,,
Full181,empty,13,results/full181_supplement/raw/empty/seed13/boltz_results_full_blind/processed/records/full_blind.json,H,8192,unknown_not_instrumented,True,passed,NA,-1,explicit_empty_query_only,NA,,,,,
Full181,empty,13,results/full181_supplement/raw/empty/seed13/boltz_results_full_blind/processed/records/full_blind.json,L,8192,unknown_not_instrumented,True,passed,NA,-1,explicit_empty_query_only,NA,,,,,
Full181,empty,14,results/full181_supplement/raw/empty/seed14/boltz_results_full_blind/processed/records/full_blind.json,A,8192,unknown_not_instrumented,True,passed,NA,-1,explicit_empty_query_only,NA,,,,,
Full181,empty,14,results/full181_supplement/raw/empty/seed14/boltz_results_full_blind/processed/records/full_blind.json,H,8192,unknown_not_instrumented,True,passed,NA,-1,explicit_empty_query_only,NA,,,,,
Full181,empty,14,results/full181_supplement/raw/empty/seed14/boltz_results_full_blind/processed/records/full_blind.json,L,8192,unknown_not_instrumented,True,passed,NA,-1,explicit_empty_query_only,NA,,,,,
Full181,empty,15,results/full181_supplement/raw/empty/seed15/boltz_results_full_blind/processed/records/full_blind.json,A,8192,unknown_not_instrumented,True,passed,NA,-1,explicit_empty_query_only,NA,,,,,
Full181,empty,15,results/full181_supplement/raw/empty/seed15/boltz_results_full_blind/processed/records/full_blind.json,H,8192,unknown_not_instrumented,True,passed,NA,-1,explicit_empty_query_only,NA,,,,,
Full181,empty,15,results/full181_supplement/raw/empty/seed15/boltz_results_full_blind/processed/records/full_blind.json,L,8192,unknown_not_instrumented,True,passed,NA,-1,explicit_empty_query_only,NA,,,,,
Full181,formal_msa,1,results/full181_supplement/raw/formal_msa/seed1/boltz_results_full_blind_msa/processed/msa/full_blind_msa_0.npz,A,8192,unknown_not_instrumented,True,passed,1251,full_blind_msa_0,,True,977,712,1588,original Boltz 2.2.1 parse_csv deduplication then 8192 cap,single_Full181_A_H_L_batch
Full181,formal_msa,1,results/full181_supplement/raw/formal_msa/seed1/boltz_results_full_blind_msa/processed/msa/full_blind_msa_1.npz,H,8192,unknown_not_instrumented,True,passed,8192,full_blind_msa_1,,True,977,9978,10953,original Boltz 2.2.1 parse_csv deduplication then 8192 cap,single_Full181_A_H_L_batch
Full181,formal_msa,1,results/full181_supplement/raw/formal_msa/seed1/boltz_results_full_blind_msa/processed/msa/full_blind_msa_2.npz,L,8192,unknown_not_instrumented,True,passed,8192,full_blind_msa_2,,True,977,10335,11310,original Boltz 2.2.1 parse_csv deduplication then 8192 cap,single_Full181_A_H_L_batch
Full181,formal_msa,2,results/full181_supplement/raw/formal_msa/seed2/boltz_results_full_blind_msa/processed/msa/full_blind_msa_0.npz,A,8192,unknown_not_instrumented,True,passed,1251,full_blind_msa_0,,True,977,712,1588,original Boltz 2.2.1 parse_csv deduplication then 8192 cap,single_Full181_A_H_L_batch
Full181,formal_msa,2,results/full181_supplement/raw/formal_msa/seed2/boltz_results_full_blind_msa/processed/msa/full_blind_msa_1.npz,H,8192,unknown_not_instrumented,True,passed,8192,full_blind_msa_1,,True,977,9978,10953,original Boltz 2.2.1 parse_csv deduplication then 8192 cap,single_Full181_A_H_L_batch
Full181,formal_msa,2,results/full181_supplement/raw/formal_msa/seed2/boltz_results_full_blind_msa/processed/msa/full_blind_msa_2.npz,L,8192,unknown_not_instrumented,True,passed,8192,full_blind_msa_2,,True,977,10335,11310,original Boltz 2.2.1 parse_csv deduplication then 8192 cap,single_Full181_A_H_L_batch
Full181,formal_msa,3,results/full181_supplement/raw/formal_msa/seed3/boltz_results_full_blind_msa/processed/msa/full_blind_msa_0.npz,A,8192,unknown_not_instrumented,True,passed,1251,full_blind_msa_0,,True,977,712,1588,original Boltz 2.2.1 parse_csv deduplication then 8192 cap,single_Full181_A_H_L_batch
Full181,formal_msa,3,results/full181_supplement/raw/formal_msa/seed3/boltz_results_full_blind_msa/processed/msa/full_blind_msa_1.npz,H,8192,unknown_not_instrumented,True,passed,8192,full_blind_msa_1,,True,977,9978,10953,original Boltz 2.2.1 parse_csv deduplication then 8192 cap,single_Full181_A_H_L_batch
Full181,formal_msa,3,results/full181_supplement/raw/formal_msa/seed3/boltz_results_full_blind_msa/processed/msa/full_blind_msa_2.npz,L,8192,unknown_not_instrumented,True,passed,8192,full_blind_msa_2,,True,977,10335,11310,original Boltz 2.2.1 parse_csv deduplication then 8192 cap,single_Full181_A_H_L_batch
Full181,formal_msa,4,results/full181_supplement/raw/formal_msa/seed4/boltz_results_full_blind_msa/processed/msa/full_blind_msa_0.npz,A,8192,unknown_not_instrumented,True,passed,1251,full_blind_msa_0,,True,977,712,1588,original Boltz 2.2.1 parse_csv deduplication then 8192 cap,single_Full181_A_H_L_batch
Full181,formal_msa,4,results/full181_supplement/raw/formal_msa/seed4/boltz_results_full_blind_msa/processed/msa/full_blind_msa_1.npz,H,8192,unknown_not_instrumented,True,passed,8192,full_blind_msa_1,,True,977,9978,10953,original Boltz 2.2.1 parse_csv deduplication then 8192 cap,single_Full181_A_H_L_batch
Full181,formal_msa,4,results/full181_supplement/raw/formal_msa/seed4/boltz_results_full_blind_msa/processed/msa/full_blind_msa_2.npz,L,8192,unknown_not_instrumented,True,passed,8192,full_blind_msa_2,,True,977,10335,11310,original Boltz 2.2.1 parse_csv deduplication then 8192 cap,single_Full181_A_H_L_batch
Full181,formal_msa,5,results/full181_supplement/raw/formal_msa/seed5/boltz_results_full_blind_msa/processed/msa/full_blind_msa_0.npz,A,8192,unknown_not_instrumented,True,passed,1251,full_blind_msa_0,,True,977,712,1588,original Boltz 2.2.1 parse_csv deduplication then 8192 cap,single_Full181_A_H_L_batch
Full181,formal_msa,5,results/full181_supplement/raw/formal_msa/seed5/boltz_results_full_blind_msa/processed/msa/full_blind_msa_1.npz,H,8192,unknown_not_instrumented,True,passed,8192,full_blind_msa_1,,True,977,9978,10953,original Boltz 2.2.1 parse_csv deduplication then 8192 cap,single_Full181_A_H_L_batch
Full181,formal_msa,5,results/full181_supplement/raw/formal_msa/seed5/boltz_results_full_blind_msa/processed/msa/full_blind_msa_2.npz,L,8192,unknown_not_instrumented,True,passed,8192,full_blind_msa_2,,True,977,10335,11310,original Boltz 2.2.1 parse_csv deduplication then 8192 cap,single_Full181_A_H_L_batch
Full181,formal_msa,6,results/full181_supplement/raw/formal_msa/seed6/boltz_results_full_blind_msa/processed/msa/full_blind_msa_0.npz,A,8192,unknown_not_instrumented,True,passed,1251,full_blind_msa_0,,True,977,712,1588,original Boltz 2.2.1 parse_csv deduplication then 8192 cap,single_Full181_A_H_L_batch
Full181,formal_msa,6,results/full181_supplement/raw/formal_msa/seed6/boltz_results_full_blind_msa/processed/msa/full_blind_msa_1.npz,H,8192,unknown_not_instrumented,True,passed,8192,full_blind_msa_1,,True,977,9978,10953,original Boltz 2.2.1 parse_csv deduplication then 8192 cap,single_Full181_A_H_L_batch
Full181,formal_msa,6,results/full181_supplement/raw/formal_msa/seed6/boltz_results_full_blind_msa/processed/msa/full_blind_msa_2.npz,L,8192,unknown_not_instrumented,True,passed,8192,full_blind_msa_2,,True,977,10335,11310,original Boltz 2.2.1 parse_csv deduplication then 8192 cap,single_Full181_A_H_L_batch
Full181,formal_msa,7,results/full181_supplement/raw/formal_msa/seed7/boltz_results_full_blind_msa/processed/msa/full_blind_msa_0.npz,A,8192,unknown_not_instrumented,True,passed,1251,full_blind_msa_0,,True,977,712,1588,original Boltz 2.2.1 parse_csv deduplication then 8192 cap,single_Full181_A_H_L_batch
Full181,formal_msa,7,results/full181_supplement/raw/formal_msa/seed7/boltz_results_full_blind_msa/processed/msa/full_blind_msa_1.npz,H,8192,unknown_not_instrumented,True,passed,8192,full_blind_msa_1,,True,977,9978,10953,original Boltz 2.2.1 parse_csv deduplication then 8192 cap,single_Full181_A_H_L_batch
Full181,formal_msa,7,results/full181_supplement/raw/formal_msa/seed7/boltz_results_full_blind_msa/processed/msa/full_blind_msa_2.npz,L,8192,unknown_not_instrumented,True,passed,8192,full_blind_msa_2,,True,977,10335,11310,original Boltz 2.2.1 parse_csv deduplication then 8192 cap,single_Full181_A_H_L_batch
Full181,formal_msa,8,results/full181_supplement/raw/formal_msa/seed8/boltz_results_full_blind_msa/processed/msa/full_blind_msa_0.npz,A,8192,unknown_not_instrumented,True,passed,1251,full_blind_msa_0,,True,977,712,1588,original Boltz 2.2.1 parse_csv deduplication then 8192 cap,single_Full181_A_H_L_batch
Full181,formal_msa,8,results/full181_supplement/raw/formal_msa/seed8/boltz_results_full_blind_msa/processed/msa/full_blind_msa_1.npz,H,8192,unknown_not_instrumented,True,passed,8192,full_blind_msa_1,,True,977,9978,10953,original Boltz 2.2.1 parse_csv deduplication then 8192 cap,single_Full181_A_H_L_batch
Full181,formal_msa,8,results/full181_supplement/raw/formal_msa/seed8/boltz_results_full_blind_msa/processed/msa/full_blind_msa_2.npz,L,8192,unknown_not_instrumented,True,passed,8192,full_blind_msa_2,,True,977,10335,11310,original Boltz 2.2.1 parse_csv deduplication then 8192 cap,single_Full181_A_H_L_batch
Full181,formal_msa,9,results/full181_supplement/raw/formal_msa/seed9/boltz_results_full_blind_msa/processed/msa/full_blind_msa_0.npz,A,8192,unknown_not_instrumented,True,passed,1251,full_blind_msa_0,,True,977,712,1588,original Boltz 2.2.1 parse_csv deduplication then 8192 cap,single_Full181_A_H_L_batch
Full181,formal_msa,9,results/full181_supplement/raw/formal_msa/seed9/boltz_results_full_blind_msa/processed/msa/full_blind_msa_1.npz,H,8192,unknown_not_instrumented,True,passed,8192,full_blind_msa_1,,True,977,9978,10953,original Boltz 2.2.1 parse_csv deduplication then 8192 cap,single_Full181_A_H_L_batch
Full181,formal_msa,9,results/full181_supplement/raw/formal_msa/seed9/boltz_results_full_blind_msa/processed/msa/full_blind_msa_2.npz,L,8192,unknown_not_instrumented,True,passed,8192,full_blind_msa_2,,True,977,10335,11310,original Boltz 2.2.1 parse_csv deduplication then 8192 cap,single_Full181_A_H_L_batch
Full181,formal_msa,10,results/full181_supplement/raw/formal_msa/seed10/boltz_results_full_blind_msa/processed/msa/full_blind_msa_0.npz,A,8192,unknown_not_instrumented,True,passed,1251,full_blind_msa_0,,True,977,712,1588,original Boltz 2.2.1 parse_csv deduplication then 8192 cap,single_Full181_A_H_L_batch
Full181,formal_msa,10,results/full181_supplement/raw/formal_msa/seed10/boltz_results_full_blind_msa/processed/msa/full_blind_msa_1.npz,H,8192,unknown_not_instrumented,True,passed,8192,full_blind_msa_1,,True,977,9978,10953,original Boltz 2.2.1 parse_csv deduplication then 8192 cap,single_Full181_A_H_L_batch
Full181,formal_msa,10,results/full181_supplement/raw/formal_msa/seed10/boltz_results_full_blind_msa/processed/msa/full_blind_msa_2.npz,L,8192,unknown_not_instrumented,True,passed,8192,full_blind_msa_2,,True,977,10335,11310,original Boltz 2.2.1 parse_csv deduplication then 8192 cap,single_Full181_A_H_L_batch
Full181,formal_msa,11,results/full181_supplement/raw/formal_msa/seed11/boltz_results_full_blind_msa/processed/msa/full_blind_msa_0.npz,A,8192,unknown_not_instrumented,True,passed,1251,full_blind_msa_0,,True,977,712,1588,original Boltz 2.2.1 parse_csv deduplication then 8192 cap,single_Full181_A_H_L_batch
Full181,formal_msa,11,results/full181_supplement/raw/formal_msa/seed11/boltz_results_full_blind_msa/processed/msa/full_blind_msa_1.npz,H,8192,unknown_not_instrumented,True,passed,8192,full_blind_msa_1,,True,977,9978,10953,original Boltz 2.2.1 parse_csv deduplication then 8192 cap,single_Full181_A_H_L_batch
Full181,formal_msa,11,results/full181_supplement/raw/formal_msa/seed11/boltz_results_full_blind_msa/processed/msa/full_blind_msa_2.npz,L,8192,unknown_not_instrumented,True,passed,8192,full_blind_msa_2,,True,977,10335,11310,original Boltz 2.2.1 parse_csv deduplication then 8192 cap,single_Full181_A_H_L_batch
Full181,formal_msa,12,results/full181_supplement/raw/formal_msa/seed12/boltz_results_full_blind_msa/processed/msa/full_blind_msa_0.npz,A,8192,unknown_not_instrumented,True,passed,1251,full_blind_msa_0,,True,977,712,1588,original Boltz 2.2.1 parse_csv deduplication then 8192 cap,single_Full181_A_H_L_batch
Full181,formal_msa,12,results/full181_supplement/raw/formal_msa/seed12/boltz_results_full_blind_msa/processed/msa/full_blind_msa_1.npz,H,8192,unknown_not_instrumented,True,passed,8192,full_blind_msa_1,,True,977,9978,10953,original Boltz 2.2.1 parse_csv deduplication then 8192 cap,single_Full181_A_H_L_batch
Full181,formal_msa,12,results/full181_supplement/raw/formal_msa/seed12/boltz_results_full_blind_msa/processed/msa/full_blind_msa_2.npz,L,8192,unknown_not_instrumented,True,passed,8192,full_blind_msa_2,,True,977,10335,11310,original Boltz 2.2.1 parse_csv deduplication then 8192 cap,single_Full181_A_H_L_batch
Full181,formal_msa,13,results/full181_supplement/raw/formal_msa/seed13/boltz_results_full_blind_msa/processed/msa/full_blind_msa_0.npz,A,8192,unknown_not_instrumented,True,passed,1251,full_blind_msa_0,,True,977,712,1588,original Boltz 2.2.1 parse_csv deduplication then 8192 cap,single_Full181_A_H_L_batch
Full181,formal_msa,13,results/full181_supplement/raw/formal_msa/seed13/boltz_results_full_blind_msa/processed/msa/full_blind_msa_1.npz,H,8192,unknown_not_instrumented,True,passed,8192,full_blind_msa_1,,True,977,9978,10953,original Boltz 2.2.1 parse_csv deduplication then 8192 cap,single_Full181_A_H_L_batch
Full181,formal_msa,13,results/full181_supplement/raw/formal_msa/seed13/boltz_results_full_blind_msa/processed/msa/full_blind_msa_2.npz,L,8192,unknown_not_instrumented,True,passed,8192,full_blind_msa_2,,True,977,10335,11310,original Boltz 2.2.1 parse_csv deduplication then 8192 cap,single_Full181_A_H_L_batch
Full181,formal_msa,14,results/full181_supplement/raw/formal_msa/seed14/boltz_results_full_blind_msa/processed/msa/full_blind_msa_0.npz,A,8192,unknown_not_instrumented,True,passed,1251,full_blind_msa_0,,True,977,712,1588,original Boltz 2.2.1 parse_csv deduplication then 8192 cap,single_Full181_A_H_L_batch
Full181,formal_msa,14,results/full181_supplement/raw/formal_msa/seed14/boltz_results_full_blind_msa/processed/msa/full_blind_msa_1.npz,H,8192,unknown_not_instrumented,True,passed,8192,full_blind_msa_1,,True,977,9978,10953,original Boltz 2.2.1 parse_csv deduplication then 8192 cap,single_Full181_A_H_L_batch
Full181,formal_msa,14,results/full181_supplement/raw/formal_msa/seed14/boltz_results_full_blind_msa/processed/msa/full_blind_msa_2.npz,L,8192,unknown_not_instrumented,True,passed,8192,full_blind_msa_2,,True,977,10335,11310,original Boltz 2.2.1 parse_csv deduplication then 8192 cap,single_Full181_A_H_L_batch
Full181,formal_msa,15,results/full181_supplement/raw/formal_msa/seed15/boltz_results_full_blind_msa/processed/msa/full_blind_msa_0.npz,A,8192,unknown_not_instrumented,True,passed,1251,full_blind_msa_0,,True,977,712,1588,original Boltz 2.2.1 parse_csv deduplication then 8192 cap,single_Full181_A_H_L_batch
Full181,formal_msa,15,results/full181_supplement/raw/formal_msa/seed15/boltz_results_full_blind_msa/processed/msa/full_blind_msa_1.npz,H,8192,unknown_not_instrumented,True,passed,8192,full_blind_msa_1,,True,977,9978,10953,original Boltz 2.2.1 parse_csv deduplication then 8192 cap,single_Full181_A_H_L_batch
Full181,formal_msa,15,results/full181_supplement/raw/formal_msa/seed15/boltz_results_full_blind_msa/processed/msa/full_blind_msa_2.npz,L,8192,unknown_not_instrumented,True,passed,8192,full_blind_msa_2,,True,977,10335,11310,original Boltz 2.2.1 parse_csv deduplication then 8192 cap,single_Full181_A_H_L_batch
