endpoint,DeltaH_7,DeltaH_9,DeltaH_11,DeltaH_15,DeltaH_21,complete_scale_count,P7,P9,P11,P15,P21,HydroConsensus,HydroSupportCount75,HydroSupportCount90
60.0,3.114285714285714,2.6333333333333337,1.9,1.3800000000000001,0.6523809523809524,5.0,0.9824561403508771,1.0,0.9824561403508771,0.9385964912280702,0.7280701754385965,0.9824561403508771,4.0,4.0
63.0,0.9714285714285712,1.5666666666666667,0.9363636363636362,1.0933333333333333,0.8761904761904764,5.0,0.7017543859649122,0.8947368421052632,0.8157894736842105,0.8771929824561403,0.868421052631579,0.868421052631579,4.0,0.0
80.0,1.3714285714285714,1.133333333333333,0.9999999999999998,0.8466666666666666,0.15714285714285706,5.0,0.7894736842105263,0.8070175438596491,0.8421052631578947,0.7982456140350878,0.5350877192982456,0.7982456140350878,4.0,0.0
102.0,3.3000000000000003,1.588888888888889,1.4545454545454546,1.0666666666666667,1.2523809523809524,5.0,0.9912280701754386,0.9122807017543859,0.9298245614035088,0.8421052631578947,0.9649122807017544,0.9298245614035088,5.0,4.0
105.0,1.6,1.9000000000000001,1.4272727272727272,1.1800000000000002,1.2047619047619045,5.0,0.8245614035087719,0.9298245614035088,0.9210526315789473,0.9210526315789473,0.956140350877193,0.9210526315789473,5.0,4.0
107.0,1.0571428571428572,1.9444444444444444,1.6272727272727274,2.0733333333333333,0.8761904761904762,5.0,0.7280701754385965,0.9385964912280702,0.9649122807017544,1.0,0.868421052631579,0.9385964912280702,4.0,3.0
144.0,2.928571428571429,1.833333333333333,1.009090909090909,1.2866666666666666,1.7238095238095237,5.0,0.9649122807017544,0.9210526315789473,0.8508771929824561,0.9298245614035088,1.0,0.9298245614035088,5.0,4.0
154.0,2.1285714285714286,0.8444444444444444,1.2636363636363637,1.0933333333333333,1.1666666666666665,5.0,0.9122807017543859,0.7280701754385965,0.9035087719298246,0.8771929824561403,0.9385964912280702,0.9035087719298246,4.0,3.0
158.0,3.314285714285714,2.4444444444444446,2.2181818181818183,1.9933333333333336,1.6666666666666665,5.0,1.0,0.9824561403508771,1.0,0.9912280701754386,0.9912280701754386,0.9912280701754386,5.0,5.0
