construct,condition,seed,source_path,antigen_local,antigen_project,antigen_pdb_resseq,antigen_pdb_insertion,antigen_resname,antibody_chain,antibody_local,antibody_pdb_resseq,antibody_pdb_insertion,antibody_resname,antibody_imgt_position,antibody_imgt_insertion,antibody_region,min_distance_A,contact_4p5,contact_5p0
Full181,formal_msa,1,results/full181_supplement/raw/formal_msa/seed1/boltz_results_full_blind_msa/predictions/full_blind_msa/full_blind_msa_model_0.pdb,38,38,38,,GLY,L,93,93,,TYR,114,,CDR3,2.6231214230378272,1,1
Full181,formal_msa,1,results/full181_supplement/raw/formal_msa/seed1/boltz_results_full_blind_msa/predictions/full_blind_msa/full_blind_msa_model_0.pdb,39,39,39,,VAL,L,93,93,,TYR,114,,CDR3,4.768300116393681,0,1
Full181,formal_msa,1,results/full181_supplement/raw/formal_msa/seed1/boltz_results_full_blind_msa/predictions/full_blind_msa/full_blind_msa_model_0.pdb,40,40,40,,VAL,H,56,56,,ASP,64,,CDR2,3.3848076754817256,1,1
Full181,formal_msa,1,results/full181_supplement/raw/formal_msa/seed1/boltz_results_full_blind_msa/predictions/full_blind_msa/full_blind_msa_model_0.pdb,40,40,40,,VAL,H,58,58,,SER,66,,FR3,3.0183069757730077,1,1
Full181,formal_msa,1,results/full181_supplement/raw/formal_msa/seed1/boltz_results_full_blind_msa/predictions/full_blind_msa/full_blind_msa_model_0.pdb,42,42,42,,PRO,H,54,54,,ASN,62,,CDR2,4.866454356099521,0,1
Full181,formal_msa,1,results/full181_supplement/raw/formal_msa/seed1/boltz_results_full_blind_msa/predictions/full_blind_msa/full_blind_msa_model_0.pdb,42,42,42,,PRO,H,56,56,,ASP,64,,CDR2,4.869676477960317,0,1
Full181,formal_msa,1,results/full181_supplement/raw/formal_msa/seed1/boltz_results_full_blind_msa/predictions/full_blind_msa/full_blind_msa_model_0.pdb,43,43,43,,GLU,H,33,33,,ASN,38,,CDR1,4.413303637865856,1,1
Full181,formal_msa,1,results/full181_supplement/raw/formal_msa/seed1/boltz_results_full_blind_msa/predictions/full_blind_msa/full_blind_msa_model_0.pdb,43,43,43,,GLU,H,50,50,,ILE,56,,CDR2,4.9633884595102975,0,1
Full181,formal_msa,1,results/full181_supplement/raw/formal_msa/seed1/boltz_results_full_blind_msa/predictions/full_blind_msa/full_blind_msa_model_0.pdb,43,43,43,,GLU,H,52,52,,PRO,58,,CDR2,3.2318801029741193,1,1
Full181,formal_msa,1,results/full181_supplement/raw/formal_msa/seed1/boltz_results_full_blind_msa/predictions/full_blind_msa/full_blind_msa_model_0.pdb,43,43,43,,GLU,H,53,53,,TYR,59,,CDR2,4.052998026152985,1,1
Full181,formal_msa,1,results/full181_supplement/raw/formal_msa/seed1/boltz_results_full_blind_msa/predictions/full_blind_msa/full_blind_msa_model_0.pdb,43,43,43,,GLU,H,54,54,,ASN,62,,CDR2,3.81401127423609,1,1
Full181,formal_msa,1,results/full181_supplement/raw/formal_msa/seed1/boltz_results_full_blind_msa/predictions/full_blind_msa/full_blind_msa_model_0.pdb,43,43,43,,GLU,H,56,56,,ASP,64,,CDR2,3.822249861011182,1,1
Full181,formal_msa,1,results/full181_supplement/raw/formal_msa/seed1/boltz_results_full_blind_msa/predictions/full_blind_msa/full_blind_msa_model_0.pdb,43,43,43,,GLU,H,58,58,,SER,66,,FR3,4.8265287733525435,0,1
Full181,formal_msa,1,results/full181_supplement/raw/formal_msa/seed1/boltz_results_full_blind_msa/predictions/full_blind_msa/full_blind_msa_model_0.pdb,46,46,46,,GLU,H,53,53,,TYR,59,,CDR2,3.205961478246425,1,1
Full181,formal_msa,1,results/full181_supplement/raw/formal_msa/seed1/boltz_results_full_blind_msa/predictions/full_blind_msa/full_blind_msa_model_0.pdb,46,46,46,,GLU,H,54,54,,ASN,62,,CDR2,2.904845090534089,1,1
Full181,formal_msa,1,results/full181_supplement/raw/formal_msa/seed1/boltz_results_full_blind_msa/predictions/full_blind_msa/full_blind_msa_model_0.pdb,47,47,47,,ALA,H,53,53,,TYR,59,,CDR2,3.007141001017411,1,1
Full181,formal_msa,1,results/full181_supplement/raw/formal_msa/seed1/boltz_results_full_blind_msa/predictions/full_blind_msa/full_blind_msa_model_0.pdb,50,50,50,,THR,H,53,53,,TYR,59,,CDR2,4.4443199704791745,1,1
Full181,formal_msa,1,results/full181_supplement/raw/formal_msa/seed1/boltz_results_full_blind_msa/predictions/full_blind_msa/full_blind_msa_model_0.pdb,91,91,91,,TYR,H,104,104,,TRP,113,,CDR3,4.778765007823674,0,1
Full181,formal_msa,1,results/full181_supplement/raw/formal_msa/seed1/boltz_results_full_blind_msa/predictions/full_blind_msa/full_blind_msa_model_0.pdb,92,92,92,,LEU,H,104,104,,TRP,113,,CDR3,2.018005203164749,1,1
Full181,formal_msa,1,results/full181_supplement/raw/formal_msa/seed1/boltz_results_full_blind_msa/predictions/full_blind_msa/full_blind_msa_model_0.pdb,92,92,92,,LEU,L,50,50,,TRP,56,,CDR2,3.9863603700618944,1,1
Full181,formal_msa,1,results/full181_supplement/raw/formal_msa/seed1/boltz_results_full_blind_msa/predictions/full_blind_msa/full_blind_msa_model_0.pdb,93,93,93,,ASN,H,104,104,,TRP,113,,CDR3,4.009443602296957,1,1
Full181,formal_msa,1,results/full181_supplement/raw/formal_msa/seed1/boltz_results_full_blind_msa/predictions/full_blind_msa/full_blind_msa_model_0.pdb,93,93,93,,ASN,L,50,50,,TRP,56,,CDR2,4.08647084903343,1,1
Full181,formal_msa,1,results/full181_supplement/raw/formal_msa/seed1/boltz_results_full_blind_msa/predictions/full_blind_msa/full_blind_msa_model_0.pdb,93,93,93,,ASN,L,53,53,,ARG,66,,FR3,4.149558410240781,1,1
Full181,formal_msa,1,results/full181_supplement/raw/formal_msa/seed1/boltz_results_full_blind_msa/predictions/full_blind_msa/full_blind_msa_model_0.pdb,96,96,96,,PHE,H,101,101,,THR,110,,CDR3,3.753341044989117,1,1
Full181,formal_msa,1,results/full181_supplement/raw/formal_msa/seed1/boltz_results_full_blind_msa/predictions/full_blind_msa/full_blind_msa_model_0.pdb,96,96,96,,PHE,H,104,104,,TRP,113,,CDR3,3.4249633574682234,1,1
Full181,formal_msa,1,results/full181_supplement/raw/formal_msa/seed1/boltz_results_full_blind_msa/predictions/full_blind_msa/full_blind_msa_model_0.pdb,97,97,97,,LYS,H,102,102,,ASP,111,,CDR3,2.470227519885567,1,1
Full181,formal_msa,1,results/full181_supplement/raw/formal_msa/seed1/boltz_results_full_blind_msa/predictions/full_blind_msa/full_blind_msa_model_0.pdb,97,97,97,,LYS,H,104,104,,TRP,113,,CDR3,3.749714255780032,1,1
Full181,formal_msa,1,results/full181_supplement/raw/formal_msa/seed1/boltz_results_full_blind_msa/predictions/full_blind_msa/full_blind_msa_model_0.pdb,97,97,97,,LYS,L,53,53,,ARG,66,,FR3,1.8212207444458783,1,1
Full181,formal_msa,1,results/full181_supplement/raw/formal_msa/seed1/boltz_results_full_blind_msa/predictions/full_blind_msa/full_blind_msa_model_0.pdb,100,100,100,,HIS,H,32,32,,TYR,37,,CDR1,4.715301262909931,0,1
Full181,formal_msa,1,results/full181_supplement/raw/formal_msa/seed1/boltz_results_full_blind_msa/predictions/full_blind_msa/full_blind_msa_model_0.pdb,100,100,100,,HIS,H,99,99,,GLU,108,,CDR3,3.696204133973122,1,1
Full181,formal_msa,1,results/full181_supplement/raw/formal_msa/seed1/boltz_results_full_blind_msa/predictions/full_blind_msa/full_blind_msa_model_0.pdb,100,100,100,,HIS,H,101,101,,THR,110,,CDR3,2.142690131586928,1,1
Full181,formal_msa,1,results/full181_supplement/raw/formal_msa/seed1/boltz_results_full_blind_msa/predictions/full_blind_msa/full_blind_msa_model_0.pdb,100,100,100,,HIS,H,102,102,,ASP,111,,CDR3,4.742314624737587,0,1
Full181,formal_msa,1,results/full181_supplement/raw/formal_msa/seed1/boltz_results_full_blind_msa/predictions/full_blind_msa/full_blind_msa_model_0.pdb,107,107,107,,LYS,H,31,31,,ASP,36,,CDR1,3.9670940245978548,1,1
Full181,formal_msa,1,results/full181_supplement/raw/formal_msa/seed1/boltz_results_full_blind_msa/predictions/full_blind_msa/full_blind_msa_model_0.pdb,108,108,108,,VAL,H,31,31,,ASP,36,,CDR1,4.310631740244115,1,1
Full181,formal_msa,1,results/full181_supplement/raw/formal_msa/seed1/boltz_results_full_blind_msa/predictions/full_blind_msa/full_blind_msa_model_0.pdb,109,109,109,,LEU,H,31,31,,ASP,36,,CDR1,2.893992916370045,1,1
Full181,formal_msa,1,results/full181_supplement/raw/formal_msa/seed1/boltz_results_full_blind_msa/predictions/full_blind_msa/full_blind_msa_model_0.pdb,109,109,109,,LEU,H,32,32,,TYR,37,,CDR1,2.7174793467476435,1,1
Full181,formal_msa,1,results/full181_supplement/raw/formal_msa/seed1/boltz_results_full_blind_msa/predictions/full_blind_msa/full_blind_msa_model_0.pdb,110,110,110,,ARG,H,29,29,,PHE,30,,CDR1,3.811957764718805,1,1
Full181,formal_msa,1,results/full181_supplement/raw/formal_msa/seed1/boltz_results_full_blind_msa/predictions/full_blind_msa/full_blind_msa_model_0.pdb,110,110,110,,ARG,H,30,30,,THR,35,,CDR1,2.210672748282747,1,1
Full181,formal_msa,1,results/full181_supplement/raw/formal_msa/seed1/boltz_results_full_blind_msa/predictions/full_blind_msa/full_blind_msa_model_0.pdb,110,110,110,,ARG,H,31,31,,ASP,36,,CDR1,2.3920294730625704,1,1
Full181,formal_msa,1,results/full181_supplement/raw/formal_msa/seed1/boltz_results_full_blind_msa/predictions/full_blind_msa/full_blind_msa_model_0.pdb,110,110,110,,ARG,H,32,32,,TYR,37,,CDR1,3.432073134418904,1,1
Full181,formal_msa,1,results/full181_supplement/raw/formal_msa/seed1/boltz_results_full_blind_msa/predictions/full_blind_msa/full_blind_msa_model_0.pdb,110,110,110,,ARG,H,33,33,,ASN,38,,CDR1,3.4730980406547687,1,1
Full181,formal_msa,1,results/full181_supplement/raw/formal_msa/seed1/boltz_results_full_blind_msa/predictions/full_blind_msa/full_blind_msa_model_0.pdb,110,110,110,,ARG,H,51,51,,ASP,57,,CDR2,3.454708815515426,1,1
Full181,formal_msa,1,results/full181_supplement/raw/formal_msa/seed1/boltz_results_full_blind_msa/predictions/full_blind_msa/full_blind_msa_model_0.pdb,110,110,110,,ARG,H,52,52,,PRO,58,,CDR2,2.1188898036471837,1,1
Full181,formal_msa,1,results/full181_supplement/raw/formal_msa/seed1/boltz_results_full_blind_msa/predictions/full_blind_msa/full_blind_msa_model_0.pdb,110,110,110,,ARG,H,53,53,,TYR,59,,CDR2,1.7564034274619253,1,1
Full181,formal_msa,1,results/full181_supplement/raw/formal_msa/seed1/boltz_results_full_blind_msa/predictions/full_blind_msa/full_blind_msa_model_0.pdb,110,110,110,,ARG,H,54,54,,ASN,62,,CDR2,3.9211086442484606,1,1
Full181,formal_msa,1,results/full181_supplement/raw/formal_msa/seed1/boltz_results_full_blind_msa/predictions/full_blind_msa/full_blind_msa_model_0.pdb,110,110,110,,ARG,H,55,55,,ASP,63,,CDR2,4.923616760065714,0,1
Full181,formal_msa,1,results/full181_supplement/raw/formal_msa/seed1/boltz_results_full_blind_msa/predictions/full_blind_msa/full_blind_msa_model_0.pdb,111,111,111,,SER,H,31,31,,ASP,36,,CDR1,4.778457073156565,0,1
Full181,formal_msa,1,results/full181_supplement/raw/formal_msa/seed1/boltz_results_full_blind_msa/predictions/full_blind_msa/full_blind_msa_model_0.pdb,111,111,111,,SER,H,53,53,,TYR,59,,CDR2,3.664163888256092,1,1
Full181,formal_msa,1,results/full181_supplement/raw/formal_msa/seed1/boltz_results_full_blind_msa/predictions/full_blind_msa/full_blind_msa_model_0.pdb,112,112,112,,PHE,H,100,100,,ILE,109,,CDR3,3.459042208473322,1,1
Full181,formal_msa,1,results/full181_supplement/raw/formal_msa/seed1/boltz_results_full_blind_msa/predictions/full_blind_msa/full_blind_msa_model_0.pdb,112,112,112,,PHE,H,101,101,,THR,110,,CDR3,2.317296269362206,1,1
Full181,formal_msa,1,results/full181_supplement/raw/formal_msa/seed1/boltz_results_full_blind_msa/predictions/full_blind_msa/full_blind_msa_model_0.pdb,113,113,113,,SER,H,31,31,,ASP,36,,CDR1,4.469403204008339,1,1
Full181,formal_msa,1,results/full181_supplement/raw/formal_msa/seed1/boltz_results_full_blind_msa/predictions/full_blind_msa/full_blind_msa_model_0.pdb,113,113,113,,SER,H,33,33,,ASN,38,,CDR1,4.481937639012841,1,1
Full181,formal_msa,1,results/full181_supplement/raw/formal_msa/seed1/boltz_results_full_blind_msa/predictions/full_blind_msa/full_blind_msa_model_0.pdb,113,113,113,,SER,H,98,98,,TRP,107,,CDR3,3.359663375994684,1,1
Full181,formal_msa,1,results/full181_supplement/raw/formal_msa/seed1/boltz_results_full_blind_msa/predictions/full_blind_msa/full_blind_msa_model_0.pdb,113,113,113,,SER,H,99,99,,GLU,108,,CDR3,4.343413173991164,1,1
Full181,formal_msa,1,results/full181_supplement/raw/formal_msa/seed1/boltz_results_full_blind_msa/predictions/full_blind_msa/full_blind_msa_model_0.pdb,113,113,113,,SER,H,100,100,,ILE,109,,CDR3,2.5568459085365314,1,1
Full181,formal_msa,1,results/full181_supplement/raw/formal_msa/seed1/boltz_results_full_blind_msa/predictions/full_blind_msa/full_blind_msa_model_0.pdb,114,114,114,,THR,H,33,33,,ASN,38,,CDR1,3.046671298318871,1,1
Full181,formal_msa,1,results/full181_supplement/raw/formal_msa/seed1/boltz_results_full_blind_msa/predictions/full_blind_msa/full_blind_msa_model_0.pdb,114,114,114,,THR,H,52,52,,PRO,58,,CDR2,4.954842479837274,0,1
Full181,formal_msa,1,results/full181_supplement/raw/formal_msa/seed1/boltz_results_full_blind_msa/predictions/full_blind_msa/full_blind_msa_model_0.pdb,114,114,114,,THR,H,53,53,,TYR,59,,CDR2,3.545122423838139,1,1
Full181,formal_msa,1,results/full181_supplement/raw/formal_msa/seed1/boltz_results_full_blind_msa/predictions/full_blind_msa/full_blind_msa_model_0.pdb,114,114,114,,THR,H,100,100,,ILE,109,,CDR3,4.759767431293256,0,1
Full181,formal_msa,1,results/full181_supplement/raw/formal_msa/seed1/boltz_results_full_blind_msa/predictions/full_blind_msa/full_blind_msa_model_0.pdb,116,116,116,,ALA,H,100,100,,ILE,109,,CDR3,2.177097379540015,1,1
Full181,formal_msa,1,results/full181_supplement/raw/formal_msa/seed1/boltz_results_full_blind_msa/predictions/full_blind_msa/full_blind_msa_model_0.pdb,116,116,116,,ALA,H,104,104,,TRP,113,,CDR3,4.8903571444220715,0,1
Full181,formal_msa,1,results/full181_supplement/raw/formal_msa/seed1/boltz_results_full_blind_msa/predictions/full_blind_msa/full_blind_msa_model_0.pdb,117,117,117,,ASN,H,35,35,,TYR,40,,FR2,3.130662869106158,1,1
Full181,formal_msa,1,results/full181_supplement/raw/formal_msa/seed1/boltz_results_full_blind_msa/predictions/full_blind_msa/full_blind_msa_model_0.pdb,117,117,117,,ASN,H,50,50,,ILE,56,,CDR2,4.644281860524833,0,1
Full181,formal_msa,1,results/full181_supplement/raw/formal_msa/seed1/boltz_results_full_blind_msa/predictions/full_blind_msa/full_blind_msa_model_0.pdb,117,117,117,,ASN,H,98,98,,TRP,107,,CDR3,3.3425093866734317,1,1
Full181,formal_msa,1,results/full181_supplement/raw/formal_msa/seed1/boltz_results_full_blind_msa/predictions/full_blind_msa/full_blind_msa_model_0.pdb,117,117,117,,ASN,H,100,100,,ILE,109,,CDR3,2.701500879141075,1,1
Full181,formal_msa,1,results/full181_supplement/raw/formal_msa/seed1/boltz_results_full_blind_msa/predictions/full_blind_msa/full_blind_msa_model_0.pdb,117,117,117,,ASN,L,93,93,,TYR,114,,CDR3,2.2299517932009203,1,1
Full181,formal_msa,1,results/full181_supplement/raw/formal_msa/seed1/boltz_results_full_blind_msa/predictions/full_blind_msa/full_blind_msa_model_0.pdb,117,117,117,,ASN,L,95,95,,TYR,116,,CDR3,2.324977634301027,1,1
Full181,formal_msa,1,results/full181_supplement/raw/formal_msa/seed1/boltz_results_full_blind_msa/predictions/full_blind_msa/full_blind_msa_model_0.pdb,120,120,120,,ILE,H,98,98,,TRP,107,,CDR3,4.259101548448921,1,1
Full181,formal_msa,1,results/full181_supplement/raw/formal_msa/seed1/boltz_results_full_blind_msa/predictions/full_blind_msa/full_blind_msa_model_0.pdb,120,120,120,,ILE,H,100,100,,ILE,109,,CDR3,3.436429542417536,1,1
Full181,formal_msa,1,results/full181_supplement/raw/formal_msa/seed1/boltz_results_full_blind_msa/predictions/full_blind_msa/full_blind_msa_model_0.pdb,120,120,120,,ILE,H,104,104,,TRP,113,,CDR3,4.529458024973849,0,1
Full181,formal_msa,1,results/full181_supplement/raw/formal_msa/seed1/boltz_results_full_blind_msa/predictions/full_blind_msa/full_blind_msa_model_0.pdb,120,120,120,,ILE,L,32,32,,ALA,38,,CDR1,4.7425261201178435,0,1
Full181,formal_msa,1,results/full181_supplement/raw/formal_msa/seed1/boltz_results_full_blind_msa/predictions/full_blind_msa/full_blind_msa_model_0.pdb,120,120,120,,ILE,L,50,50,,TRP,56,,CDR2,4.176388631341676,1,1
Full181,formal_msa,1,results/full181_supplement/raw/formal_msa/seed1/boltz_results_full_blind_msa/predictions/full_blind_msa/full_blind_msa_model_0.pdb,120,120,120,,ILE,L,90,90,,TYR,107,,CDR3,2.446885775838341,1,1
Full181,formal_msa,1,results/full181_supplement/raw/formal_msa/seed1/boltz_results_full_blind_msa/predictions/full_blind_msa/full_blind_msa_model_0.pdb,120,120,120,,ILE,L,91,91,,SER,108,,CDR3,2.9549377320004564,1,1
Full181,formal_msa,1,results/full181_supplement/raw/formal_msa/seed1/boltz_results_full_blind_msa/predictions/full_blind_msa/full_blind_msa_model_0.pdb,120,120,120,,ILE,L,92,92,,SER,109,,CDR3,4.870628090913942,0,1
Full181,formal_msa,1,results/full181_supplement/raw/formal_msa/seed1/boltz_results_full_blind_msa/predictions/full_blind_msa/full_blind_msa_model_0.pdb,120,120,120,,ILE,L,95,95,,TYR,116,,CDR3,4.933366396285603,0,1
Full181,formal_msa,1,results/full181_supplement/raw/formal_msa/seed1/boltz_results_full_blind_msa/predictions/full_blind_msa/full_blind_msa_model_0.pdb,121,121,121,,VAL,L,90,90,,TYR,107,,CDR3,4.980370066571359,0,1
Full181,formal_msa,1,results/full181_supplement/raw/formal_msa/seed1/boltz_results_full_blind_msa/predictions/full_blind_msa/full_blind_msa_model_0.pdb,121,121,121,,VAL,L,91,91,,SER,108,,CDR3,3.5764051783879296,1,1
Full181,formal_msa,1,results/full181_supplement/raw/formal_msa/seed1/boltz_results_full_blind_msa/predictions/full_blind_msa/full_blind_msa_model_0.pdb,121,121,121,,VAL,L,92,92,,SER,109,,CDR3,4.811638182573582,0,1
Full181,formal_msa,1,results/full181_supplement/raw/formal_msa/seed1/boltz_results_full_blind_msa/predictions/full_blind_msa/full_blind_msa_model_0.pdb,121,121,121,,VAL,L,93,93,,TYR,114,,CDR3,3.1145802285380286,1,1
Full181,formal_msa,1,results/full181_supplement/raw/formal_msa/seed1/boltz_results_full_blind_msa/predictions/full_blind_msa/full_blind_msa_model_0.pdb,121,121,121,,VAL,L,95,95,,TYR,116,,CDR3,3.8534441737230343,1,1
Full181,formal_msa,1,results/full181_supplement/raw/formal_msa/seed1/boltz_results_full_blind_msa/predictions/full_blind_msa/full_blind_msa_model_0.pdb,123,123,123,,MET,L,50,50,,TRP,56,,CDR2,4.392166208148321,1,1
Full181,formal_msa,1,results/full181_supplement/raw/formal_msa/seed1/boltz_results_full_blind_msa/predictions/full_blind_msa/full_blind_msa_model_0.pdb,123,123,123,,MET,L,91,91,,SER,108,,CDR3,4.6029170098970935,0,1
Full181,formal_msa,1,results/full181_supplement/raw/formal_msa/seed1/boltz_results_full_blind_msa/predictions/full_blind_msa/full_blind_msa_model_0.pdb,124,124,124,,SER,L,28,28,,ASP,28,,CDR1,4.6555788039727135,0,1
Full181,formal_msa,1,results/full181_supplement/raw/formal_msa/seed1/boltz_results_full_blind_msa/predictions/full_blind_msa/full_blind_msa_model_0.pdb,124,124,124,,SER,L,91,91,,SER,108,,CDR3,1.4556191122680413,1,1
Full181,formal_msa,1,results/full181_supplement/raw/formal_msa/seed1/boltz_results_full_blind_msa/predictions/full_blind_msa/full_blind_msa_model_0.pdb,124,124,124,,SER,L,92,92,,SER,109,,CDR3,2.9046247606188307,1,1
Full181,formal_msa,1,results/full181_supplement/raw/formal_msa/seed1/boltz_results_full_blind_msa/predictions/full_blind_msa/full_blind_msa_model_0.pdb,124,124,124,,SER,L,93,93,,TYR,114,,CDR3,4.864579426836404,0,1
Full181,formal_msa,1,results/full181_supplement/raw/formal_msa/seed1/boltz_results_full_blind_msa/predictions/full_blind_msa/full_blind_msa_model_0.pdb,125,125,125,,GLN,L,91,91,,SER,108,,CDR3,4.317011118818204,1,1
Full181,formal_msa,1,results/full181_supplement/raw/formal_msa/seed1/boltz_results_full_blind_msa/predictions/full_blind_msa/full_blind_msa_model_0.pdb,125,125,125,,GLN,L,92,92,,SER,109,,CDR3,2.3628766366444096,1,1
Full181,formal_msa,1,results/full181_supplement/raw/formal_msa/seed1/boltz_results_full_blind_msa/predictions/full_blind_msa/full_blind_msa_model_0.pdb,125,125,125,,GLN,L,93,93,,TYR,114,,CDR3,4.626071659626556,0,1
Full181,formal_msa,1,results/full181_supplement/raw/formal_msa/seed1/boltz_results_full_blind_msa/predictions/full_blind_msa/full_blind_msa_model_0.pdb,127,127,127,,GLN,L,2,2,,ILE,2,,FR1,4.652941542723269,0,1
Full181,formal_msa,1,results/full181_supplement/raw/formal_msa/seed1/boltz_results_full_blind_msa/predictions/full_blind_msa/full_blind_msa_model_0.pdb,127,127,127,,GLN,L,27,27,,GLN,27,,CDR1,2.8691721802638477,1,1
Full181,formal_msa,1,results/full181_supplement/raw/formal_msa/seed1/boltz_results_full_blind_msa/predictions/full_blind_msa/full_blind_msa_model_0.pdb,127,127,127,,GLN,L,28,28,,ASP,28,,CDR1,2.5226579236987323,1,1
Full181,formal_msa,1,results/full181_supplement/raw/formal_msa/seed1/boltz_results_full_blind_msa/predictions/full_blind_msa/full_blind_msa_model_0.pdb,127,127,127,,GLN,L,29,29,,VAL,29,,CDR1,4.701563357012218,0,1
Full181,formal_msa,1,results/full181_supplement/raw/formal_msa/seed1/boltz_results_full_blind_msa/predictions/full_blind_msa/full_blind_msa_model_0.pdb,130,130,130,,LYS,L,28,28,,ASP,28,,CDR1,3.632131467884939,1,1
