Accession,Residue,BepiPred-3.0 score,BepiPred-3.0 linear epitope score
IL24_project_reference_181 numbering=project_1_181 frozen=true,M,0.12028282135725021, 0.07541293485297097
IL24_project_reference_181 numbering=project_1_181 frozen=true,S,0.17659370601177216, 0.0915051293041971
IL24_project_reference_181 numbering=project_1_181 frozen=true,W,0.1524384468793869, 0.09974051763614018
IL24_project_reference_181 numbering=project_1_181 frozen=true,G,0.11975919455289841, 0.10556144391496976
IL24_project_reference_181 numbering=project_1_181 frozen=true,L,0.10964224487543106, 0.11227995364202394
IL24_project_reference_181 numbering=project_1_181 frozen=true,Q,0.14482975006103516, 0.10279013133711284
IL24_project_reference_181 numbering=project_1_181 frozen=true,I,0.07411849498748779, 0.08597075587345494
IL24_project_reference_181 numbering=project_1_181 frozen=true,L,0.05238833650946617, 0.07268768693837854
IL24_project_reference_181 numbering=project_1_181 frozen=true,P,0.06046658754348755, 0.06250083239542113
IL24_project_reference_181 numbering=project_1_181 frozen=true,C,0.03487442061305046, 0.0543489336139626
IL24_project_reference_181 numbering=project_1_181 frozen=true,L,0.025219326838850975, 0.04166396396855513
IL24_project_reference_181 numbering=project_1_181 frozen=true,S,0.03289082646369934, 0.03775900829997328
IL24_project_reference_181 numbering=project_1_181 frozen=true,L,0.0280775036662817, 0.03634229819807741
IL24_project_reference_181 numbering=project_1_181 frozen=true,I,0.03627515584230423, 0.03834949702852302
IL24_project_reference_181 numbering=project_1_181 frozen=true,L,0.030665023252367973, 0.04374410274128119
IL24_project_reference_181 numbering=project_1_181 frozen=true,L,0.03897389397025108, 0.05561777618196276
IL24_project_reference_181 numbering=project_1_181 frozen=true,L,0.03963794559240341, 0.061119468675719366
IL24_project_reference_181 numbering=project_1_181 frozen=true,W,0.07853137701749802, 0.07085719890892506
IL24_project_reference_181 numbering=project_1_181 frozen=true,N,0.08342587202787399, 0.07602650196188027
IL24_project_reference_181 numbering=project_1_181 frozen=true,Q,0.13208238780498505, 0.08406410821610028
IL24_project_reference_181 numbering=project_1_181 frozen=true,V,0.08240605890750885, 0.09595469054248598
IL24_project_reference_181 numbering=project_1_181 frozen=true,P,0.1157170757651329, 0.0992098632786009
IL24_project_reference_181 numbering=project_1_181 frozen=true,G,0.08279888331890106, 0.1124742834104432
IL24_project_reference_181 numbering=project_1_181 frozen=true,L,0.10300347954034805, 0.13189254370000628
IL24_project_reference_181 numbering=project_1_181 frozen=true,E,0.14598913490772247, 0.13249885704782274
IL24_project_reference_181 numbering=project_1_181 frozen=true,G,0.06893450021743774, 0.15184739397631752
IL24_project_reference_181 numbering=project_1_181 frozen=true,Q,0.19791115820407867, 0.1599418678217464
IL24_project_reference_181 numbering=project_1_181 frozen=true,E,0.25819021463394165, 0.1679520102010833
IL24_project_reference_181 numbering=project_1_181 frozen=true,F,0.13753920793533325, 0.17212416231632233
IL24_project_reference_181 numbering=project_1_181 frozen=true,R,0.2565428912639618, 0.16374791579114067
IL24_project_reference_181 numbering=project_1_181 frozen=true,S,0.18856734037399292, 0.173608451253838
IL24_project_reference_181 numbering=project_1_181 frozen=true,G,0.15489016473293304, 0.16150405589077207
IL24_project_reference_181 numbering=project_1_181 frozen=true,S,0.1405528485774994, 0.1489476818177435
IL24_project_reference_181 numbering=project_1_181 frozen=true,C,0.0706029161810875, 0.150815449655056
IL24_project_reference_181 numbering=project_1_181 frozen=true,Q,0.15767931938171387, 0.1344622646768888
IL24_project_reference_181 numbering=project_1_181 frozen=true,V,0.08897159993648529, 0.12428572194443809
IL24_project_reference_181 numbering=project_1_181 frozen=true,T,0.14518284797668457, 0.11708325644334157
IL24_project_reference_181 numbering=project_1_181 frozen=true,G,0.15434911847114563, 0.1191467973921034
IL24_project_reference_181 numbering=project_1_181 frozen=true,V,0.10936422646045685, 0.1231152249707116
IL24_project_reference_181 numbering=project_1_181 frozen=true,V,0.09697845578193665, 0.10932836474643813
IL24_project_reference_181 numbering=project_1_181 frozen=true,L,0.09006797522306442, 0.11699615460303095
IL24_project_reference_181 numbering=project_1_181 frozen=true,P,0.1591247171163559, 0.12494892916745609
IL24_project_reference_181 numbering=project_1_181 frozen=true,E,0.10631876438856125, 0.11453991797235277
IL24_project_reference_181 numbering=project_1_181 frozen=true,L,0.03359757736325264, 0.10933776862091488
IL24_project_reference_181 numbering=project_1_181 frozen=true,W,0.15798170864582062, 0.12740697960058847
IL24_project_reference_181 numbering=project_1_181 frozen=true,E,0.21675781905651093, 0.13404284334845012
IL24_project_reference_181 numbering=project_1_181 frozen=true,A,0.06066801771521568, 0.12137101963162422
IL24_project_reference_181 numbering=project_1_181 frozen=true,F,0.06254488229751587, 0.12599663726157612
IL24_project_reference_181 numbering=project_1_181 frozen=true,W,0.259601354598999, 0.15713274396128124
IL24_project_reference_181 numbering=project_1_181 frozen=true,T,0.14979074895381927, 0.16072742889324823
IL24_project_reference_181 numbering=project_1_181 frozen=true,V,0.045078303664922714, 0.1467367923922009
IL24_project_reference_181 numbering=project_1_181 frozen=true,K,0.14794932305812836, 0.1740167062315676
IL24_project_reference_181 numbering=project_1_181 frozen=true,N,0.31382253766059875, 0.19439173779553837
IL24_project_reference_181 numbering=project_1_181 frozen=true,T,0.19033387303352356, 0.19838016935520703
IL24_project_reference_181 numbering=project_1_181 frozen=true,V,0.09084209054708481, 0.20904761428634325
IL24_project_reference_181 numbering=project_1_181 frozen=true,Q,0.306187242269516, 0.23361908313300875
IL24_project_reference_181 numbering=project_1_181 frozen=true,T,0.24592016637325287, 0.24227148046096167
IL24_project_reference_181 numbering=project_1_181 frozen=true,Q,0.29549723863601685, 0.22795621471272576
IL24_project_reference_181 numbering=project_1_181 frozen=true,D,0.2457977533340454, 0.22651588999562794
IL24_project_reference_181 numbering=project_1_181 frozen=true,D,0.2662215232849121, 0.22931595229440266
IL24_project_reference_181 numbering=project_1_181 frozen=true,I,0.2258208990097046, 0.21743686083290312
IL24_project_reference_181 numbering=project_1_181 frozen=true,T,0.18498514592647552, 0.19770528293318218
IL24_project_reference_181 numbering=project_1_181 frozen=true,S,0.17737095057964325, 0.1695353455013699
IL24_project_reference_181 numbering=project_1_181 frozen=true,I,0.11604265123605728, 0.1561142603556315
IL24_project_reference_181 numbering=project_1_181 frozen=true,R,0.1992754191160202, 0.14656678338845572
IL24_project_reference_181 numbering=project_1_181 frozen=true,L,0.06833596527576447, 0.14075693156984118
IL24_project_reference_181 numbering=project_1_181 frozen=true,L,0.04196780174970627, 0.12696216420994866
IL24_project_reference_181 numbering=project_1_181 frozen=true,K,0.1250079870223999, 0.11268304412563641
IL24_project_reference_181 numbering=project_1_181 frozen=true,P,0.1802942305803299, 0.12602175151308379
IL24_project_reference_181 numbering=project_1_181 frozen=true,Q,0.17353223264217377, 0.11636833308471574
IL24_project_reference_181 numbering=project_1_181 frozen=true,V,0.06083223968744278, 0.11612971085641119
IL24_project_reference_181 numbering=project_1_181 frozen=true,L,0.048858869820833206, 0.12555671110749245
IL24_project_reference_181 numbering=project_1_181 frozen=true,R,0.2360910177230835, 0.13014310970902443
IL24_project_reference_181 numbering=project_1_181 frozen=true,N,0.11239465326070786, 0.12408733243743579
IL24_project_reference_181 numbering=project_1_181 frozen=true,V,0.06618836522102356, 0.11943749131427871
IL24_project_reference_181 numbering=project_1_181 frozen=true,S,0.12681080400943756, 0.1211677992509471
IL24_project_reference_181 numbering=project_1_181 frozen=true,G,0.16628557443618774, 0.12227705493569374
IL24_project_reference_181 numbering=project_1_181 frozen=true,A,0.1257922351360321, 0.10591447974244754
IL24_project_reference_181 numbering=project_1_181 frozen=true,E,0.13168366253376007, 0.10275541784034835
IL24_project_reference_181 numbering=project_1_181 frozen=true,S,0.07640501111745834, 0.10050987203915913
IL24_project_reference_181 numbering=project_1_181 frozen=true,C,0.05884217098355293, 0.09814038872718811
IL24_project_reference_181 numbering=project_1_181 frozen=true,Y,0.08882784098386765, 0.0881545634733306
IL24_project_reference_181 numbering=project_1_181 frozen=true,L,0.08396309614181519, 0.07763672516577774
IL24_project_reference_181 numbering=project_1_181 frozen=true,A,0.04597845301032066, 0.06629268204172452
IL24_project_reference_181 numbering=project_1_181 frozen=true,H,0.1054854542016983, 0.07619957750042279
IL24_project_reference_181 numbering=project_1_181 frozen=true,S,0.07641314715147018, 0.07754134055640963
IL24_project_reference_181 numbering=project_1_181 frozen=true,L,0.031131690368056297, 0.07299306450618638
IL24_project_reference_181 numbering=project_1_181 frozen=true,L,0.02958727441728115, 0.06896880600187513
IL24_project_reference_181 numbering=project_1_181 frozen=true,K,0.1655670702457428, 0.0825999267399311
IL24_project_reference_181 numbering=project_1_181 frozen=true,F,0.07091803848743439, 0.08186361980107096
IL24_project_reference_181 numbering=project_1_181 frozen=true,Y,0.047893356531858444, 0.07649038256042534
IL24_project_reference_181 numbering=project_1_181 frozen=true,L,0.04774476960301399, 0.07885891944169998
IL24_project_reference_181 numbering=project_1_181 frozen=true,N,0.1686585396528244, 0.09461114162372218
IL24_project_reference_181 numbering=project_1_181 frozen=true,T,0.09885869175195694, 0.09781944275730187
IL24_project_reference_181 numbering=project_1_181 frozen=true,V,0.0280540119856596, 0.10997981350455019
IL24_project_reference_181 numbering=project_1_181 frozen=true,F,0.05244852229952812, 0.12608075535131824
IL24_project_reference_181 numbering=project_1_181 frozen=true,K,0.17135727405548096, 0.14287168636090225
IL24_project_reference_181 numbering=project_1_181 frozen=true,N,0.1944417804479599, 0.1512091178447008
IL24_project_reference_181 numbering=project_1_181 frozen=true,Y,0.18036137521266937, 0.16224988570643795
IL24_project_reference_181 numbering=project_1_181 frozen=true,H,0.192801833152771, 0.17590997078352505
IL24_project_reference_181 numbering=project_1_181 frozen=true,S,0.19886314868927002, 0.19276568128003013
IL24_project_reference_181 numbering=project_1_181 frozen=true,K,0.2436954230070114, 0.1944908400376638
IL24_project_reference_181 numbering=project_1_181 frozen=true,I,0.19822560250759125, 0.19219186902046204
IL24_project_reference_181 numbering=project_1_181 frozen=true,A,0.15099477767944336, 0.17952325857347912
IL24_project_reference_181 numbering=project_1_181 frozen=true,K,0.20414991676807404, 0.1775199712978469
IL24_project_reference_181 numbering=project_1_181 frozen=true,F,0.18688370287418365, 0.17821508563227123
IL24_project_reference_181 numbering=project_1_181 frozen=true,K,0.17375104129314423, 0.1621249665816625
IL24_project_reference_181 numbering=project_1_181 frozen=true,V,0.06634388118982315, 0.14364415200220215
IL24_project_reference_181 numbering=project_1_181 frozen=true,L,0.174772247672081, 0.13819852512743738
IL24_project_reference_181 numbering=project_1_181 frozen=true,R,0.20511917769908905, 0.1252945160700215
IL24_project_reference_181 numbering=project_1_181 frozen=true,S,0.09888435155153275, 0.1072732735839155
IL24_project_reference_181 numbering=project_1_181 frozen=true,F,0.031898271292448044, 0.09421339299943712
IL24_project_reference_181 numbering=project_1_181 frozen=true,S,0.10198413580656052, 0.10631905082199308
IL24_project_reference_181 numbering=project_1_181 frozen=true,T,0.08801383525133133, 0.09746226833926307
IL24_project_reference_181 numbering=project_1_181 frozen=true,L,0.02469252049922943, 0.07790565552810828
IL24_project_reference_181 numbering=project_1_181 frozen=true,A,0.05621211603283882, 0.0888388552185562
IL24_project_reference_181 numbering=project_1_181 frozen=true,N,0.17529480159282684, 0.10443937136895126
IL24_project_reference_181 numbering=project_1_181 frozen=true,N,0.09506120532751083, 0.103228149521682
IL24_project_reference_181 numbering=project_1_181 frozen=true,F,0.029109662398695946, 0.10996126321454842
IL24_project_reference_181 numbering=project_1_181 frozen=true,I,0.19728314876556396, 0.13377335522737768
IL24_project_reference_181 numbering=project_1_181 frozen=true,V,0.17230291664600372, 0.15578058672448
IL24_project_reference_181 numbering=project_1_181 frozen=true,I,0.09108313918113708, 0.1529695207460059
IL24_project_reference_181 numbering=project_1_181 frozen=true,M,0.1486118584871292, 0.16638666784597766
IL24_project_reference_181 numbering=project_1_181 frozen=true,S,0.2390013486146927, 0.1911619934770796
IL24_project_reference_181 numbering=project_1_181 frozen=true,Q,0.25427719950675964, 0.19168998466597664
IL24_project_reference_181 numbering=project_1_181 frozen=true,L,0.14999520778656006, 0.197513394885593
IL24_project_reference_181 numbering=project_1_181 frozen=true,Q,0.21581552922725677, 0.2152118616633945
IL24_project_reference_181 numbering=project_1_181 frozen=true,P,0.2520875930786133, 0.2172143045398924
IL24_project_reference_181 numbering=project_1_181 frozen=true,S,0.2020350694656372, 0.2056638648112615
IL24_project_reference_181 numbering=project_1_181 frozen=true,K,0.22471360862255096, 0.19322964383496177
IL24_project_reference_181 numbering=project_1_181 frozen=true,D,0.2503693401813507, 0.1916115399863985
IL24_project_reference_181 numbering=project_1_181 frozen=true,N,0.16663384437561035, 0.1843419373035431
IL24_project_reference_181 numbering=project_1_181 frozen=true,S,0.13504739105701447, 0.17000595976909003
IL24_project_reference_181 numbering=project_1_181 frozen=true,M,0.14236921072006226, 0.15738089299864239
IL24_project_reference_181 numbering=project_1_181 frozen=true,L,0.13543227314949036, 0.15066062659025192
IL24_project_reference_181 numbering=project_1_181 frozen=true,P,0.15038910508155823, 0.13672019872400495
IL24_project_reference_181 numbering=project_1_181 frozen=true,I,0.12306379526853561, 0.12262704347570737
IL24_project_reference_181 numbering=project_1_181 frozen=true,S,0.08840946853160858, 0.12355698520938556
IL24_project_reference_181 numbering=project_1_181 frozen=true,E,0.16423121094703674, 0.1284884268210994
IL24_project_reference_181 numbering=project_1_181 frozen=true,S,0.12490548938512802, 0.13187968275613254
IL24_project_reference_181 numbering=project_1_181 frozen=true,A,0.03979544714093208, 0.11988767650392321
IL24_project_reference_181 numbering=project_1_181 frozen=true,H,0.1434168666601181, 0.1281103632516331
IL24_project_reference_181 numbering=project_1_181 frozen=true,Q,0.18675218522548676, 0.13686764654186037
IL24_project_reference_181 numbering=project_1_181 frozen=true,R,0.16595357656478882, 0.12393676117062569
IL24_project_reference_181 numbering=project_1_181 frozen=true,F,0.04246104881167412, 0.12587426064742935
IL24_project_reference_181 numbering=project_1_181 frozen=true,L,0.1970679759979248, 0.15293356859021717
IL24_project_reference_181 numbering=project_1_181 frozen=true,L,0.16722501814365387, 0.15071993735101488
IL24_project_reference_181 numbering=project_1_181 frozen=true,F,0.047853242605924606, 0.13830113659302393
IL24_project_reference_181 numbering=project_1_181 frozen=true,R,0.14234298467636108, 0.14432942453357908
IL24_project_reference_181 numbering=project_1_181 frozen=true,R,0.28332921862602234, 0.16661912161442968
IL24_project_reference_181 numbering=project_1_181 frozen=true,A,0.12349418550729752, 0.159991798715459
IL24_project_reference_181 numbering=project_1_181 frozen=true,F,0.07498297840356827, 0.15862604603171349
IL24_project_reference_181 numbering=project_1_181 frozen=true,K,0.22020816802978516, 0.17393472459581164
IL24_project_reference_181 numbering=project_1_181 frozen=true,Q,0.24306832253932953, 0.18869859311315748
IL24_project_reference_181 numbering=project_1_181 frozen=true,L,0.13742206990718842, 0.1783054785596
IL24_project_reference_181 numbering=project_1_181 frozen=true,D,0.15493324398994446, 0.17044564709067345
IL24_project_reference_181 numbering=project_1_181 frozen=true,T,0.18563134968280792, 0.17167246962587038
IL24_project_reference_181 numbering=project_1_181 frozen=true,E,0.27521780133247375, 0.16315854051046902
IL24_project_reference_181 numbering=project_1_181 frozen=true,V,0.18979118764400482, 0.14925657916400167
IL24_project_reference_181 numbering=project_1_181 frozen=true,A,0.052755702286958694, 0.1363759928693374
IL24_project_reference_181 numbering=project_1_181 frozen=true,L,0.08602438122034073, 0.12515169858104652
IL24_project_reference_181 numbering=project_1_181 frozen=true,V,0.1435828059911728, 0.11312815360724926
IL24_project_reference_181 numbering=project_1_181 frozen=true,K,0.1179506704211235, 0.0908193966994683
IL24_project_reference_181 numbering=project_1_181 frozen=true,A,0.021496793255209923, 0.0717922401511007
IL24_project_reference_181 numbering=project_1_181 frozen=true,F,0.053914595395326614, 0.08337206952273846
IL24_project_reference_181 numbering=project_1_181 frozen=true,G,0.07741944491863251, 0.08377327832082908
IL24_project_reference_181 numbering=project_1_181 frozen=true,E,0.07443898916244507, 0.07023230981495646
IL24_project_reference_181 numbering=project_1_181 frozen=true,V,0.018546778708696365, 0.05987631736530198
IL24_project_reference_181 numbering=project_1_181 frozen=true,D,0.1569741666316986, 0.07499871547851297
IL24_project_reference_181 numbering=project_1_181 frozen=true,I,0.08963526040315628, 0.08354458399116993
IL24_project_reference_181 numbering=project_1_181 frozen=true,L,0.021714089438319206, 0.0778544203688701
IL24_project_reference_181 numbering=project_1_181 frozen=true,L,0.024746738374233246, 0.08861624263226986
IL24_project_reference_181 numbering=project_1_181 frozen=true,T,0.1575983762741089, 0.11143437379764186
IL24_project_reference_181 numbering=project_1_181 frozen=true,W,0.1308274120092392, 0.10909090294606155
IL24_project_reference_181 numbering=project_1_181 frozen=true,M,0.026207972317934036, 0.11394382288886441
IL24_project_reference_181 numbering=project_1_181 frozen=true,Q,0.1712953895330429, 0.13041901050342453
IL24_project_reference_181 numbering=project_1_181 frozen=true,K,0.22390995919704437, 0.14469575095507833
IL24_project_reference_181 numbering=project_1_181 frozen=true,F,0.1358829289674759, 0.12718482025795513
IL24_project_reference_181 numbering=project_1_181 frozen=true,Y,0.13331153988838196, 0.11264844114581744
IL24_project_reference_181 numbering=project_1_181 frozen=true,H,0.16999077796936035, 0.10973644422160254
IL24_project_reference_181 numbering=project_1_181 frozen=true,L,0.15323740243911743, 0.09070362316237555