start,end,length,scale,setting,mean_score,rank_within_scale
52,76,25,25,Full,0.5825925925925926,1
53,77,25,25,Full,0.5763333333333334,2
50,74,25,25,Full,0.5693333333333332,3
46,70,25,25,Full,0.5684444444444444,4
55,79,25,25,Full,0.5674814814814815,5
56,80,25,25,Full,0.5671111111111111,6
49,73,25,25,Full,0.5667037037037037,7
54,78,25,25,Full,0.5653333333333334,8
51,75,25,25,Full,0.5634074074074075,9
42,66,25,25,Full,0.5619259259259259,10
45,69,25,25,Full,0.561,11
41,65,25,25,Full,0.5574814814814815,12
44,68,25,25,Full,0.556,13
47,71,25,25,Full,0.554074074074074,14
43,67,25,25,Full,0.5527037037037037,15
48,72,25,25,Full,0.5524444444444445,16
57,81,25,25,Full,0.5519259259259259,17
123,147,25,25,Full,0.546962962962963,18
124,148,25,25,Full,0.5461851851851851,19
116,140,25,25,Full,0.5414074074074073,20
112,136,25,25,Full,0.5408888888888889,21
38,62,25,25,Full,0.5402962962962963,22
39,63,25,25,Full,0.54,23
40,64,25,25,Full,0.5396296296296296,24
113,137,25,25,Full,0.5391481481481482,25
117,141,25,25,Full,0.539037037037037,26
130,154,25,25,Full,0.538074074074074,27
109,133,25,25,Full,0.5377407407407407,28
122,146,25,25,Full,0.5367037037037037,29
110,134,25,25,Full,0.5355185185185185,30
120,144,25,25,Full,0.5348518518518518,31
134,158,25,25,Full,0.5345185185185185,32
125,149,25,25,Full,0.5344074074074073,33
126,150,25,25,Full,0.5337407407407407,34
58,82,25,25,Full,0.5332962962962963,35
111,135,25,25,Full,0.5329259259259259,36
127,151,25,25,Full,0.5323333333333333,37
121,145,25,25,Full,0.532074074074074,38
135,159,25,25,Full,0.5316666666666666,39
115,139,25,25,Full,0.5316296296296296,40
131,155,25,25,Full,0.5313703703703704,41
15,39,25,25,Full,0.5311481481481481,42
114,138,25,25,Full,0.531074074074074,43
119,143,25,25,Full,0.5301111111111111,44
129,153,25,25,Full,0.5291111111111111,45
107,131,25,25,Full,0.5288518518518518,46
132,156,25,25,Full,0.5287777777777778,47
108,132,25,25,Full,0.5286296296296296,48
37,61,25,25,Full,0.5274074074074074,49
18,42,25,25,Full,0.5262962962962963,50
133,157,25,25,Full,0.5255185185185185,51
97,121,25,25,Full,0.5254444444444444,52
118,142,25,25,Full,0.525,53
14,38,25,25,Full,0.5245925925925925,54
16,40,25,25,Full,0.5228148148148147,55
96,120,25,25,Full,0.5226666666666666,56
136,160,25,25,Full,0.5224814814814814,57
36,60,25,25,Full,0.5221851851851852,58
59,83,25,25,Full,0.519962962962963,59
128,152,25,25,Full,0.519074074074074,60
105,129,25,25,Full,0.5189259259259259,61
22,46,25,25,Full,0.5188148148148148,62
93,117,25,25,Full,0.5188148148148148,63
106,130,25,25,Full,0.5187777777777778,64
94,118,25,25,Full,0.5184074074074073,65
19,43,25,25,Full,0.5183703703703704,66
25,49,25,25,Full,0.5182592592592592,67
17,41,25,25,Full,0.5171481481481481,68
139,163,25,25,Full,0.5165925925925926,69
35,59,25,25,Full,0.5145925925925926,70
11,35,25,25,Full,0.513,71
26,50,25,25,Full,0.5128518518518519,72
13,37,25,25,Full,0.5126666666666666,73
104,128,25,25,Full,0.5125555555555555,74
95,119,25,25,Full,0.5124814814814814,75
23,47,25,25,Full,0.5124444444444444,76
98,122,25,25,Full,0.5115925925925926,77
9,33,25,25,Full,0.510074074074074,78
21,45,25,25,Full,0.5099259259259259,79
24,48,25,25,Full,0.5098148148148148,80
12,36,25,25,Full,0.5097777777777778,81
10,34,25,25,Full,0.5094444444444445,82
20,44,25,25,Full,0.5085185185185185,83
138,162,25,25,Full,0.5084814814814815,84
140,164,25,25,Full,0.5084074074074074,85
8,32,25,25,Full,0.5078888888888888,86
137,161,25,25,Full,0.507,87
90,114,25,25,Full,0.5064814814814814,88
103,127,25,25,Full,0.505074074074074,89
89,113,25,25,Full,0.504,90
34,58,25,25,Full,0.502962962962963,91
33,57,25,25,Full,0.5017037037037038,92
101,125,25,25,Full,0.5014074074074074,93
100,124,25,25,Full,0.5009629629629629,94
29,53,25,25,Full,0.5006296296296296,95
143,167,25,25,Full,0.5003333333333333,96
30,54,25,25,Full,0.5001851851851852,97
91,115,25,25,Full,0.49996296296296294,98
92,116,25,25,Full,0.4998148148148147,99
27,51,25,25,Full,0.4992962962962963,100
142,166,25,25,Full,0.49866666666666665,101
102,126,25,25,Full,0.4979629629629629,102
28,52,25,25,Full,0.49777777777777776,103
88,112,25,25,Full,0.4972962962962963,104
99,123,25,25,Full,0.4972962962962963,105
32,56,25,25,Full,0.49577777777777776,106
7,31,25,25,Full,0.49562962962962964,107
60,84,25,25,Full,0.49525925925925923,108
87,111,25,25,Full,0.49507407407407406,109
6,30,25,25,Full,0.4945555555555556,110
141,165,25,25,Full,0.49266666666666664,111
86,110,25,25,Full,0.48911111111111105,112
31,55,25,25,Full,0.48874074074074075,113
5,29,25,25,Full,0.48596296296296293,114
146,170,25,25,Full,0.4854074074074074,115
145,169,25,25,Full,0.48462962962962963,116
4,28,25,25,Full,0.48437037037037034,117
153,177,25,25,Full,0.48166666666666663,118
150,174,25,25,Full,0.4807407407407407,119
61,85,25,25,Full,0.47988888888888886,120
144,168,25,25,Full,0.4793333333333333,121
3,27,25,25,Full,0.47803703703703704,122
85,109,25,25,Full,0.4772592592592592,123
1,25,25,25,Full,0.4762962962962963,124
2,26,25,25,Full,0.4752222222222222,125
149,173,25,25,Full,0.475,126
152,176,25,25,Full,0.4741481481481481,127
147,171,25,25,Full,0.47355555555555556,128
151,175,25,25,Full,0.4714444444444444,129
62,86,25,25,Full,0.46840740740740744,130
154,178,25,25,Full,0.46599999999999997,131
148,172,25,25,Full,0.46459259259259256,132
83,107,25,25,Full,0.45799999999999996,133
84,108,25,25,Full,0.4561111111111111,134
155,179,25,25,Full,0.4534814814814815,135
156,180,25,25,Full,0.45299999999999996,136
63,87,25,25,Full,0.45266666666666666,137
157,181,25,25,Full,0.4488148148148148,138
82,106,25,25,Full,0.447037037037037,139
81,105,25,25,Full,0.44270370370370365,140
65,89,25,25,Full,0.43937037037037036,141
64,88,25,25,Full,0.43770370370370365,142
78,102,25,25,Full,0.43770370370370365,143
76,100,25,25,Full,0.4337777777777777,144
79,103,25,25,Full,0.43307407407407406,145
66,90,25,25,Full,0.43018518518518517,146
69,93,25,25,Full,0.4301851851851851,147
77,101,25,25,Full,0.430037037037037,148
70,94,25,25,Full,0.4297037037037037,149
73,97,25,25,Full,0.4297037037037037,150
67,91,25,25,Full,0.42870370370370364,151
74,98,25,25,Full,0.4281481481481481,152
80,104,25,25,Full,0.4281481481481481,153
68,92,25,25,Full,0.4255555555555555,154
75,99,25,25,Full,0.423037037037037,155
72,96,25,25,Full,0.41862962962962963,156
71,95,25,25,Full,0.4114074074074074,157
