condition,native_seed,immunogen_seed,shared_antigen_backbone_atoms,shared_antigen_backbone_rmsd_A,antibody_ca_atoms,antibody_pose_ca_rmsd_A,antibody_centroid_shift_A,antibody_internal_ca_rmsd_A,is_representative_pair
formal,1,1,402,11.8189,225,51.0521,41.4429,0.5344,0
formal,1,2,402,9.6888,225,52.6452,49.9585,0.7042,0
formal,1,3,402,12.1493,225,62.4342,54.4885,0.5513,0
formal,1,4,402,7.0291,225,44.1942,39.0674,0.644,0
formal,1,5,402,7.5633,225,37.2479,23.2741,0.6264,0
formal,1,6,402,11.1013,225,46.494,42.2616,0.5052,0
formal,1,7,402,10.5423,225,52.1792,49.7339,0.5183,0
formal,1,8,402,9.1984,225,47.8976,42.9388,0.5447,0
formal,1,9,402,9.9312,225,52.7309,50.323,0.5121,0
formal,1,10,402,6.1167,225,46.3384,41.8491,0.6252,0
formal,1,11,402,10.6403,225,51.859,49.6929,0.5218,0
formal,1,12,402,11.4536,225,54.6143,52.0545,0.481,0
formal,1,13,402,10.8897,225,56.0064,53.3491,0.6052,0
formal,1,14,402,13.4132,225,49.9687,44.3933,0.8154,0
formal,1,15,402,11.8388,225,52.706,43.484,0.6725,0
formal,2,1,402,14.0735,225,58.6522,50.1378,0.5088,0
formal,2,2,402,11.1693,225,30.4663,29.1445,0.6313,0
formal,2,3,402,14.0895,225,58.6043,51.3137,0.4738,0
formal,2,4,402,9.3246,225,24.9867,19.3479,0.4177,0
formal,2,5,402,8.615,225,33.2699,17.8773,0.4606,0
formal,2,6,402,11.5659,225,22.7171,18.0433,0.3415,0
formal,2,7,402,12.6568,225,34.8796,32.1284,0.4682,0
formal,2,8,402,8.4549,225,26.4164,20.7054,0.3814,0
formal,2,9,402,12.6508,225,31.8193,30.8296,0.4533,0
formal,2,10,402,8.6963,225,27.4361,22.7589,0.5663,0
formal,2,11,402,13.3132,225,34.7489,32.2654,0.4778,0
formal,2,12,402,14.1442,225,43.6575,39.8355,0.3515,0
formal,2,13,402,13.732,225,44.8042,40.8872,0.569,0
formal,2,14,402,13.986,225,41.5816,36.0537,0.8991,0
formal,2,15,402,14.6052,225,60.8178,52.4466,0.5322,0
formal,3,1,402,13.6397,225,45.2877,38.7243,0.4804,0
formal,3,2,402,10.7801,225,32.2649,25.9861,0.565,0
formal,3,3,402,13.7334,225,57.1921,49.5487,0.652,0
formal,3,4,402,8.5253,225,29.3635,12.329,0.7054,0
formal,3,5,402,8.8308,225,29.6086,8.3995,0.6103,0
formal,3,6,402,10.6899,225,32.3549,19.242,0.4609,0
formal,3,7,402,12.2958,225,27.8499,20.1419,0.5844,0
formal,3,8,402,8.4492,225,33.706,20.2946,0.6135,0
formal,3,9,402,12.0564,225,27.5551,23.4668,0.5596,0
formal,3,10,402,7.9513,225,29.6153,15.1217,0.5624,0
formal,3,11,402,12.6935,225,25.318,20.954,0.6174,0
formal,3,12,402,13.6777,225,28.4989,23.3953,0.581,0
formal,3,13,402,13.1619,225,29.6488,25.7366,0.6791,0
formal,3,14,402,13.4472,225,40.8136,30.377,0.8961,0
formal,3,15,402,13.9678,225,35.8398,30.6153,0.4884,0
formal,4,1,402,13.731,225,57.1671,48.9243,0.5254,0
formal,4,2,402,10.8084,225,29.886,28.398,0.6707,0
formal,4,3,402,13.7703,225,49.4919,44.5139,0.5012,0
formal,4,4,402,8.5068,225,28.9878,25.2076,0.5447,0
formal,4,5,402,8.688,225,36.8716,26.3074,0.5103,0
formal,4,6,402,10.5696,225,21.011,17.9711,0.4443,0
formal,4,7,402,12.3844,225,35.4294,33.0958,0.394,0
formal,4,8,402,7.9004,225,24.9342,20.9747,0.4769,0
formal,4,9,402,12.2409,225,36.3603,33.9963,0.5073,0
formal,4,10,402,7.9032,225,31.863,28.129,0.4425,0
formal,4,11,402,12.8911,225,36.2353,33.5959,0.4638,0
formal,4,12,402,13.9547,225,42.3316,39.1289,0.3297,0
formal,4,13,402,13.3946,225,43.6078,40.1818,0.399,0
formal,4,14,402,13.1827,225,49.7643,44.3738,0.7352,0
formal,4,15,402,14.167,225,57.1713,48.247,0.5192,0
formal,5,1,402,13.5583,225,49.9008,42.3977,0.4426,0
formal,5,2,402,11.3497,225,29.3688,27.8896,0.557,0
formal,5,3,402,14.2148,225,34.5415,32.2158,0.4584,0
formal,5,4,402,8.9659,225,30.3463,25.356,0.522,0
formal,5,5,402,9.5242,225,37.0238,25.424,0.4293,0
formal,5,6,402,10.7173,225,21.9079,17.344,0.4019,0
formal,5,7,402,12.6491,225,30.9114,29.4113,0.5376,0
formal,5,8,402,8.7424,225,26.069,20.8176,0.5004,0
formal,5,9,402,12.5257,225,35.4393,33.4754,0.3831,0
formal,5,10,402,8.3607,225,32.9276,28.2349,0.5881,0
formal,5,11,402,13.0004,225,31.9617,30.6259,0.5431,0
formal,5,12,402,14.0659,225,33.967,32.8252,0.4641,0
formal,5,13,402,13.5521,225,37.6668,35.7945,0.6128,0
formal,5,14,402,12.9914,225,51.1953,45.2951,0.9038,0
formal,5,15,402,13.9365,225,47.0012,37.9786,0.5249,0
formal,6,1,402,14.4093,225,58.0252,49.7232,0.5262,0
formal,6,2,402,11.3202,225,31.1006,29.7407,0.6567,0
formal,6,3,402,14.3369,225,58.1369,51.2113,0.4104,0
formal,6,4,402,9.1582,225,24.5356,19.5938,0.4315,0
formal,6,5,402,8.6843,225,32.0742,15.8868,0.435,0
formal,6,6,402,11.424,225,23.1392,19.2521,0.3627,0
formal,6,7,402,12.8773,225,33.7092,31.3964,0.4969,0
formal,6,8,402,8.2403,225,26.6085,21.597,0.4131,0
formal,6,9,402,12.7605,225,32.7678,31.5713,0.4631,0
formal,6,10,402,8.5128,225,26.9928,22.9239,0.6109,0
formal,6,11,402,13.5746,225,33.708,31.4962,0.4511,0
formal,6,12,402,14.3991,225,43.7044,39.9829,0.3939,0
formal,6,13,402,13.9707,225,44.0686,40.3844,0.5605,0
formal,6,14,402,13.8208,225,39.2609,34.2196,0.905,0
formal,6,15,402,14.9565,225,61.1749,52.7824,0.6053,0
formal,7,1,402,13.9911,225,47.4403,42.1897,0.443,0
formal,7,2,402,11.059,225,53.1225,47.4773,0.5695,0
formal,7,3,402,14.0116,225,48.9048,45.883,0.532,0
formal,7,4,402,9.3375,225,47.5869,43.4993,0.5949,0
formal,7,5,402,8.7087,225,41.5358,37.0365,0.5556,0
formal,7,6,402,11.7647,225,43.8446,39.803,0.3814,0
formal,7,7,402,12.5479,225,59.2942,53.263,0.3966,0
formal,7,8,402,8.6751,225,45.6715,42.2029,0.5266,0
formal,7,9,402,12.4774,225,59.2255,52.6353,0.5006,0
formal,7,10,402,8.5838,225,51.2985,46.7305,0.5308,0
formal,7,11,402,13.1311,225,60.988,53.9746,0.4579,0
formal,7,12,402,13.8795,225,63.8153,57.5776,0.4492,0
formal,7,13,402,13.4564,225,65.1594,58.7696,0.5381,0
formal,7,14,402,14.093,225,56.6941,50.9563,0.8059,0
formal,7,15,402,14.5203,225,54.1818,47.8709,0.487,0
formal,8,1,402,14.7166,225,42.9356,37.5463,0.4658,0
formal,8,2,402,11.7396,225,53.0446,47.9776,0.6563,0
formal,8,3,402,14.7854,225,43.1806,40.0749,0.6444,0
formal,8,4,402,9.6885,225,49.6186,46.004,0.7412,0
formal,8,5,402,9.0983,225,46.3538,41.5004,0.6529,0
formal,8,6,402,11.5472,225,44.7378,41.2022,0.5172,0
formal,8,7,402,13.1335,225,61.991,56.4207,0.5008,0
formal,8,8,402,8.1458,225,46.3724,43.425,0.6327,0
formal,8,9,402,13.595,225,58.8554,52.9543,0.604,0
formal,8,10,402,9.0153,225,52.9075,48.839,0.5314,0
formal,8,11,402,14.028,225,63.0198,56.5191,0.5932,0
formal,8,12,402,14.751,225,65.3905,59.6154,0.5229,0
formal,8,13,402,14.491,225,66.531,60.5891,0.6193,0
formal,8,14,402,13.8405,225,56.8845,51.6373,0.7928,0
formal,8,15,402,15.2156,225,45.8549,37.8273,0.6017,0
formal,9,1,402,14.1887,225,58.3799,50.1169,0.6849,0
formal,9,2,402,11.1894,225,31.068,29.6148,0.8359,0
formal,9,3,402,14.2269,225,56.6199,50.0992,0.6118,0
formal,9,4,402,9.5007,225,27.4834,24.0698,0.6506,0
formal,9,5,402,8.7709,225,35.637,24.6009,0.618,0
formal,9,6,402,11.2528,225,21.3973,18.806,0.6294,0
formal,9,7,402,12.7837,225,35.9308,33.6151,0.5543,0
formal,9,8,402,8.1013,225,25.341,21.7017,0.6568,0
formal,9,9,402,12.61,225,35.1439,33.2409,0.638,0
formal,9,10,402,8.8179,225,30.7454,27.3833,0.5302,0
formal,9,11,402,13.47,225,37.5516,34.6422,0.4866,0
formal,9,12,402,14.4056,225,45.6077,41.8264,0.5408,0
formal,9,13,402,13.8974,225,46.2698,42.3784,0.4616,0
formal,9,14,402,13.6037,225,48.0374,42.8356,0.7853,0
formal,9,15,402,14.7639,225,60.4863,51.9208,0.7204,0
formal,10,1,402,13.6027,225,52.9597,45.2674,0.4366,0
formal,10,2,402,11.2139,225,28.1472,26.5265,0.6062,0
formal,10,3,402,14.0547,225,43.3857,38.6829,0.4513,0
formal,10,4,402,9.0433,225,24.2792,22.3863,0.5479,0
formal,10,5,402,9.5541,225,33.9491,23.0342,0.3974,0
formal,10,6,402,10.9926,225,16.1427,14.9595,0.3782,0
formal,10,7,402,12.2733,225,29.803,28.3853,0.463,0
formal,10,8,402,9.1695,225,20.4581,18.622,0.5139,0
formal,10,9,402,12.1738,225,36.0181,33.0041,0.3445,0
formal,10,10,402,8.3255,225,27.4319,25.4351,0.5481,0
formal,10,11,402,12.6271,225,32.7846,30.0188,0.3298,0
formal,10,12,402,13.7159,225,36.2581,33.7866,0.4397,0
formal,10,13,402,13.1528,225,39.0305,35.9227,0.4918,0
formal,10,14,402,13.6222,225,51.0937,46.2603,0.8154,0
formal,10,15,402,13.9381,225,52.0145,42.2357,0.6277,0
formal,11,1,402,14.6868,225,58.2542,49.7696,0.3855,0
formal,11,2,402,11.6127,225,37.4229,36.0489,0.4916,0
formal,11,3,402,14.507,225,58.563,52.0471,0.4693,0
formal,11,4,402,9.6421,225,28.1425,24.1568,0.6863,0
formal,11,5,402,9.0786,225,30.1257,12.4077,0.4463,0
formal,11,6,402,11.716,225,29.1191,26.1523,0.393,0
formal,11,7,402,13.0743,225,35.4133,33.1583,0.4434,0
formal,11,8,402,8.5326,225,32.2054,28.3064,0.6295,0
formal,11,9,402,13.0868,225,37.9573,36.7098,0.4409,0
formal,11,10,402,9.0026,225,30.8504,27.4595,0.525,0
formal,11,11,402,13.848,225,35.4122,33.1262,0.4337,0
formal,11,12,402,14.6124,225,46.0291,41.801,0.4998,0
formal,11,13,402,14.1878,225,45.9458,41.9289,0.564,0
formal,11,14,402,14.0263,225,37.7111,32.6987,0.7365,0
formal,11,15,402,15.1331,225,59.9133,52.1509,0.5734,0
formal,12,1,402,14.1437,225,58.7403,51.3456,0.494,0
formal,12,2,402,11.1793,225,34.2996,31.841,0.6825,0
formal,12,3,402,14.0241,225,57.4496,51.9084,0.4842,0
formal,12,4,402,9.3085,225,25.9981,24.233,0.5752,0
formal,12,5,402,8.6349,225,31.4772,21.5451,0.4848,0
formal,12,6,402,11.543,225,22.2456,21.2148,0.4432,0
formal,12,7,402,12.5861,225,38.7551,35.7231,0.4378,0
formal,12,8,402,8.3339,225,25.5296,23.7557,0.5476,0
formal,12,9,402,12.5528,225,38.79,35.3048,0.4102,0
formal,12,10,402,8.6094,225,29.872,27.6654,0.5657,0
formal,12,11,402,13.3092,225,41.0329,36.641,0.4599,0
formal,12,12,402,14.0935,225,48.688,44.1603,0.425,0
formal,12,13,402,13.6468,225,49.5201,44.7019,0.549,0
formal,12,14,402,13.9392,225,46.1846,41.6916,0.8608,0
formal,12,15,402,14.6585,225,61.8692,53.935,0.6156,0
formal,13,1,402,11.7363,225,51.1179,41.7283,0.8014,0
formal,13,2,402,9.6045,225,48.7177,45.6999,0.8754,0
formal,13,3,402,12.024,225,56.5135,50.3292,0.5901,0
formal,13,4,402,6.5539,225,42.0503,38.0277,0.7708,0
formal,13,5,402,7.2181,225,37.1146,27.7057,0.6754,0
formal,13,6,402,10.9499,225,40.9715,37.5208,0.7055,0
formal,13,7,402,10.437,225,52.5054,48.7621,0.6767,0
formal,13,8,402,9.0663,225,42.2425,38.4073,0.7258,0
formal,13,9,402,9.8352,225,55.3359,50.8267,0.5363,0
formal,13,10,402,5.6628,225,45.0642,40.8788,0.7497,0
formal,13,11,402,10.4502,225,54.3083,49.9675,0.5998,0
formal,13,12,402,11.2526,225,58.3263,53.5137,0.6098,0
formal,13,13,402,10.7188,225,59.3612,54.4419,0.6617,0
formal,13,14,402,13.475,225,55.6774,48.9345,0.8037,0
formal,13,15,402,11.729,225,54.8938,46.5563,0.8596,0
formal,14,1,402,13.4877,225,55.9038,48.3392,0.7754,1
formal,14,2,402,10.6744,225,44.9755,42.7343,0.8501,0
formal,14,3,402,13.2803,225,60.2054,53.9418,0.6485,0
formal,14,4,402,8.5326,225,38.7896,34.1694,0.8379,0
formal,14,5,402,7.8007,225,35.8847,24.6301,0.6599,0
formal,14,6,402,11.6245,225,37.077,33.125,0.748,0
formal,14,7,402,11.9132,225,51.2417,46.8956,0.6425,0
formal,14,8,402,8.6579,225,39.7471,35.017,0.7856,0
formal,14,9,402,11.9263,225,49.2446,46.684,0.577,0
formal,14,10,402,7.8742,225,42.0589,37.5386,0.6532,0
formal,14,11,402,12.5128,225,51.797,47.2261,0.5865,0
formal,14,12,402,13.1717,225,58.28,52.8783,0.6132,0
formal,14,13,402,12.7552,225,59.3354,53.8682,0.5246,0
formal,14,14,402,14.2356,225,49.9873,44.1813,0.7075,0
formal,14,15,402,13.8491,225,60.4266,53.5981,0.8166,0
formal,15,1,402,14.0975,225,58.6311,50.5174,0.6893,0
formal,15,2,402,11.1678,225,30.6507,29.3587,0.7859,0
formal,15,3,402,14.1266,225,57.3395,50.8682,0.6377,0
formal,15,4,402,9.1924,225,25.3178,21.8769,0.7222,0
formal,15,5,402,8.5114,225,33.7216,21.2914,0.6202,0
formal,15,6,402,11.3994,225,20.8856,18.2865,0.6613,0
formal,15,7,402,12.6715,225,34.8065,32.5722,0.6152,0
formal,15,8,402,8.0983,225,24.5666,20.8544,0.5995,0
formal,15,9,402,12.5866,225,33.7887,32.072,0.4798,0
formal,15,10,402,8.4508,225,28.5809,25.3474,0.5494,0
formal,15,11,402,13.3174,225,36.4755,33.6169,0.5243,0
formal,15,12,402,14.2011,225,44.7927,41.0474,0.5025,0
formal,15,13,402,13.7272,225,45.694,41.7985,0.3984,0
formal,15,14,402,13.7249,225,45.5641,40.5099,0.7406,0
formal,15,15,402,14.6858,225,60.591,52.0752,0.717,0
formal_msa,1,1,402,4.2727,225,58.4214,53.9704,0.5558,0
formal_msa,1,2,402,4.5381,225,8.7357,6.4152,0.4349,0
formal_msa,1,3,402,4.5318,225,16.972,2.9109,0.4577,0
formal_msa,1,4,402,4.1506,225,55.0446,51.569,0.6337,0
formal_msa,1,5,402,4.2381,225,59.5263,54.6587,0.6119,0
formal_msa,1,6,402,4.3,225,59.2476,54.6482,0.5341,0
formal_msa,1,7,402,4.2622,225,60.4634,55.5604,0.5117,0
formal_msa,1,8,402,4.44,225,6.3245,5.3591,0.5022,0
formal_msa,1,9,402,5.0998,225,18.0345,8.8123,0.6371,0
formal_msa,1,10,402,4.6459,225,17.5249,4.2302,0.6025,0
formal_msa,1,11,402,4.5798,225,62.4172,56.9324,0.5863,0
formal_msa,1,12,402,4.2744,225,18.1883,4.3253,0.5644,0
formal_msa,1,13,402,4.2792,225,61.4398,55.8832,0.5603,0
formal_msa,1,14,402,4.2407,225,18.9597,2.1771,0.4472,0
formal_msa,1,15,402,4.358,225,59.7136,55.0689,0.5702,0
formal_msa,2,1,402,2.0411,225,13.7149,11.0357,0.5459,0
formal_msa,2,2,402,2.8183,225,64.5873,58.4269,0.5177,0
formal_msa,2,3,402,2.642,225,61.7777,54.8137,0.3691,0
formal_msa,2,4,402,1.8403,225,18.9253,14.6987,0.6215,0
formal_msa,2,5,402,1.9062,225,12.6667,9.8174,0.5692,0
formal_msa,2,6,402,1.9959,225,14.2043,11.1365,0.5535,0
formal_msa,2,7,402,1.9996,225,9.3545,7.5234,0.5652,0
formal_msa,2,8,402,2.3623,225,63.3228,57.9346,0.5155,0
formal_msa,2,9,402,3.5286,225,63.8173,56.5784,0.453,0
formal_msa,2,10,402,2.8753,225,62.0784,54.9917,0.5466,0
formal_msa,2,11,402,2.6096,225,3.4985,2.7636,0.2716,0
formal_msa,2,12,402,1.9113,225,60.8655,53.873,0.5575,0
formal_msa,2,13,402,1.9801,225,11.9017,9.4857,0.5362,0
formal_msa,2,14,402,1.9499,225,61.9348,54.902,0.431,0
formal_msa,2,15,402,2.0589,225,9.0429,6.8004,0.4668,0
formal_msa,3,1,402,4.3588,225,4.3027,4.1237,0.4228,0
formal_msa,3,2,402,4.6524,225,60.6694,55.6692,0.671,0
formal_msa,3,3,402,4.5812,225,56.9026,51.3692,0.5656,0
formal_msa,3,4,402,4.2526,225,7.3523,4.9573,0.4619,0
formal_msa,3,5,402,4.3834,225,5.594,4.784,0.3438,0
formal_msa,3,6,402,4.4175,225,4.8634,4.2722,0.4613,0
formal_msa,3,7,402,4.4054,225,7.7772,6.627,0.5332,0
formal_msa,3,8,402,4.4833,225,59.6623,55.0982,0.5998,0
formal_msa,3,9,402,5.1812,225,60.378,54.2742,0.6636,0
formal_msa,3,10,402,4.7143,225,57.6116,51.8381,0.5098,0
formal_msa,3,11,402,4.6603,225,11.472,8.546,0.5679,0
formal_msa,3,12,402,4.3932,225,55.4973,49.9498,0.6171,0
formal_msa,3,13,402,4.4337,225,10.5451,8.5217,0.4369,0
formal_msa,3,14,402,4.3507,225,56.8791,51.1716,0.5854,0
formal_msa,3,15,402,4.5244,225,4.4361,3.619,0.5355,0
formal_msa,4,1,402,2.0194,225,59.5935,54.4069,0.6377,0
formal_msa,4,2,402,2.8779,225,6.3042,3.9147,0.5212,0
formal_msa,4,3,402,2.6563,225,9.3827,4.6552,0.5001,0
formal_msa,4,4,402,1.8177,225,56.6083,52.1951,0.6264,0
formal_msa,4,5,402,1.9271,225,60.3589,54.9279,0.6829,0
formal_msa,4,6,402,1.9633,225,60.2076,55.0616,0.5958,0
formal_msa,4,7,402,2.0129,225,61.3916,55.5919,0.5376,0
formal_msa,4,8,402,2.351,225,12.216,3.416,0.6439,0
formal_msa,4,9,402,3.5795,225,7.7435,3.4954,0.5672,0
formal_msa,4,10,402,2.8929,225,8.6802,2.9414,0.6407,0
formal_msa,4,11,402,2.629,225,62.8711,56.4559,0.5809,0
formal_msa,4,12,402,1.8696,225,11.3753,6.6737,0.6204,0
formal_msa,4,13,402,1.9609,225,62.1286,56.1057,0.6051,0
formal_msa,4,14,402,1.9427,225,12.2269,6.2141,0.5474,0
formal_msa,4,15,402,2.05,225,60.4118,54.8681,0.6385,0
formal_msa,5,1,402,2.1289,225,5.7838,3.1341,0.576,0
formal_msa,5,2,402,2.9985,225,61.1869,56.2401,0.5114,0
formal_msa,5,3,402,2.803,225,56.3967,51.6499,0.5567,0
formal_msa,5,4,402,1.9301,225,8.7574,3.1487,0.6721,0
formal_msa,5,5,402,1.9375,225,6.1996,4.7117,0.497,0
formal_msa,5,6,402,2.056,225,4.759,3.0877,0.4115,0
formal_msa,5,7,402,2.0694,225,10.7843,7.809,0.5919,0
formal_msa,5,8,402,2.4951,225,60.4217,55.5526,0.6379,0
formal_msa,5,9,402,3.6897,225,60.5629,55.0636,0.7252,0
formal_msa,5,10,402,2.9969,225,57.2204,52.2406,0.7295,0
formal_msa,5,11,402,2.6835,225,15.522,11.6988,0.5188,0
formal_msa,5,12,402,1.9347,225,54.9667,50.2708,0.6876,0
formal_msa,5,13,402,2.0502,225,10.6254,8.5156,0.5166,0
formal_msa,5,14,402,2.0681,225,56.2438,51.4071,0.591,0
formal_msa,5,15,402,2.1141,225,9.3857,6.8588,0.5664,0
formal_msa,6,1,402,1.928,225,3.3071,1.741,0.4748,0
formal_msa,6,2,402,2.9148,225,62.0054,56.8112,0.6788,0
formal_msa,6,3,402,2.6403,225,57.5719,52.3343,0.5698,0
formal_msa,6,4,402,1.8036,225,8.5101,4.6006,0.4275,0
formal_msa,6,5,402,1.8793,225,3.666,3.2075,0.5278,0
formal_msa,6,6,402,1.8827,225,2.0159,1.5568,0.4301,0
formal_msa,6,7,402,1.9843,225,8.0675,6.3175,0.5842,0
formal_msa,6,8,402,2.2782,225,61.1017,56.1467,0.6967,0
formal_msa,6,9,402,3.5543,225,61.5172,55.6154,0.741,0
formal_msa,6,10,402,2.8391,225,58.3549,52.8919,0.7143,0
formal_msa,6,11,402,2.5409,225,13.4434,10.4402,0.5591,0
formal_msa,6,12,402,1.7622,225,56.2273,51.0107,0.72,0
formal_msa,6,13,402,1.9112,225,8.3519,6.9088,0.3968,0
formal_msa,6,14,402,1.8825,225,57.4327,52.0905,0.5995,0
formal_msa,6,15,402,1.9737,225,7.4063,5.9353,0.5941,0
formal_msa,7,1,402,4.453,225,4.6907,3.7006,0.4749,0
formal_msa,7,2,402,4.6978,225,59.4637,54.615,0.7566,0
formal_msa,7,3,402,4.7283,225,55.1441,50.1107,0.6194,0
formal_msa,7,4,402,4.34,225,6.4114,2.4404,0.4872,0
formal_msa,7,5,402,4.3981,225,6.1722,5.1736,0.5283,0
formal_msa,7,6,402,4.4647,225,4.6767,4.0147,0.4712,0
formal_msa,7,7,402,4.4183,225,9.8886,7.8407,0.6112,0
formal_msa,7,8,402,4.6351,225,58.5822,53.9624,0.5769,0
formal_msa,7,9,402,5.2505,225,59.0418,53.3288,0.7607,0
formal_msa,7,10,402,4.804,225,55.9635,50.6728,0.7534,0
formal_msa,7,11,402,4.7293,225,14.4386,10.904,0.6918,0
formal_msa,7,12,402,4.4434,225,53.6577,48.634,0.6932,0
formal_msa,7,13,402,4.4294,225,11.2766,9.1101,0.4105,0
formal_msa,7,14,402,4.4192,225,55.039,49.8474,0.5692,0
formal_msa,7,15,402,4.496,225,7.7211,6.0134,0.6251,0
formal_msa,8,1,402,4.2492,225,60.9599,55.5373,0.5114,0
formal_msa,8,2,402,4.5004,225,25.3847,13.6246,0.6327,0
formal_msa,8,3,402,4.4583,225,30.6593,12.2439,0.4535,0
formal_msa,8,4,402,4.1537,225,58.5793,53.5299,0.6283,0
formal_msa,8,5,402,4.2733,225,61.9113,56.2345,0.4294,0
formal_msa,8,6,402,4.2975,225,61.8358,56.2013,0.6331,0
formal_msa,8,7,402,4.2895,225,62.4007,57.1987,0.5109,0
formal_msa,8,8,402,4.3537,225,20.7016,13.0101,0.513,0
formal_msa,8,9,402,5.0144,225,31.7305,16.602,0.5445,0
formal_msa,8,10,402,4.5723,225,31.1857,13.532,0.4271,0
formal_msa,8,11,402,4.5265,225,64.2278,59.184,0.5531,0
formal_msa,8,12,402,4.2707,225,31.4746,13.0373,0.4499,0
formal_msa,8,13,402,4.2982,225,62.8916,57.0835,0.5814,0
formal_msa,8,14,402,4.2241,225,30.9139,10.8622,0.4605,0
formal_msa,8,15,402,4.3741,225,62.3968,57.2781,0.5346,0
formal_msa,9,1,402,1.9156,225,4.635,2.7249,0.5406,0
formal_msa,9,2,402,2.8962,225,63.0878,57.4467,0.5574,0
formal_msa,9,3,402,2.5976,225,59.0802,53.2796,0.553,0
formal_msa,9,4,402,1.7616,225,11.9582,7.7514,0.5776,0
formal_msa,9,5,402,1.8592,225,2.4285,1.4843,0.4691,0
formal_msa,9,6,402,1.8878,225,4.1002,2.7219,0.3487,0
formal_msa,9,7,402,1.9604,225,4.77,2.4803,0.527,0
formal_msa,9,8,402,2.2798,225,62.1007,56.8443,0.642,0
formal_msa,9,9,402,3.5666,225,62.4367,56.0429,0.5964,0
formal_msa,9,10,402,2.8645,225,59.7059,53.7143,0.6561,0
formal_msa,9,11,402,2.5727,225,8.405,6.2021,0.5223,0
formal_msa,9,12,402,1.7829,225,57.8666,52.1036,0.62,0
formal_msa,9,13,402,1.8924,225,4.9969,4.2556,0.431,0
formal_msa,9,14,402,1.8434,225,58.9945,53.13,0.59,0
formal_msa,9,15,402,1.9842,225,4.3068,2.6538,0.4827,0
formal_msa,10,1,402,2.7387,225,12.2123,9.309,0.4615,0
formal_msa,10,2,402,3.2416,225,64.9142,58.5211,0.5223,0
formal_msa,10,3,402,3.1689,225,61.5305,54.9161,0.4672,0
formal_msa,10,4,402,2.5618,225,19.3406,14.3895,0.5747,0
formal_msa,10,5,402,2.6641,225,10.0703,7.7113,0.5127,0
formal_msa,10,6,402,2.7416,225,12.1414,9.4123,0.5078,0
formal_msa,10,7,402,2.7274,225,7.6135,4.6138,0.4993,0
formal_msa,10,8,402,2.9689,225,63.8844,58.0251,0.5336,0
formal_msa,10,9,402,3.9449,225,63.9553,56.888,0.4733,0
formal_msa,10,10,402,3.3073,225,61.9379,55.1905,0.5121,0
formal_msa,10,11,402,3.1702,225,4.3358,3.223,0.429,0
formal_msa,10,12,402,2.6829,225,60.5784,54.0252,0.5046,0
formal_msa,10,13,402,2.7155,225,6.5095,5.2702,0.4388,0
formal_msa,10,14,402,2.6722,225,61.4527,54.8577,0.4897,0
formal_msa,10,15,402,2.8329,225,9.4438,7.0011,0.3757,0
formal_msa,11,1,402,4.7932,225,3.9328,3.5415,0.397,0
formal_msa,11,2,402,4.9695,225,62.0488,56.7194,0.5222,0
formal_msa,11,3,402,5.0194,225,58.366,52.574,0.428,0
formal_msa,11,4,402,4.6777,225,9.9382,7.1186,0.4206,0
formal_msa,11,5,402,4.7586,225,3.649,3.0654,0.396,0
formal_msa,11,6,402,4.8247,225,4.2412,3.5951,0.3116,0
formal_msa,11,7,402,4.7733,225,5.0269,4.0475,0.4117,0
formal_msa,11,8,402,4.9312,225,61.0174,56.1627,0.5369,0
formal_msa,11,9,402,5.5039,225,61.6064,55.2555,0.573,0
formal_msa,11,10,402,5.0782,225,59.0276,53.0109,0.5827,0
formal_msa,11,11,402,5.0485,225,8.7242,6.1847,0.4707,0
formal_msa,11,12,402,4.8017,225,57.0341,51.2513,0.5501,0
formal_msa,11,13,402,4.8078,225,7.7773,6.1661,0.3179,0
formal_msa,11,14,402,4.7569,225,58.309,52.3848,0.4422,0
formal_msa,11,15,402,4.8737,225,1.9596,1.3094,0.4295,0
formal_msa,12,1,402,4.2874,225,9.317,7.6836,0.4391,0
formal_msa,12,2,402,4.5655,225,63.8932,57.9741,0.6477,0
formal_msa,12,3,402,4.5912,225,60.6237,54.1335,0.6,0
formal_msa,12,4,402,4.1636,225,15.2541,11.5848,0.5976,0
formal_msa,12,5,402,4.2252,225,7.9899,6.4196,0.394,0
formal_msa,12,6,402,4.2841,225,9.5695,7.6955,0.4433,0
formal_msa,12,7,402,4.2451,225,5.4543,4.5649,0.5131,0
formal_msa,12,8,402,4.476,225,62.737,57.4489,0.6261,0
formal_msa,12,9,402,5.1355,225,63.1849,56.2688,0.6589,0
formal_msa,12,10,402,4.6776,225,61.0841,54.424,0.6506,0
formal_msa,12,11,402,4.5998,225,3.1559,1.9892,0.572,0
formal_msa,12,12,402,4.2641,225,59.4916,53.0051,0.5727,0
formal_msa,12,13,402,4.2491,225,8.1525,6.8667,0.4352,0
formal_msa,12,14,402,4.2488,225,60.6437,54.076,0.6201,0
formal_msa,12,15,402,4.3107,225,4.5558,3.3155,0.4684,0
formal_msa,13,1,402,1.898,225,6.5829,4.1634,0.6643,0
formal_msa,13,2,402,2.8419,225,60.4893,55.443,0.9142,0
formal_msa,13,3,402,2.5714,225,55.5476,50.7853,0.7651,0
formal_msa,13,4,402,1.739,225,8.7158,2.1086,0.6851,0
formal_msa,13,5,402,1.8127,225,7.0615,5.7496,0.5974,0
formal_msa,13,6,402,1.8402,225,5.6511,4.2041,0.5925,0
formal_msa,13,7,402,1.915,225,11.588,8.8096,0.8206,0
formal_msa,13,8,402,2.2408,225,59.746,54.7443,0.8445,0
formal_msa,13,9,402,3.4994,225,59.8331,54.3096,0.8894,0
formal_msa,13,10,402,2.8031,225,56.4035,51.4068,0.8477,0
formal_msa,13,11,402,2.5111,225,16.1894,12.5774,0.7137,0
formal_msa,13,12,402,1.7082,225,54.0709,49.362,0.8668,0
formal_msa,13,13,402,1.8255,225,11.3584,9.543,0.5098,0
formal_msa,13,14,402,1.8198,225,55.3558,50.5254,0.751,0
formal_msa,13,15,402,1.9263,225,10.0827,7.6231,0.7285,0
formal_msa,14,1,402,4.1484,225,4.3376,3.5245,0.6766,0
formal_msa,14,2,402,4.4135,225,62.9694,57.6166,0.9422,0
formal_msa,14,3,402,4.4521,225,58.9612,53.342,0.8462,0
formal_msa,14,4,402,4.0366,225,10.2336,6.5757,0.7431,0
formal_msa,14,5,402,4.0666,225,3.6946,3.4638,0.5283,0
formal_msa,14,6,402,4.1592,225,3.9901,3.3832,0.6686,0
formal_msa,14,7,402,4.1019,225,6.1825,4.9206,0.8099,0
formal_msa,14,8,402,4.3458,225,61.947,56.9945,0.8646,0
formal_msa,14,9,402,4.9778,225,62.3586,56.1497,0.975,0
formal_msa,14,10,402,4.5372,225,59.6181,53.7884,0.8279,0
formal_msa,14,11,402,4.4449,225,9.4681,7.0739,0.8234,0
formal_msa,14,12,402,4.1196,225,57.5642,51.9719,0.8735,0
formal_msa,14,13,402,4.1239,225,7.8885,6.8919,0.6544,0
formal_msa,14,14,402,4.0997,225,58.8601,53.1467,0.8122,0
formal_msa,14,15,402,4.1586,225,3.4461,2.1986,0.7729,0
formal_msa,15,1,402,1.9854,225,6.0104,4.9663,0.5241,0
formal_msa,15,2,402,2.9534,225,62.7955,57.3071,0.7413,0
formal_msa,15,3,402,2.688,225,59.1196,53.1101,0.6343,0
formal_msa,15,4,402,1.824,225,11.2712,7.6639,0.6531,0
formal_msa,15,5,402,1.903,225,5.5841,4.5806,0.5121,0
formal_msa,15,6,402,1.8943,225,6.3023,4.9553,0.5526,0
formal_msa,15,7,402,1.9796,225,5.9597,5.0397,0.6742,0
formal_msa,15,8,402,2.3638,225,61.6446,56.7031,0.6971,0
formal_msa,15,9,402,3.6134,225,62.2687,55.7669,0.7414,0
formal_msa,15,10,402,2.9325,225,59.6864,53.4944,0.6696,0
formal_msa,15,11,402,2.6103,225,7.5949,5.9986,0.5318,0
formal_msa,15,12,402,1.8196,225,57.9033,51.8824,0.6971,0
formal_msa,15,13,402,1.894,225,8.6721,7.3703,0.5431,0
formal_msa,15,14,402,1.9154,225,59.1742,53.0466,0.6584,0
formal_msa,15,15,402,1.9531,225,2.0146,1.1508,0.6033,0
msa_sensitivity,1,1,402,1.6255,225,19.5427,12.6204,0.3193,0
msa_sensitivity,1,2,402,2.1663,225,63.1489,56.5144,0.4898,0
msa_sensitivity,1,3,402,1.9448,225,16.9065,8.3719,0.394,0
msa_sensitivity,2,1,402,1.6407,225,8.332,6.0632,0.3871,0
msa_sensitivity,2,2,402,2.1395,225,53.567,49.7423,0.5871,0
msa_sensitivity,2,3,402,1.967,225,13.0596,10.6666,0.5274,0
msa_sensitivity,3,1,402,1.7255,225,14.7094,11.1844,0.3739,0
msa_sensitivity,3,2,402,2.2911,225,61.9638,55.6825,0.4782,0
msa_sensitivity,3,3,402,2.0527,225,9.6338,7.1169,0.4061,0
