condition,route,seed,chain_breaks_ca_gt4p5,peptide_cn_outliers_outside_1p1_1p6,interchain_heavy_atom_clashes_lt1p8,nonlocal_intrachain_heavy_atom_clashes_lt1p8,geometry_pass
formal,native_blind,1,0,0,8,12,0
formal,native_blind,2,0,0,12,3,0
formal,native_blind,3,0,0,11,6,0
formal,native_blind,4,0,0,5,5,0
formal,native_blind,5,0,0,7,9,0
formal,native_blind,6,0,0,10,1,0
formal,native_blind,7,0,0,15,18,0
formal,native_blind,8,0,0,4,4,0
formal,native_blind,9,0,0,6,4,0
formal,native_blind,10,0,0,6,9,0
formal,native_blind,11,0,0,10,5,0
formal,native_blind,12,0,0,5,3,0
formal,native_blind,13,0,0,7,7,0
formal,native_blind,14,0,0,7,9,0
formal,native_blind,15,0,0,8,11,0
formal,immunogen_blind,1,0,0,7,1,0
formal,immunogen_blind,2,0,0,6,18,0
formal,immunogen_blind,3,0,0,6,14,0
formal,immunogen_blind,4,0,0,7,13,0
formal,immunogen_blind,5,0,0,12,7,0
formal,immunogen_blind,6,0,0,11,9,0
formal,immunogen_blind,7,0,0,6,11,0
formal,immunogen_blind,8,0,0,1,5,0
formal,immunogen_blind,9,0,0,8,7,0
formal,immunogen_blind,10,0,0,8,7,0
formal,immunogen_blind,11,0,0,8,18,0
formal,immunogen_blind,12,0,0,3,22,0
formal,immunogen_blind,13,0,0,7,18,0
formal,immunogen_blind,14,0,0,8,25,0
formal,immunogen_blind,15,0,0,3,9,0
formal_msa,native_blind,1,0,0,0,4,0
formal_msa,native_blind,2,0,0,9,2,0
formal_msa,native_blind,3,0,0,1,3,0
formal_msa,native_blind,4,0,0,14,6,0
formal_msa,native_blind,5,0,0,5,9,0
formal_msa,native_blind,6,0,0,0,11,0
formal_msa,native_blind,7,0,0,1,2,0
formal_msa,native_blind,8,0,0,6,2,0
formal_msa,native_blind,9,0,0,0,5,0
formal_msa,native_blind,10,0,0,6,7,0
formal_msa,native_blind,11,0,0,8,1,0
formal_msa,native_blind,12,0,0,1,4,0
formal_msa,native_blind,13,0,0,5,7,0
formal_msa,native_blind,14,0,0,0,1,0
formal_msa,native_blind,15,0,0,2,6,0
formal_msa,immunogen_blind,1,0,0,0,1,0
formal_msa,immunogen_blind,2,0,0,0,7,0
formal_msa,immunogen_blind,3,0,0,3,5,0
formal_msa,immunogen_blind,4,0,0,1,4,0
formal_msa,immunogen_blind,5,0,0,1,3,0
formal_msa,immunogen_blind,6,0,0,2,1,0
formal_msa,immunogen_blind,7,0,0,7,1,0
formal_msa,immunogen_blind,8,0,0,7,4,0
formal_msa,immunogen_blind,9,0,0,3,9,0
formal_msa,immunogen_blind,10,0,0,8,7,0
formal_msa,immunogen_blind,11,0,0,3,2,0
formal_msa,immunogen_blind,12,0,0,7,5,0
formal_msa,immunogen_blind,13,0,0,8,1,0
formal_msa,immunogen_blind,14,0,0,6,2,0
formal_msa,immunogen_blind,15,0,0,4,4,0
msa_sensitivity,native_blind,1,0,0,3,6,0
msa_sensitivity,native_blind,2,0,0,10,10,0
msa_sensitivity,native_blind,3,0,0,9,3,0
msa_sensitivity,immunogen_blind,1,0,0,3,1,0
msa_sensitivity,immunogen_blind,2,0,1,14,6,0
msa_sensitivity,immunogen_blind,3,0,0,2,3,0
