position,AA,pLDDT,BepiPred_raw,BepiPred_percentile,DiscoTope_raw,DiscoTope_percentile,EpitopeConsensus,SASA,RSA_raw,RSA_percentile,Conservation_raw,Conservation_percentile,SecondaryStructure,FinalScore_Phase1A,FinalScore_Phase1B,FinalScore_4way_sensitivity,StructureConfidenceFlag
1,M,37.34,0.1202828213572502,0.4444444444444444,0.1997,0.4222222222222222,0.43333333333333335,246.683033,1.277489,1.0,0.5947111731312889,0.12777777777777777,coil,0.524074074074074,0.5203703703703704,0.4986111111111111,VERY_LOW
2,S,35.88,0.1765937060117721,0.75,0.23092,0.5277777777777778,0.6388888888888888,109.139969,0.922258,0.9444444444444444,0.4211145734078804,0.005555555555555556,coil,0.5666666666666667,0.5296296296296296,0.5569444444444445,VERY_LOW
3,W,36.34,0.1524384468793869,0.6111111111111112,0.30937,0.75,0.6805555555555556,246.498987,0.989201,0.9777777777777777,0.4417124402887792,0.016666666666666666,coil,0.5351851851851852,0.5583333333333332,0.5888888888888889,VERY_LOW
4,G,41.19,0.1197591945528984,0.4388888888888889,0.31497,0.7611111111111111,0.6,66.766004,0.823357,0.9,0.5154105085070795,0.044444444444444446,coil,0.4611111111111112,0.5148148148148148,0.5361111111111111,VERY_LOW
5,L,44.59,0.109642244875431,0.4111111111111111,0.26841,0.6333333333333333,0.5222222222222221,141.62713,0.788745,0.8777777777777778,0.421554467100602,0.011111111111111112,coil,0.4333333333333333,0.4703703703703703,0.4833333333333333,VERY_LOW
6,Q,50.78,0.1448297500610351,0.5611111111111111,0.25138,0.5888888888888889,0.575,168.162767,0.94035,0.9555555555555556,0.6218281589936552,0.16111111111111112,coil,0.5592592592592592,0.5638888888888889,0.5666666666666667,LOW
7,I,56.72,0.0741184949874877,0.25,0.20952,0.4444444444444444,0.3472222222222222,113.097531,0.643587,0.7611111111111111,0.5419697146615268,0.06666666666666667,coil,0.3592592592592592,0.39166666666666666,0.38055555555555554,LOW
8,L,58.38,0.0523883365094661,0.16111111111111112,0.32556,0.7666666666666667,0.4638888888888889,142.538671,0.793822,0.8833333333333333,0.8476718242408506,0.5555555555555556,coil,0.5333333333333333,0.6342592592592593,0.5916666666666667,LOW
9,P,60.66,0.0604665875434875,0.19444444444444445,0.26142,0.6166666666666667,0.40555555555555556,89.261842,0.650549,0.7722222222222223,0.7917544202752844,0.45,helix,0.47222222222222227,0.5425925925925926,0.5083333333333334,LOW
10,C,60.66,0.0348744206130504,0.08888888888888889,0.15206,0.35,0.21944444444444444,88.193023,0.667118,0.8166666666666667,0.8110359380385977,0.48333333333333334,helix,0.46296296296296297,0.5064814814814814,0.43472222222222223,LOW
11,L,58.66,0.0252193268388509,0.027777777777777776,0.15988,0.37222222222222223,0.2,113.340654,0.631213,0.7444444444444445,0.942182681583994,0.7611111111111111,helix,0.5111111111111111,0.5685185185185185,0.47638888888888886,LOW
12,S,65.25,0.0328908264636993,0.07777777777777778,0.13311,0.3,0.18888888888888888,51.914636,0.438691,0.5555555555555556,0.7591695048781505,0.3888888888888889,helix,0.34074074074074073,0.37777777777777777,0.33055555555555555,LOW
13,L,63.31,0.0280775036662817,0.044444444444444446,0.13441,0.3111111111111111,0.17777777777777778,109.094822,0.607568,0.7166666666666667,0.8232006554070304,0.5027777777777778,helix,0.4212962962962963,0.46574074074074073,0.39375,LOW
14,I,66.38,0.0362751558423042,0.09444444444444444,0.11117,0.2611111111111111,0.17777777777777778,87.365165,0.497156,0.6277777777777778,0.5034066791349003,0.03888888888888889,helix,0.2537037037037037,0.2814814814814815,0.2555555555555556,LOW
15,L,64.19,0.0306650232523679,0.06111111111111111,0.10652,0.25555555555555554,0.15833333333333333,109.336008,0.608911,0.7222222222222222,0.8884342405481784,0.6555555555555556,helix,0.47962962962962963,0.512037037037037,0.42361111111111105,LOW
16,L,62.66,0.038973893970251,0.1,0.12352,0.2722222222222222,0.18611111111111112,112.534861,0.626726,0.7388888888888889,0.8335103339120555,0.5277777777777778,helix,0.45555555555555555,0.48425925925925933,0.4097222222222222,LOW
17,L,61.81,0.0396379455924034,0.10555555555555556,0.10245,0.2388888888888889,0.17222222222222222,112.197103,0.624845,0.7333333333333333,0.7350173916993619,0.33611111111111114,helix,0.3916666666666666,0.4138888888888889,0.3534722222222222,LOW
18,W,57.5,0.078531377017498,0.2833333333333333,0.23061,0.5222222222222223,0.4027777777777778,188.797159,0.757643,0.8666666666666667,0.8335103339120555,0.5277777777777778,helix,0.5592592592592592,0.599074074074074,0.55,LOW
19,N,55.69,0.0834258720278739,0.3,0.22041,0.4888888888888889,0.39444444444444443,133.134151,0.918103,0.9388888888888889,0.8775174288731057,0.6138888888888889,coil,0.6175925925925926,0.649074074074074,0.5854166666666667,LOW
20,Q,54.06,0.132082387804985,0.49444444444444446,0.21727,0.4666666666666667,0.48055555555555557,143.34939,0.801596,0.8888888888888888,0.5489220807191881,0.07777777777777778,coil,0.487037037037037,0.4824074074074074,0.48194444444444445,LOW
21,V,50.91,0.0824060589075088,0.28888888888888886,0.16978,0.37777777777777777,0.3333333333333333,100.609428,0.662035,0.8,0.5589205391640101,0.08333333333333333,coil,0.3907407407407408,0.4055555555555555,0.3875,LOW
22,P,48.53,0.1157170757651329,0.4222222222222222,0.22377,0.49444444444444446,0.45833333333333337,113.631197,0.828155,0.9111111111111111,0.8232006554070304,0.5027777777777778,coil,0.612037037037037,0.6240740740740741,0.5826388888888889,VERY_LOW
23,G,47.56,0.082798883318901,0.29444444444444445,0.14704,0.3333333333333333,0.3138888888888889,52.392118,0.646098,0.7666666666666667,0.7012179147132768,0.25555555555555554,coil,0.4388888888888889,0.4453703703703704,0.4125,VERY_LOW
24,L,53.12,0.103003479540348,0.3888888888888889,0.20111,0.43333333333333335,0.4111111111111111,119.600755,0.666077,0.8111111111111111,0.598092616740374,0.1388888888888889,coil,0.44629629629629625,0.4537037037037037,0.44305555555555554,LOW
25,E,56.31,0.1459891349077224,0.5722222222222222,0.17479,0.38333333333333336,0.47777777777777775,167.413783,0.961154,0.9722222222222222,0.6866708728356926,0.2388888888888889,coil,0.5944444444444444,0.562962962962963,0.5416666666666666,LOW
26,G,60.88,0.0689345002174377,0.23333333333333334,0.17669,0.39444444444444443,0.3138888888888889,25.590122,0.315577,0.45555555555555555,0.9439388662275444,0.8027777777777778,coil,0.49722222222222223,0.524074074074074,0.47152777777777777,LOW
27,Q,71.25,0.1979111582040786,0.8333333333333334,0.20001,0.42777777777777776,0.6305555555555555,49.1104,0.274621,0.4222222222222222,0.8884342405481784,0.6555555555555556,strand,0.637037037037037,0.5694444444444445,0.5847222222222223,HIGH
28,E,73.44,0.2581902146339416,0.9611111111111111,0.13115,0.28888888888888886,0.625,76.284606,0.437964,0.55,0.8520205909648362,0.5694444444444444,strand,0.6935185185185185,0.5814814814814815,0.5923611111111111,HIGH
29,F,79.94,0.1375392079353332,0.5277777777777778,0.14433,0.32222222222222224,0.42500000000000004,3.542048,0.017721,0.17222222222222222,0.9439388662275444,0.8027777777777778,strand,0.5009259259259259,0.46666666666666673,0.45625000000000004,HIGH
30,R,78.0,0.2565428912639618,0.9555555555555556,0.39842,0.9,0.9277777777777778,153.272171,0.643541,0.7555555555555555,0.6849688603226491,0.23333333333333334,strand,0.6481481481481483,0.638888888888889,0.7111111111111111,HIGH
31,S,75.38,0.1885673403739929,0.7944444444444444,0.04448,0.17777777777777778,0.4861111111111111,1.509799,0.012758,0.16111111111111112,0.9439388662275444,0.8027777777777778,strand,0.5861111111111111,0.4833333333333334,0.4840277777777778,HIGH
32,G,79.62,0.154890164732933,0.6277777777777778,0.13234,0.29444444444444445,0.46111111111111114,25.093416,0.309451,0.45,1.0,0.9194444444444444,coil,0.6657407407407407,0.6101851851851853,0.5729166666666666,HIGH
33,S,81.56,0.1405528485774994,0.5333333333333333,0.48055,0.9777777777777777,0.7555555555555555,82.93701,0.700837,0.8333333333333334,0.7605142296076313,0.3972222222222222,coil,0.5879629629629629,0.6620370370370371,0.6854166666666667,HIGH
34,C,90.19,0.0706029161810875,0.2388888888888889,0.06639,0.2,0.21944444444444444,4.840879,0.036618,0.2111111111111111,1.0,0.9194444444444444,strand,0.4564814814814815,0.45,0.3923611111111111,VERY_HIGH
35,Q,89.38,0.1576793193817138,0.65,0.18504,0.40555555555555556,0.5277777777777778,99.839098,0.558291,0.6833333333333333,0.7319370414188774,0.32222222222222224,strand,0.5518518518518519,0.5111111111111112,0.5152777777777778,HIGH
36,V,88.75,0.0889715999364852,0.3333333333333333,0.00642,0.08888888888888889,0.2111111111111111,0.0,0.0,0.03888888888888889,1.0,0.9194444444444444,strand,0.4305555555555555,0.3898148148148148,0.3451388888888889,HIGH
37,T,87.81,0.1451828479766845,0.5666666666666667,0.30275,0.7388888888888889,0.6527777777777778,63.584364,0.452236,0.5777777777777777,0.572705950262841,0.09444444444444444,strand,0.412962962962963,0.4416666666666667,0.49444444444444446,HIGH
38,G,82.88,0.1543491184711456,0.6222222222222222,0.25627,0.6,0.6111111111111112,55.722072,0.687163,0.8277777777777777,0.9069444976009592,0.7083333333333334,strand,0.7194444444444444,0.7157407407407407,0.6895833333333333,HIGH
39,V,85.25,0.1093642264604568,0.40555555555555556,0.02391,0.14444444444444443,0.275,0.487946,0.003211,0.1388888888888889,0.9069444976009592,0.7083333333333334,strand,0.41759259259259257,0.37407407407407406,0.34930555555555554,HIGH
40,V,87.38,0.0969784557819366,0.36666666666666664,0.14966,0.34444444444444444,0.3555555555555555,25.027924,0.16469,0.3388888888888889,0.5744189186274575,0.10833333333333334,coil,0.2712962962962963,0.2675925925925926,0.2895833333333333,HIGH
41,L,87.25,0.0900679752230644,0.34444444444444444,0.10284,0.25,0.2972222222222222,13.249152,0.073787,0.25,0.7382384288188382,0.3472222222222222,helix,0.3138888888888889,0.29814814814814816,0.29791666666666666,HIGH
42,P,89.94,0.1591247171163559,0.6611111111111111,0.24972,0.5833333333333334,0.6222222222222222,84.514202,0.615948,0.7277777777777777,0.7995538808501597,0.4722222222222222,helix,0.6203703703703703,0.6074074074074075,0.6111111111111112,HIGH
43,E,90.94,0.1063187643885612,0.4,0.27093,0.6388888888888888,0.5194444444444444,77.072747,0.442489,0.5611111111111111,0.5828079158555364,0.12222222222222222,helix,0.3611111111111111,0.4009259259259259,0.4305555555555555,VERY_HIGH
44,L,92.75,0.0335975773632526,0.08333333333333333,0.00635,0.08333333333333333,0.08333333333333333,0.223796,0.001246,0.1111111111111111,1.0,0.9194444444444444,helix,0.3712962962962963,0.3712962962962963,0.29930555555555555,VERY_HIGH
45,W,95.0,0.1579817086458206,0.6555555555555556,0.24558,0.5555555555555556,0.6055555555555556,34.19308,0.137217,0.32222222222222224,0.8532345886571031,0.5888888888888889,helix,0.5222222222222223,0.5055555555555555,0.5305555555555556,VERY_HIGH
46,E,95.25,0.2167578190565109,0.8777777777777778,0.39831,0.8888888888888888,0.8833333333333333,110.624296,0.635115,0.75,0.654399458552974,0.2111111111111111,helix,0.6129629629629629,0.6148148148148148,0.6819444444444445,VERY_HIGH
47,A,95.56,0.0606680177152156,0.2,0.04185,0.17222222222222222,0.18611111111111112,6.371771,0.058586,0.2388888888888889,1.0,0.9194444444444444,helix,0.4527777777777778,0.4481481481481482,0.38263888888888886,VERY_HIGH
48,F,96.38,0.0625448822975158,0.2111111111111111,0.00701,0.09444444444444444,0.1527777777777778,0.187947,0.00094,0.10555555555555556,0.9439388662275444,0.8027777777777778,helix,0.3731481481481482,0.3537037037037037,0.30347222222222225,VERY_HIGH
49,W,96.06,0.259601354598999,0.9666666666666667,0.46289,0.9555555555555556,0.9611111111111111,151.089209,0.606321,0.7111111111111111,0.7167048060857654,0.29444444444444445,helix,0.6574074074074074,0.6555555555555556,0.7319444444444444,VERY_HIGH
50,T,94.94,0.1497907489538192,0.5888888888888889,0.18945,0.4111111111111111,0.5,64.764013,0.460626,0.5888888888888889,0.6497714860124406,0.2,helix,0.45925925925925926,0.42962962962962964,0.44722222222222224,VERY_HIGH
51,V,94.88,0.0450783036649227,0.12777777777777777,0.00887,0.1,0.11388888888888889,0.0,0.0,0.03888888888888889,0.7262873954643265,0.30833333333333335,helix,0.15833333333333333,0.1537037037037037,0.14375,VERY_HIGH
52,K,93.0,0.1479493230581283,0.5777777777777777,0.26727,0.6277777777777778,0.6027777777777777,55.016773,0.268401,0.4166666666666667,0.9439388662275444,0.8027777777777778,helix,0.5990740740740741,0.6074074074074074,0.60625,VERY_HIGH
53,N,88.56,0.3138225376605987,1.0,0.29813,0.7277777777777777,0.8638888888888889,108.241521,0.746442,0.8611111111111112,0.7880302046528675,0.43333333333333335,helix,0.7648148148148147,0.7194444444444444,0.7555555555555555,HIGH
54,T,92.0,0.1903338730335235,0.8055555555555556,0.3424,0.7944444444444444,0.8,26.551238,0.188842,0.35555555555555557,0.7262873954643265,0.30833333333333335,helix,0.48981481481481487,0.487962962962963,0.5659722222222223,VERY_HIGH
55,V,92.75,0.0908420905470848,0.35,0.00964,0.1111111111111111,0.23055555555555554,0.265172,0.001745,0.12222222222222222,0.8775174288731057,0.6138888888888889,helix,0.3620370370370371,0.32222222222222224,0.29930555555555555,VERY_HIGH
56,Q,90.88,0.306187242269516,0.9944444444444445,0.21108,0.45555555555555555,0.725,65.723204,0.367518,0.4888888888888889,0.9439388662275444,0.8027777777777778,helix,0.7620370370370372,0.6722222222222222,0.6854166666666667,VERY_HIGH
57,T,91.81,0.2459201663732528,0.9333333333333333,0.28271,0.6777777777777778,0.8055555555555556,113.053787,0.804081,0.8944444444444445,0.8775174288731057,0.6138888888888889,coil,0.813888888888889,0.7712962962962964,0.7798611111111111,VERY_HIGH
58,Q,92.19,0.2954972386360168,0.9888888888888889,0.34761,0.8111111111111111,0.9,57.384408,0.320888,0.4722222222222222,0.7605142296076313,0.3972222222222222,coil,0.6194444444444445,0.5898148148148148,0.6673611111111111,VERY_HIGH
59,D,93.06,0.2457977533340454,0.9277777777777778,0.28994,0.7166666666666667,0.8222222222222222,33.594388,0.235321,0.39444444444444443,1.0,0.9194444444444444,coil,0.7472222222222222,0.712037037037037,0.7395833333333333,VERY_HIGH
60,D,91.12,0.2662215232849121,0.9722222222222222,0.34791,0.8166666666666667,0.8944444444444444,135.628504,0.950046,0.9666666666666667,0.7127415909105688,0.2861111111111111,coil,0.7416666666666667,0.7157407407407407,0.7604166666666666,VERY_HIGH
61,I,92.06,0.2258208990097046,0.9,0.29967,0.7333333333333333,0.8166666666666667,55.66797,0.316781,0.4666666666666667,0.7276390203827614,0.31666666666666665,coil,0.5611111111111111,0.5333333333333333,0.6041666666666667,VERY_HIGH
62,T,88.81,0.1849851459264755,0.7722222222222223,0.27196,0.65,0.7111111111111111,133.326832,0.94827,0.9611111111111111,0.7995538808501597,0.4722222222222222,coil,0.7351851851851853,0.7148148148148148,0.7138888888888889,HIGH
63,S,92.31,0.1773709505796432,0.7555555555555555,0.4017,0.9055555555555556,0.8305555555555555,105.458282,0.891147,0.9222222222222223,0.797703817498761,0.4583333333333333,coil,0.712037037037037,0.737037037037037,0.7604166666666666,VERY_HIGH
64,I,93.25,0.1160426512360572,0.42777777777777776,0.35623,0.8333333333333334,0.6305555555555555,66.426909,0.378006,0.5111111111111111,0.7127415909105688,0.2861111111111111,coil,0.4083333333333334,0.47592592592592586,0.5145833333333333,VERY_HIGH
65,R,96.12,0.1992754191160202,0.85,0.22006,0.48333333333333334,0.6666666666666666,110.051545,0.462071,0.5944444444444444,0.9069444976009592,0.7083333333333334,coil,0.7175925925925926,0.6564814814814816,0.6590277777777778,VERY_HIGH
66,L,98.19,0.0683359652757644,0.22777777777777777,0.00491,0.044444444444444446,0.1361111111111111,0.343272,0.001912,0.12777777777777777,1.0,0.9194444444444444,coil,0.425,0.3944444444444444,0.3298611111111111,VERY_HIGH
67,L,98.19,0.0419678017497062,0.11666666666666667,0.00564,0.05555555555555555,0.08611111111111111,0.384904,0.002144,0.13333333333333333,1.0,0.9194444444444444,coil,0.3898148148148148,0.3796296296296296,0.30625,VERY_HIGH
68,K,96.81,0.1250079870223999,0.4666666666666667,0.38767,0.8611111111111112,0.663888888888889,82.48134,0.402387,0.5166666666666667,0.7382384288188382,0.3472222222222222,coil,0.4435185185185186,0.5092592592592594,0.5479166666666667,VERY_HIGH
69,P,96.69,0.1802942305803299,0.7611111111111111,0.23038,0.5166666666666667,0.6388888888888888,76.27984,0.555935,0.6722222222222223,0.5392982637378676,0.05555555555555555,helix,0.4962962962962963,0.45555555555555555,0.5013888888888889,VERY_HIGH
70,Q,95.88,0.1735322326421737,0.7277777777777777,0.25924,0.6111111111111112,0.6694444444444445,116.482061,0.651356,0.7833333333333333,0.8775174288731057,0.6138888888888889,helix,0.7083333333333334,0.688888888888889,0.6840277777777778,VERY_HIGH
71,V,98.25,0.0608322396874427,0.20555555555555555,0.02511,0.15555555555555556,0.18055555555555555,1.267213,0.008339,0.15,0.7650513249494346,0.40555555555555556,helix,0.2537037037037037,0.24537037037037038,0.22916666666666666,VERY_HIGH
72,L,97.88,0.0488588698208332,0.15555555555555556,0.2481,0.5722222222222222,0.3638888888888889,19.643918,0.1094,0.2777777777777778,0.9439388662275444,0.8027777777777778,helix,0.41203703703703703,0.48148148148148145,0.45208333333333334,VERY_HIGH
73,R,96.06,0.2360910177230835,0.9055555555555556,0.57638,1.0,0.9527777777777777,171.506058,0.720099,0.85,0.7880302046528675,0.43333333333333335,coil,0.7296296296296297,0.7453703703703702,0.7972222222222223,VERY_HIGH
74,N,95.25,0.1123946532607078,0.4166666666666667,0.40934,0.9111111111111111,0.6638888888888889,134.718829,0.929031,0.95,0.9439388662275444,0.8027777777777778,coil,0.7231481481481481,0.8055555555555557,0.7701388888888889,VERY_HIGH
75,V,95.31,0.0661883652210235,0.21666666666666667,0.13794,0.31666666666666665,0.26666666666666666,17.516727,0.115264,0.2833333333333333,0.7880302046528675,0.43333333333333335,coil,0.3111111111111111,0.3277777777777778,0.3125,VERY_HIGH
76,S,92.62,0.1268108040094375,0.4777777777777778,0.34409,0.8,0.638888888888889,59.435815,0.502246,0.6333333333333333,0.9439388662275444,0.8027777777777778,coil,0.637962962962963,0.6916666666666668,0.6784722222222223,VERY_HIGH
77,G,90.25,0.1662855744361877,0.6833333333333333,0.13105,0.2833333333333333,0.48333333333333334,35.415604,0.436744,0.5444444444444444,0.5741980124151711,0.1,helix,0.44259259259259265,0.37592592592592594,0.4027777777777778,VERY_HIGH
78,A,88.88,0.1257922351360321,0.4722222222222222,0.24951,0.5777777777777777,0.5249999999999999,36.600887,0.336529,0.48333333333333334,0.8252225867767207,0.5138888888888888,helix,0.48981481481481476,0.5074074074074074,0.5118055555555555,HIGH
79,E,94.12,0.13168366253376,0.4888888888888889,0.13041,0.2777777777777778,0.3833333333333333,8.130002,0.046676,0.2222222222222222,1.0,0.9194444444444444,helix,0.5435185185185185,0.5083333333333333,0.4770833333333333,VERY_HIGH
80,S,94.25,0.0764050111174583,0.26666666666666666,0.00348,0.022222222222222223,0.14444444444444443,0.201844,0.001706,0.11666666666666667,0.9013799749462854,0.675,helix,0.3527777777777778,0.31203703703703706,0.27013888888888893,VERY_HIGH
81,C,93.94,0.0588421709835529,0.18888888888888888,0.00606,0.07222222222222222,0.13055555555555554,0.0,0.0,0.03888888888888889,1.0,0.9194444444444444,helix,0.38240740740740736,0.36296296296296293,0.3048611111111111,VERY_HIGH
82,Y,95.69,0.0888278409838676,0.3277777777777778,0.28935,0.7111111111111111,0.5194444444444445,21.554538,0.100633,0.2722222222222222,0.7889098840321844,0.4444444444444444,helix,0.3481481481481481,0.41203703703703703,0.4388888888888889,VERY_HIGH
83,L,96.88,0.0839630961418151,0.3055555555555556,0.00334,0.016666666666666666,0.16111111111111112,0.0,0.0,0.03888888888888889,0.8252225867767207,0.5138888888888888,helix,0.2861111111111111,0.23796296296296293,0.21875,VERY_HIGH
84,A,95.94,0.0459784530103206,0.13333333333333333,0.01568,0.13333333333333333,0.13333333333333333,2.974767,0.027352,0.19444444444444445,0.541029633412806,0.06111111111111111,helix,0.12962962962962962,0.12962962962962962,0.13055555555555556,VERY_HIGH
85,H,96.31,0.1054854542016983,0.39444444444444443,0.15826,0.36666666666666664,0.38055555555555554,37.640739,0.205721,0.37777777777777777,0.7190385317800231,0.3,helix,0.3574074074074074,0.3527777777777778,0.3597222222222222,VERY_HIGH
86,S,97.62,0.0764131471514701,0.2722222222222222,0.21075,0.45,0.3611111111111111,28.583298,0.241535,0.4,0.6078312824288946,0.15,helix,0.2740740740740741,0.3037037037037037,0.31805555555555554,VERY_HIGH
87,L,98.44,0.0311316903680562,0.06666666666666667,0.00238,0.005555555555555556,0.03611111111111111,0.0,0.0,0.03888888888888889,1.0,0.9194444444444444,helix,0.3416666666666666,0.33148148148148143,0.25763888888888886,VERY_HIGH
88,L,97.75,0.0295872744172811,0.05555555555555555,0.01081,0.11666666666666667,0.08611111111111111,0.0,0.0,0.03888888888888889,1.0,0.9194444444444444,helix,0.33796296296296297,0.3481481481481481,0.2826388888888889,VERY_HIGH
89,K,98.12,0.1655670702457428,0.6722222222222223,0.30883,0.7444444444444445,0.7083333333333334,105.215831,0.513298,0.6444444444444445,0.4920438400648934,0.03333333333333333,helix,0.4500000000000001,0.4620370370370371,0.5236111111111111,VERY_HIGH
90,F,98.69,0.0709180384874343,0.24444444444444444,0.27435,0.6611111111111111,0.4527777777777778,25.338716,0.12677,0.3,1.0,0.9194444444444444,helix,0.48796296296296293,0.5574074074074074,0.53125,VERY_HIGH
91,Y,98.62,0.0478933565318584,0.15,0.00502,0.05,0.1,0.094671,0.000442,0.09444444444444444,1.0,0.9194444444444444,helix,0.3879629629629629,0.3712962962962963,0.3034722222222222,VERY_HIGH
92,L,98.12,0.0477447696030139,0.1388888888888889,0.22659,0.5,0.3194444444444444,23.210161,0.129261,0.3055555555555556,0.8131227109765247,0.4888888888888889,helix,0.3111111111111111,0.3712962962962963,0.35833333333333334,VERY_HIGH
93,N,97.94,0.1686585396528244,0.7,0.44856,0.95,0.825,87.370349,0.602513,0.7055555555555556,0.7073822952094528,0.2722222222222222,helix,0.5592592592592592,0.6009259259259259,0.6569444444444444,VERY_HIGH
94,T,97.94,0.0988586917519569,0.37222222222222223,0.31207,0.7555555555555555,0.5638888888888889,36.527652,0.259798,0.40555555555555556,0.9013799749462854,0.675,helix,0.48425925925925933,0.5481481481481482,0.5520833333333333,VERY_HIGH
95,V,97.31,0.0280540119856596,0.03888888888888889,0.01739,0.1388888888888889,0.08888888888888889,0.0,0.0,0.03888888888888889,0.9013799749462854,0.675,helix,0.25092592592592594,0.2675925925925926,0.22291666666666668,VERY_HIGH
96,F,96.69,0.0524485222995281,0.16666666666666666,0.14586,0.3277777777777778,0.24722222222222223,8.26562,0.041353,0.21666666666666667,1.0,0.9194444444444444,helix,0.4342592592592592,0.4611111111111111,0.4076388888888889,VERY_HIGH
97,K,95.81,0.1713572740554809,0.7166666666666667,0.3545,0.8277777777777777,0.7722222222222221,152.776649,0.745325,0.8555555555555555,0.8229115348813676,0.49444444444444446,helix,0.6888888888888888,0.7074074074074074,0.7236111111111111,VERY_HIGH
98,N,95.31,0.1944417804479599,0.8166666666666667,0.39397,0.8777777777777778,0.8472222222222222,71.737893,0.49471,0.6222222222222222,0.8812601303236975,0.6333333333333333,helix,0.6907407407407407,0.700925925925926,0.7374999999999999,VERY_HIGH
99,Y,92.06,0.1803613752126693,0.7666666666666667,0.01285,0.12777777777777777,0.44722222222222224,0.133237,0.000622,0.1,1.0,0.9194444444444444,helix,0.5953703703703703,0.48888888888888893,0.4784722222222222,VERY_HIGH
100,H,90.75,0.192801833152771,0.8111111111111111,0.26244,0.6222222222222222,0.7166666666666667,87.845371,0.480108,0.6,0.7328581927461565,0.3277777777777778,helix,0.5796296296296296,0.5481481481481482,0.5902777777777778,VERY_HIGH
101,S,86.69,0.19886314868927,0.8444444444444444,0.2795,0.6722222222222223,0.7583333333333333,77.605003,0.65578,0.7888888888888889,0.3811880230724177,0.0,helix,0.5444444444444444,0.5157407407407407,0.5763888888888888,HIGH
102,K,86.94,0.2436954230070114,0.9222222222222223,0.44205,0.9444444444444444,0.9333333333333333,61.406403,0.299573,0.43333333333333335,0.845768290596169,0.5472222222222223,helix,0.6342592592592593,0.637962962962963,0.7118055555555556,HIGH
103,I,89.75,0.1982256025075912,0.8388888888888889,0.02432,0.15,0.49444444444444446,0.0,0.0,0.03888888888888889,0.6868415033992076,0.24444444444444444,helix,0.37407407407407406,0.25925925925925924,0.3180555555555556,HIGH
104,A,87.75,0.1509947776794433,0.6055555555555555,0.23262,0.5333333333333333,0.5694444444444444,52.65337,0.484124,0.6055555555555555,0.522026935430532,0.05,coil,0.42037037037037034,0.40833333333333327,0.4486111111111111,HIGH
105,K,87.62,0.204149916768074,0.8611111111111112,0.34949,0.8222222222222222,0.8416666666666667,175.295771,0.855185,0.9166666666666666,0.7529780373687442,0.37222222222222223,coil,0.7166666666666667,0.7101851851851851,0.7430555555555556,HIGH
106,F,87.56,0.1868837028741836,0.7888888888888889,0.39841,0.8944444444444445,0.8416666666666667,81.402736,0.407258,0.5277777777777778,0.6094472170341808,0.15555555555555556,coil,0.49074074074074076,0.5083333333333333,0.5916666666666667,HIGH
107,K,89.62,0.1737510412931442,0.7333333333333333,0.28799,0.7,0.7166666666666666,216.462057,1.056016,0.9888888888888889,0.6020141912205599,0.14444444444444443,coil,0.6222222222222222,0.6166666666666666,0.6416666666666666,HIGH
108,V,93.31,0.0663438811898231,0.2222222222222222,0.19919,0.4166666666666667,0.3194444444444444,18.589124,0.122321,0.28888888888888886,0.6505288006546713,0.20555555555555555,coil,0.23888888888888885,0.2712962962962963,0.2833333333333333,VERY_HIGH
109,L,92.94,0.174772247672081,0.7388888888888889,0.28612,0.6944444444444444,0.7166666666666667,66.281075,0.369131,0.49444444444444446,0.940300101482475,0.7416666666666667,helix,0.6583333333333333,0.650925925925926,0.6673611111111111,VERY_HIGH
110,R,93.88,0.205119177699089,0.8666666666666667,0.47963,0.9722222222222222,0.9194444444444445,212.508072,0.892254,0.9277777777777778,0.6264819695314443,0.16666666666666666,helix,0.6537037037037038,0.6712962962962963,0.7333333333333333,VERY_HIGH
111,S,95.69,0.0988843515515327,0.37777777777777777,0.23597,0.5444444444444444,0.4611111111111111,19.772439,0.167082,0.34444444444444444,0.845768290596169,0.5472222222222223,helix,0.4231481481481481,0.45092592592592595,0.4534722222222222,VERY_HIGH
112,F,95.81,0.031898271292448,0.07222222222222222,0.05032,0.18888888888888888,0.13055555555555554,6.058504,0.030311,0.2,1.0,0.9194444444444444,helix,0.3972222222222222,0.4166666666666667,0.3451388888888889,VERY_HIGH
113,S,95.19,0.1019841358065605,0.38333333333333336,0.4263,0.9277777777777778,0.6555555555555556,44.404155,0.375225,0.5,0.8812601303236975,0.6333333333333333,helix,0.5055555555555555,0.5962962962962962,0.6111111111111112,VERY_HIGH
114,T,95.31,0.0880138352513313,0.31666666666666665,0.2129,0.46111111111111114,0.3888888888888889,47.148569,0.335338,0.4777777777777778,0.940300101482475,0.7416666666666667,helix,0.5120370370370371,0.5361111111111111,0.49930555555555556,VERY_HIGH
115,L,96.25,0.0246925204992294,0.016666666666666666,0.00315,0.011111111111111112,0.013888888888888888,0.0,0.0,0.03888888888888889,1.0,0.9194444444444444,helix,0.325,0.32407407407407407,0.24652777777777776,VERY_HIGH
116,A,96.5,0.0562121160328388,0.18333333333333332,0.15676,0.3611111111111111,0.2722222222222222,13.728818,0.12623,0.29444444444444445,0.9013799749462854,0.675,helix,0.38425925925925924,0.4138888888888889,0.3784722222222222,VERY_HIGH
117,N,95.75,0.1752948015928268,0.7444444444444445,0.46785,0.9611111111111111,0.8527777777777779,84.991285,0.586106,0.6944444444444444,1.0,0.9194444444444444,helix,0.7861111111111111,0.8222222222222223,0.8298611111111112,VERY_HIGH
118,N,94.31,0.0950612053275108,0.3611111111111111,0.17876,0.4,0.38055555555555554,28.459592,0.19626,0.36666666666666664,1.0,0.9194444444444444,helix,0.549074074074074,0.5555555555555555,0.5118055555555555,VERY_HIGH
119,F,96.06,0.0291096623986959,0.05,0.00594,0.06666666666666667,0.058333333333333334,0.0,0.0,0.03888888888888889,1.0,0.9194444444444444,helix,0.3361111111111111,0.33888888888888885,0.26875,VERY_HIGH
120,I,95.88,0.1972831487655639,0.8277777777777777,0.36455,0.8388888888888889,0.8333333333333333,86.636474,0.493009,0.6166666666666667,0.5441560577948921,0.07222222222222222,helix,0.5055555555555555,0.5074074074074074,0.5888888888888889,VERY_HIGH
121,V,93.81,0.1723029166460037,0.7222222222222222,0.21995,0.4777777777777778,0.6,67.737553,0.44573,0.5666666666666667,0.6798034814057338,0.2222222222222222,helix,0.5037037037037037,0.46296296296296297,0.49722222222222223,VERY_HIGH
122,I,93.81,0.091083139181137,0.35555555555555557,0.01094,0.12222222222222222,0.2388888888888889,0.0,0.0,0.03888888888888889,0.8812601303236975,0.6333333333333333,helix,0.34259259259259256,0.3037037037037037,0.2875,VERY_HIGH
123,M,94.81,0.1486118584871292,0.5833333333333334,0.24698,0.5666666666666667,0.575,41.946097,0.217225,0.3888888888888889,0.4577404150621295,0.027777777777777776,helix,0.3333333333333333,0.33055555555555555,0.3916666666666666,VERY_HIGH
124,S,94.38,0.2390013486146927,0.9111111111111111,0.39707,0.8833333333333333,0.8972222222222221,57.658783,0.48723,0.6111111111111112,0.8430313795039555,0.5388888888888889,helix,0.687037037037037,0.6824074074074074,0.736111111111111,VERY_HIGH
125,Q,93.62,0.2542771995067596,0.95,0.14841,0.3388888888888889,0.6444444444444444,54.083977,0.302432,0.4444444444444444,0.7532084770220481,0.37777777777777777,helix,0.5907407407407407,0.4888888888888889,0.5277777777777777,VERY_HIGH
126,L,92.88,0.14999520778656,0.5944444444444444,0.00411,0.027777777777777776,0.3111111111111111,0.0,0.0,0.03888888888888889,0.940300101482475,0.7416666666666667,coil,0.4583333333333333,0.36388888888888893,0.3506944444444444,VERY_HIGH
127,Q,87.0,0.2158155292272567,0.8722222222222222,0.38482,0.8555555555555555,0.8638888888888889,120.217681,0.672246,0.8222222222222222,0.940300101482475,0.7416666666666667,coil,0.812037037037037,0.8092592592592593,0.8229166666666666,HIGH
128,P,82.19,0.2520875930786133,0.9444444444444444,0.22837,0.5055555555555555,0.725,27.071925,0.197303,0.37222222222222223,0.7489994439914933,0.36666666666666664,coil,0.5611111111111111,0.487962962962963,0.5472222222222222,HIGH
129,S,84.69,0.2020350694656372,0.8555555555555555,0.33184,0.7833333333333333,0.8194444444444444,47.962414,0.405293,0.5222222222222223,0.7486701947870089,0.3611111111111111,coil,0.5796296296296296,0.5675925925925926,0.6305555555555555,HIGH
130,K,85.31,0.2247136086225509,0.8944444444444445,0.53788,0.9944444444444445,0.9444444444444444,203.240138,0.991512,0.9833333333333333,0.7053931343695128,0.2611111111111111,coil,0.7129629629629629,0.7296296296296295,0.7833333333333333,HIGH
131,D,87.44,0.2503693401813507,0.9388888888888889,0.50583,0.9888888888888889,0.9638888888888889,82.547683,0.578227,0.6888888888888889,0.874231030395298,0.6,coil,0.7425925925925926,0.7509259259259259,0.8041666666666667,HIGH
132,N,83.5,0.1666338443756103,0.6888888888888889,0.39224,0.8666666666666667,0.7777777777777778,129.665592,0.894184,0.9333333333333333,0.6833537028653707,0.22777777777777777,helix,0.6166666666666667,0.6462962962962964,0.6791666666666667,HIGH
133,S,88.56,0.1350473910570144,0.5055555555555555,0.38276,0.85,0.6777777777777778,70.087975,0.592259,0.7,0.6496503587301312,0.19444444444444445,helix,0.4666666666666666,0.524074074074074,0.5625,HIGH
134,M,90.25,0.1423692107200622,0.5444444444444444,0.42081,0.9222222222222223,0.7333333333333334,61.000668,0.315902,0.46111111111111114,0.9439388662275444,0.8027777777777778,helix,0.6027777777777777,0.6657407407407409,0.682638888888889,VERY_HIGH
135,L,90.75,0.1354322731494903,0.5111111111111111,0.41149,0.9166666666666666,0.7138888888888888,98.498608,0.548555,0.6666666666666666,0.8532345886571031,0.5888888888888889,helix,0.5888888888888889,0.6564814814814816,0.6708333333333333,VERY_HIGH
136,P,93.81,0.1503891050815582,0.6,0.32858,0.7722222222222223,0.6861111111111111,90.50159,0.659585,0.7944444444444444,0.7995538808501597,0.4722222222222222,helix,0.6222222222222222,0.650925925925926,0.6597222222222222,VERY_HIGH
137,I,93.69,0.1230637952685356,0.45,0.39297,0.8722222222222222,0.6611111111111111,48.26685,0.274665,0.42777777777777776,0.6426637778746424,0.18333333333333332,helix,0.3537037037037037,0.42407407407407405,0.48333333333333334,VERY_HIGH
138,S,93.81,0.0884094685316085,0.32222222222222224,0.21771,0.4722222222222222,0.39722222222222225,31.108421,0.262873,0.4111111111111111,0.6368676197756779,0.17777777777777778,helix,0.30370370370370375,0.3287037037037037,0.3458333333333334,VERY_HIGH
139,E,95.94,0.1642312109470367,0.6666666666666666,0.43267,0.9333333333333333,0.8,95.47205,0.548123,0.6611111111111111,0.6937785809734908,0.25,helix,0.5259259259259259,0.5703703703703704,0.6277777777777778,VERY_HIGH
140,S,96.56,0.124905489385128,0.46111111111111114,0.28408,0.6833333333333333,0.5722222222222222,50.753888,0.428882,0.5388888888888889,0.9069444976009592,0.7083333333333334,helix,0.5694444444444445,0.6064814814814815,0.5979166666666667,VERY_HIGH
141,A,96.88,0.039795447140932,0.1111111111111111,0.03254,0.16666666666666666,0.1388888888888889,1.108315,0.01019,0.15555555555555556,0.9069444976009592,0.7083333333333334,helix,0.325,0.33425925925925926,0.28541666666666665,VERY_HIGH
142,H,97.5,0.1434168666601181,0.55,0.37709,0.8444444444444444,0.6972222222222222,83.774826,0.457861,0.5833333333333334,0.6298975063314673,0.17222222222222222,helix,0.4351851851851852,0.4842592592592592,0.5375,VERY_HIGH
143,Q,98.25,0.1867521852254867,0.7833333333333333,0.49313,0.9833333333333333,0.8833333333333333,99.497483,0.55638,0.6777777777777778,0.8520205909648362,0.5694444444444444,helix,0.6768518518518519,0.7101851851851851,0.7534722222222223,VERY_HIGH
144,R,98.5,0.1659535765647888,0.6777777777777778,0.29348,0.7222222222222222,0.7,43.312255,0.181854,0.35,0.7350173916993619,0.33611111111111114,helix,0.45462962962962966,0.462037037037037,0.5215277777777778,VERY_HIGH
145,F,98.62,0.0424610488116741,0.12222222222222222,0.23359,0.5388888888888889,0.33055555555555555,20.020137,0.100161,0.26666666666666666,1.0,0.9194444444444444,helix,0.4361111111111111,0.5055555555555555,0.4618055555555556,VERY_HIGH
146,L,98.62,0.1970679759979248,0.8222222222222222,0.27138,0.6444444444444445,0.7333333333333334,25.138065,0.139998,0.3277777777777778,0.9069444976009592,0.7083333333333334,helix,0.6194444444444445,0.5898148148148148,0.6256944444444444,VERY_HIGH
147,L,98.44,0.1672250181436538,0.6944444444444444,0.2296,0.5111111111111111,0.6027777777777777,75.808677,0.422191,0.5333333333333333,0.8520205909648362,0.5694444444444444,helix,0.5990740740740741,0.5685185185185185,0.5770833333333334,VERY_HIGH
148,F,98.69,0.0478532426059246,0.14444444444444443,0.00891,0.10555555555555556,0.125,0.025748,0.000129,0.08888888888888889,0.9069444976009592,0.7083333333333334,helix,0.3138888888888889,0.3074074074074074,0.26180555555555557,VERY_HIGH
149,R,98.56,0.142342984676361,0.5388888888888889,0.25699,0.6055555555555555,0.5722222222222222,89.677779,0.376528,0.5055555555555555,0.5966215495021732,0.13333333333333333,helix,0.39259259259259255,0.4037037037037037,0.4458333333333333,VERY_HIGH
150,R,98.06,0.2833292186260223,0.9833333333333333,0.47883,0.9666666666666667,0.975,123.483352,0.518467,0.65,0.5702944904253766,0.08888888888888889,helix,0.5740740740740741,0.5712962962962963,0.6722222222222223,VERY_HIGH
151,A,97.62,0.1234941855072975,0.45555555555555555,0.07764,0.21666666666666667,0.33611111111111114,7.606231,0.069936,0.24444444444444444,0.8520205909648362,0.5694444444444444,helix,0.4231481481481481,0.3833333333333333,0.3715277777777778,VERY_HIGH
152,F,98.19,0.0749829784035682,0.2611111111111111,0.13312,0.3055555555555556,0.2833333333333333,18.603477,0.093073,0.2611111111111111,1.0,0.9194444444444444,helix,0.48055555555555557,0.487962962962963,0.43680555555555556,VERY_HIGH
153,K,97.5,0.2202081680297851,0.8833333333333333,0.2892,0.7055555555555556,0.7944444444444445,147.217625,0.718205,0.8444444444444444,0.9069444976009592,0.7083333333333334,helix,0.8120370370370371,0.7824074074074074,0.7854166666666668,VERY_HIGH
154,Q,96.62,0.2430683225393295,0.9166666666666666,0.43374,0.9388888888888889,0.9277777777777778,147.684139,0.825835,0.9055555555555556,0.8532345886571031,0.5888888888888889,coil,0.8037037037037037,0.8074074074074075,0.8375,VERY_HIGH
155,L,96.88,0.1374220699071884,0.5222222222222223,0.28592,0.6888888888888889,0.6055555555555556,24.26841,0.135155,0.3111111111111111,0.9439388662275444,0.8027777777777778,coil,0.5453703703703704,0.5731481481481482,0.58125,VERY_HIGH
156,D,96.0,0.1549332439899444,0.6333333333333333,0.23739,0.55,0.5916666666666667,112.336686,0.786892,0.8722222222222222,0.8335103339120555,0.5277777777777778,coil,0.6777777777777777,0.6638888888888889,0.6458333333333333,VERY_HIGH
157,T,94.62,0.1856313496828079,0.7777777777777778,0.27708,0.6666666666666666,0.7222222222222222,93.448414,0.66464,0.8055555555555556,0.4476712462351793,0.022222222222222223,helix,0.5351851851851852,0.5166666666666666,0.5680555555555555,VERY_HIGH
158,E,93.69,0.2752178013324737,0.9777777777777777,0.25506,0.5944444444444444,0.7861111111111111,87.850663,0.504367,0.6388888888888888,0.797703817498761,0.4583333333333333,helix,0.6916666666666668,0.6277777777777777,0.6673611111111112,VERY_HIGH
159,V,95.38,0.1897911876440048,0.8,0.20671,0.4388888888888889,0.6194444444444445,45.568035,0.299849,0.4388888888888889,0.7461492774355423,0.35555555555555557,helix,0.5314814814814816,0.4712962962962963,0.5083333333333333,VERY_HIGH
160,A,96.62,0.0527557022869586,0.17222222222222222,0.0058,0.06111111111111111,0.11666666666666667,0.354526,0.00326,0.14444444444444443,0.942182681583994,0.7611111111111111,helix,0.3592592592592592,0.34074074074074073,0.2847222222222222,VERY_HIGH
161,L,96.25,0.0860243812203407,0.3111111111111111,0.05511,0.19444444444444445,0.25277777777777777,4.233209,0.023575,0.17777777777777778,0.6694964755465641,0.21666666666666667,helix,0.2351851851851852,0.21574074074074076,0.225,VERY_HIGH
162,V,95.44,0.1435828059911728,0.5555555555555556,0.10265,0.24444444444444444,0.4,7.514608,0.049448,0.23333333333333334,0.7558142578786959,0.38333333333333336,helix,0.3907407407407408,0.33888888888888885,0.3541666666666667,VERY_HIGH
163,K,96.88,0.1179506704211235,0.43333333333333335,0.04938,0.18333333333333332,0.30833333333333335,3.60248,0.017575,0.16666666666666666,1.0,0.9194444444444444,helix,0.5064814814814814,0.4648148148148148,0.42569444444444443,VERY_HIGH
164,A,97.5,0.0214967932552099,0.005555555555555556,0.00235,0.0,0.002777777777777778,0.0,0.0,0.03888888888888889,1.0,0.9194444444444444,helix,0.32129629629629625,0.32037037037037036,0.2409722222222222,VERY_HIGH
165,F,96.5,0.0539145953953266,0.17777777777777778,0.00628,0.07777777777777778,0.12777777777777777,0.012004,6e-05,0.08333333333333333,0.7056741387301233,0.26666666666666666,helix,0.17592592592592593,0.15925925925925924,0.15138888888888888,VERY_HIGH
166,G,95.31,0.0774194449186325,0.2777777777777778,0.0749,0.2111111111111111,0.24444444444444446,3.923757,0.048388,0.22777777777777777,1.0,0.9194444444444444,helix,0.4749999999999999,0.46388888888888885,0.40902777777777777,VERY_HIGH
167,E,97.12,0.074438989162445,0.25555555555555554,0.09425,0.22777777777777777,0.24166666666666664,14.017318,0.080476,0.25555555555555554,1.0,0.9194444444444444,coil,0.4768518518518518,0.47222222222222215,0.4145833333333333,VERY_HIGH
168,V,97.44,0.0185467787086963,0.0,0.00466,0.03888888888888889,0.019444444444444445,0.0,0.0,0.03888888888888889,0.7746876605783511,0.4166666666666667,helix,0.15185185185185188,0.15833333333333335,0.12361111111111112,VERY_HIGH
169,D,96.19,0.1569741666316986,0.6388888888888888,0.24656,0.5611111111111111,0.6,27.711119,0.19411,0.3611111111111111,0.942182681583994,0.7611111111111111,helix,0.587037037037037,0.5740740740740741,0.5805555555555555,VERY_HIGH
170,I,97.0,0.0896352604031562,0.3388888888888889,0.27322,0.6555555555555556,0.49722222222222223,37.23472,0.211886,0.38333333333333336,0.8849702788380324,0.6444444444444445,helix,0.45555555555555555,0.5083333333333333,0.5055555555555555,VERY_HIGH
171,L,97.19,0.0217140894383192,0.011111111111111112,0.00457,0.03333333333333333,0.022222222222222223,0.0,0.0,0.03888888888888889,1.0,0.9194444444444444,helix,0.32314814814814813,0.32685185185185184,0.25069444444444444,VERY_HIGH
172,L,95.06,0.0247467383742332,0.022222222222222223,0.08623,0.2222222222222222,0.12222222222222222,4.648893,0.02589,0.18333333333333332,1.0,0.9194444444444444,helix,0.375,0.40833333333333327,0.3368055555555555,VERY_HIGH
173,T,95.19,0.1575983762741089,0.6444444444444445,0.34454,0.8055555555555556,0.7250000000000001,73.568949,0.52325,0.6555555555555556,0.7823734640331432,0.4222222222222222,helix,0.5740740740740741,0.600925925925926,0.6319444444444444,VERY_HIGH
174,W,95.44,0.1308274120092392,0.48333333333333334,0.07453,0.20555555555555555,0.34444444444444444,7.955815,0.031927,0.20555555555555555,1.0,0.9194444444444444,helix,0.5361111111111111,0.48981481481481487,0.45347222222222217,VERY_HIGH
175,M,92.69,0.026207972317934,0.03333333333333333,0.03193,0.16111111111111112,0.09722222222222222,5.090103,0.02636,0.18888888888888888,0.9439388662275444,0.8027777777777778,helix,0.3416666666666666,0.362962962962963,0.2965277777777778,VERY_HIGH
176,Q,90.06,0.1712953895330429,0.7111111111111111,0.32869,0.7777777777777778,0.7444444444444445,79.782597,0.446137,0.5722222222222222,0.6496232889054832,0.18888888888888888,helix,0.4907407407407407,0.5018518518518519,0.5625,VERY_HIGH
177,K,90.12,0.2239099591970443,0.8888888888888888,0.33967,0.7888888888888889,0.8388888888888888,145.672396,0.710666,0.8388888888888889,0.7095205537910925,0.2777777777777778,coil,0.6685185185185185,0.6518518518518518,0.6986111111111111,VERY_HIGH
178,F,85.75,0.1358829289674759,0.5166666666666667,0.10077,0.23333333333333334,0.375,29.555323,0.147865,0.3333333333333333,0.7695199476000869,0.4111111111111111,coil,0.42037037037037034,0.3731481481481482,0.3736111111111111,HIGH
179,Y,73.12,0.1333115398883819,0.5,0.17543,0.3888888888888889,0.4444444444444444,29.042062,0.13559,0.31666666666666665,0.8884342405481784,0.6555555555555556,strand,0.49074074074074076,0.47222222222222215,0.4652777777777778,HIGH
180,H,64.25,0.1699907779693603,0.7055555555555556,0.15223,0.35555555555555557,0.5305555555555556,119.098632,0.650919,0.7777777777777778,0.5789560139692609,0.11666666666666667,coil,0.5333333333333333,0.47500000000000003,0.48888888888888893,LOW
181,L,50.78,0.1532374024391174,0.6166666666666667,0.11129,0.26666666666666666,0.44166666666666665,216.620585,1.206397,0.9944444444444445,0.5744189186274575,0.10833333333333334,coil,0.5731481481481482,0.5148148148148148,0.4965277777777778,LOW
