position,AA,BepiPred_percentile,RSA_percentile,Conservation_percentile,FinalScore,StructureConfidenceFlag,discotope_available
1,M,0.4444444444444444,1.0,0.12777777777777777,0.524074074074074,VERY_LOW,False
2,S,0.75,0.9444444444444444,0.005555555555555556,0.5666666666666667,VERY_LOW,False
3,W,0.6111111111111112,0.9777777777777777,0.016666666666666666,0.5351851851851852,VERY_LOW,False
4,G,0.4388888888888889,0.9,0.044444444444444446,0.4611111111111112,VERY_LOW,False
5,L,0.4111111111111111,0.8777777777777778,0.011111111111111112,0.4333333333333333,VERY_LOW,False
6,Q,0.5611111111111111,0.9555555555555556,0.16111111111111112,0.5592592592592592,LOW,False
7,I,0.25,0.7611111111111111,0.06666666666666667,0.3592592592592592,LOW,False
8,L,0.16111111111111112,0.8833333333333333,0.5555555555555556,0.5333333333333333,LOW,False
9,P,0.19444444444444445,0.7722222222222223,0.45,0.47222222222222227,LOW,False
10,C,0.08888888888888889,0.8166666666666667,0.48333333333333334,0.46296296296296297,LOW,False
11,L,0.027777777777777776,0.7444444444444445,0.7611111111111111,0.5111111111111111,LOW,False
12,S,0.07777777777777778,0.5555555555555556,0.3888888888888889,0.34074074074074073,LOW,False
13,L,0.044444444444444446,0.7166666666666667,0.5027777777777778,0.4212962962962963,LOW,False
14,I,0.09444444444444444,0.6277777777777778,0.03888888888888889,0.2537037037037037,LOW,False
15,L,0.06111111111111111,0.7222222222222222,0.6555555555555556,0.47962962962962963,LOW,False
16,L,0.1,0.7388888888888889,0.5277777777777778,0.45555555555555555,LOW,False
17,L,0.10555555555555556,0.7333333333333333,0.33611111111111114,0.3916666666666666,LOW,False
18,W,0.2833333333333333,0.8666666666666667,0.5277777777777778,0.5592592592592592,LOW,False
19,N,0.3,0.9388888888888889,0.6138888888888889,0.6175925925925926,LOW,False
20,Q,0.49444444444444446,0.8888888888888888,0.07777777777777778,0.487037037037037,LOW,False
21,V,0.28888888888888886,0.8,0.08333333333333333,0.3907407407407408,LOW,False
22,P,0.4222222222222222,0.9111111111111111,0.5027777777777778,0.612037037037037,VERY_LOW,False
23,G,0.29444444444444445,0.7666666666666667,0.25555555555555554,0.4388888888888889,VERY_LOW,False
24,L,0.3888888888888889,0.8111111111111111,0.1388888888888889,0.44629629629629625,LOW,False
25,E,0.5722222222222222,0.9722222222222222,0.2388888888888889,0.5944444444444444,LOW,False
26,G,0.23333333333333334,0.45555555555555555,0.8027777777777778,0.49722222222222223,LOW,False
27,Q,0.8333333333333334,0.4222222222222222,0.6555555555555556,0.637037037037037,HIGH,False
28,E,0.9611111111111111,0.55,0.5694444444444444,0.6935185185185185,HIGH,False
29,F,0.5277777777777778,0.17222222222222222,0.8027777777777778,0.5009259259259259,HIGH,False
30,R,0.9555555555555556,0.7555555555555555,0.23333333333333334,0.6481481481481483,HIGH,False
31,S,0.7944444444444444,0.16111111111111112,0.8027777777777778,0.5861111111111111,HIGH,False
32,G,0.6277777777777778,0.45,0.9194444444444444,0.6657407407407407,HIGH,False
33,S,0.5333333333333333,0.8333333333333334,0.3972222222222222,0.5879629629629629,HIGH,False
34,C,0.2388888888888889,0.2111111111111111,0.9194444444444444,0.4564814814814815,VERY_HIGH,False
35,Q,0.65,0.6833333333333333,0.32222222222222224,0.5518518518518519,HIGH,False
36,V,0.3333333333333333,0.03888888888888889,0.9194444444444444,0.4305555555555555,HIGH,False
37,T,0.5666666666666667,0.5777777777777777,0.09444444444444444,0.412962962962963,HIGH,False
38,G,0.6222222222222222,0.8277777777777777,0.7083333333333334,0.7194444444444444,HIGH,False
39,V,0.40555555555555556,0.1388888888888889,0.7083333333333334,0.41759259259259257,HIGH,False
40,V,0.36666666666666664,0.3388888888888889,0.10833333333333334,0.2712962962962963,HIGH,False
41,L,0.34444444444444444,0.25,0.3472222222222222,0.3138888888888889,HIGH,False
42,P,0.6611111111111111,0.7277777777777777,0.4722222222222222,0.6203703703703703,HIGH,False
43,E,0.4,0.5611111111111111,0.12222222222222222,0.3611111111111111,VERY_HIGH,False
44,L,0.08333333333333333,0.1111111111111111,0.9194444444444444,0.3712962962962963,VERY_HIGH,False
45,W,0.6555555555555556,0.32222222222222224,0.5888888888888889,0.5222222222222223,VERY_HIGH,False
46,E,0.8777777777777778,0.75,0.2111111111111111,0.6129629629629629,VERY_HIGH,False
47,A,0.2,0.2388888888888889,0.9194444444444444,0.4527777777777778,VERY_HIGH,False
48,F,0.2111111111111111,0.10555555555555556,0.8027777777777778,0.3731481481481482,VERY_HIGH,False
49,W,0.9666666666666667,0.7111111111111111,0.29444444444444445,0.6574074074074074,VERY_HIGH,False
50,T,0.5888888888888889,0.5888888888888889,0.2,0.45925925925925926,VERY_HIGH,False
51,V,0.12777777777777777,0.03888888888888889,0.30833333333333335,0.15833333333333333,VERY_HIGH,False
52,K,0.5777777777777777,0.4166666666666667,0.8027777777777778,0.5990740740740741,VERY_HIGH,False
53,N,1.0,0.8611111111111112,0.43333333333333335,0.7648148148148147,HIGH,False
54,T,0.8055555555555556,0.35555555555555557,0.30833333333333335,0.48981481481481487,VERY_HIGH,False
55,V,0.35,0.12222222222222222,0.6138888888888889,0.3620370370370371,VERY_HIGH,False
56,Q,0.9944444444444445,0.4888888888888889,0.8027777777777778,0.7620370370370372,VERY_HIGH,False
57,T,0.9333333333333333,0.8944444444444445,0.6138888888888889,0.813888888888889,VERY_HIGH,False
58,Q,0.9888888888888889,0.4722222222222222,0.3972222222222222,0.6194444444444445,VERY_HIGH,False
59,D,0.9277777777777778,0.39444444444444443,0.9194444444444444,0.7472222222222222,VERY_HIGH,False
60,D,0.9722222222222222,0.9666666666666667,0.2861111111111111,0.7416666666666667,VERY_HIGH,False
61,I,0.9,0.4666666666666667,0.31666666666666665,0.5611111111111111,VERY_HIGH,False
62,T,0.7722222222222223,0.9611111111111111,0.4722222222222222,0.7351851851851853,HIGH,False
63,S,0.7555555555555555,0.9222222222222223,0.4583333333333333,0.712037037037037,VERY_HIGH,False
64,I,0.42777777777777776,0.5111111111111111,0.2861111111111111,0.4083333333333334,VERY_HIGH,False
65,R,0.85,0.5944444444444444,0.7083333333333334,0.7175925925925926,VERY_HIGH,False
66,L,0.22777777777777777,0.12777777777777777,0.9194444444444444,0.425,VERY_HIGH,False
67,L,0.11666666666666667,0.13333333333333333,0.9194444444444444,0.3898148148148148,VERY_HIGH,False
68,K,0.4666666666666667,0.5166666666666667,0.3472222222222222,0.4435185185185186,VERY_HIGH,False
69,P,0.7611111111111111,0.6722222222222223,0.05555555555555555,0.4962962962962963,VERY_HIGH,False
70,Q,0.7277777777777777,0.7833333333333333,0.6138888888888889,0.7083333333333334,VERY_HIGH,False
71,V,0.20555555555555555,0.15,0.40555555555555556,0.2537037037037037,VERY_HIGH,False
72,L,0.15555555555555556,0.2777777777777778,0.8027777777777778,0.41203703703703703,VERY_HIGH,False
73,R,0.9055555555555556,0.85,0.43333333333333335,0.7296296296296297,VERY_HIGH,False
74,N,0.4166666666666667,0.95,0.8027777777777778,0.7231481481481481,VERY_HIGH,False
75,V,0.21666666666666667,0.2833333333333333,0.43333333333333335,0.3111111111111111,VERY_HIGH,False
76,S,0.4777777777777778,0.6333333333333333,0.8027777777777778,0.637962962962963,VERY_HIGH,False
77,G,0.6833333333333333,0.5444444444444444,0.1,0.44259259259259265,VERY_HIGH,False
78,A,0.4722222222222222,0.48333333333333334,0.5138888888888888,0.48981481481481476,HIGH,False
79,E,0.4888888888888889,0.2222222222222222,0.9194444444444444,0.5435185185185185,VERY_HIGH,False
80,S,0.26666666666666666,0.11666666666666667,0.675,0.3527777777777778,VERY_HIGH,False
81,C,0.18888888888888888,0.03888888888888889,0.9194444444444444,0.38240740740740736,VERY_HIGH,False
82,Y,0.3277777777777778,0.2722222222222222,0.4444444444444444,0.3481481481481481,VERY_HIGH,False
83,L,0.3055555555555556,0.03888888888888889,0.5138888888888888,0.2861111111111111,VERY_HIGH,False
84,A,0.13333333333333333,0.19444444444444445,0.06111111111111111,0.12962962962962962,VERY_HIGH,False
85,H,0.39444444444444443,0.37777777777777777,0.3,0.3574074074074074,VERY_HIGH,False
86,S,0.2722222222222222,0.4,0.15,0.2740740740740741,VERY_HIGH,False
87,L,0.06666666666666667,0.03888888888888889,0.9194444444444444,0.3416666666666666,VERY_HIGH,False
88,L,0.05555555555555555,0.03888888888888889,0.9194444444444444,0.33796296296296297,VERY_HIGH,False
89,K,0.6722222222222223,0.6444444444444445,0.03333333333333333,0.4500000000000001,VERY_HIGH,False
90,F,0.24444444444444444,0.3,0.9194444444444444,0.48796296296296293,VERY_HIGH,False
91,Y,0.15,0.09444444444444444,0.9194444444444444,0.3879629629629629,VERY_HIGH,False
92,L,0.1388888888888889,0.3055555555555556,0.4888888888888889,0.3111111111111111,VERY_HIGH,False
93,N,0.7,0.7055555555555556,0.2722222222222222,0.5592592592592592,VERY_HIGH,False
94,T,0.37222222222222223,0.40555555555555556,0.675,0.48425925925925933,VERY_HIGH,False
95,V,0.03888888888888889,0.03888888888888889,0.675,0.25092592592592594,VERY_HIGH,False
96,F,0.16666666666666666,0.21666666666666667,0.9194444444444444,0.4342592592592592,VERY_HIGH,False
97,K,0.7166666666666667,0.8555555555555555,0.49444444444444446,0.6888888888888888,VERY_HIGH,False
98,N,0.8166666666666667,0.6222222222222222,0.6333333333333333,0.6907407407407407,VERY_HIGH,False
99,Y,0.7666666666666667,0.1,0.9194444444444444,0.5953703703703703,VERY_HIGH,False
100,H,0.8111111111111111,0.6,0.3277777777777778,0.5796296296296296,VERY_HIGH,False
101,S,0.8444444444444444,0.7888888888888889,0.0,0.5444444444444444,HIGH,False
102,K,0.9222222222222223,0.43333333333333335,0.5472222222222223,0.6342592592592593,HIGH,False
103,I,0.8388888888888889,0.03888888888888889,0.24444444444444444,0.37407407407407406,HIGH,False
104,A,0.6055555555555555,0.6055555555555555,0.05,0.42037037037037034,HIGH,False
105,K,0.8611111111111112,0.9166666666666666,0.37222222222222223,0.7166666666666667,HIGH,False
106,F,0.7888888888888889,0.5277777777777778,0.15555555555555556,0.49074074074074076,HIGH,False
107,K,0.7333333333333333,0.9888888888888889,0.14444444444444443,0.6222222222222222,HIGH,False
108,V,0.2222222222222222,0.28888888888888886,0.20555555555555555,0.23888888888888885,VERY_HIGH,False
109,L,0.7388888888888889,0.49444444444444446,0.7416666666666667,0.6583333333333333,VERY_HIGH,False
110,R,0.8666666666666667,0.9277777777777778,0.16666666666666666,0.6537037037037038,VERY_HIGH,False
111,S,0.37777777777777777,0.34444444444444444,0.5472222222222223,0.4231481481481481,VERY_HIGH,False
112,F,0.07222222222222222,0.2,0.9194444444444444,0.3972222222222222,VERY_HIGH,False
113,S,0.38333333333333336,0.5,0.6333333333333333,0.5055555555555555,VERY_HIGH,False
114,T,0.31666666666666665,0.4777777777777778,0.7416666666666667,0.5120370370370371,VERY_HIGH,False
115,L,0.016666666666666666,0.03888888888888889,0.9194444444444444,0.325,VERY_HIGH,False
116,A,0.18333333333333332,0.29444444444444445,0.675,0.38425925925925924,VERY_HIGH,False
117,N,0.7444444444444445,0.6944444444444444,0.9194444444444444,0.7861111111111111,VERY_HIGH,False
118,N,0.3611111111111111,0.36666666666666664,0.9194444444444444,0.549074074074074,VERY_HIGH,False
119,F,0.05,0.03888888888888889,0.9194444444444444,0.3361111111111111,VERY_HIGH,False
120,I,0.8277777777777777,0.6166666666666667,0.07222222222222222,0.5055555555555555,VERY_HIGH,False
121,V,0.7222222222222222,0.5666666666666667,0.2222222222222222,0.5037037037037037,VERY_HIGH,False
122,I,0.35555555555555557,0.03888888888888889,0.6333333333333333,0.34259259259259256,VERY_HIGH,False
123,M,0.5833333333333334,0.3888888888888889,0.027777777777777776,0.3333333333333333,VERY_HIGH,False
124,S,0.9111111111111111,0.6111111111111112,0.5388888888888889,0.687037037037037,VERY_HIGH,False
125,Q,0.95,0.4444444444444444,0.37777777777777777,0.5907407407407407,VERY_HIGH,False
126,L,0.5944444444444444,0.03888888888888889,0.7416666666666667,0.4583333333333333,VERY_HIGH,False
127,Q,0.8722222222222222,0.8222222222222222,0.7416666666666667,0.812037037037037,HIGH,False
128,P,0.9444444444444444,0.37222222222222223,0.36666666666666664,0.5611111111111111,HIGH,False
129,S,0.8555555555555555,0.5222222222222223,0.3611111111111111,0.5796296296296296,HIGH,False
130,K,0.8944444444444445,0.9833333333333333,0.2611111111111111,0.7129629629629629,HIGH,False
131,D,0.9388888888888889,0.6888888888888889,0.6,0.7425925925925926,HIGH,False
132,N,0.6888888888888889,0.9333333333333333,0.22777777777777777,0.6166666666666667,HIGH,False
133,S,0.5055555555555555,0.7,0.19444444444444445,0.4666666666666666,HIGH,False
134,M,0.5444444444444444,0.46111111111111114,0.8027777777777778,0.6027777777777777,VERY_HIGH,False
135,L,0.5111111111111111,0.6666666666666666,0.5888888888888889,0.5888888888888889,VERY_HIGH,False
136,P,0.6,0.7944444444444444,0.4722222222222222,0.6222222222222222,VERY_HIGH,False
137,I,0.45,0.42777777777777776,0.18333333333333332,0.3537037037037037,VERY_HIGH,False
138,S,0.32222222222222224,0.4111111111111111,0.17777777777777778,0.30370370370370375,VERY_HIGH,False
139,E,0.6666666666666666,0.6611111111111111,0.25,0.5259259259259259,VERY_HIGH,False
140,S,0.46111111111111114,0.5388888888888889,0.7083333333333334,0.5694444444444445,VERY_HIGH,False
141,A,0.1111111111111111,0.15555555555555556,0.7083333333333334,0.325,VERY_HIGH,False
142,H,0.55,0.5833333333333334,0.17222222222222222,0.4351851851851852,VERY_HIGH,False
143,Q,0.7833333333333333,0.6777777777777778,0.5694444444444444,0.6768518518518519,VERY_HIGH,False
144,R,0.6777777777777778,0.35,0.33611111111111114,0.45462962962962966,VERY_HIGH,False
145,F,0.12222222222222222,0.26666666666666666,0.9194444444444444,0.4361111111111111,VERY_HIGH,False
146,L,0.8222222222222222,0.3277777777777778,0.7083333333333334,0.6194444444444445,VERY_HIGH,False
147,L,0.6944444444444444,0.5333333333333333,0.5694444444444444,0.5990740740740741,VERY_HIGH,False
148,F,0.14444444444444443,0.08888888888888889,0.7083333333333334,0.3138888888888889,VERY_HIGH,False
149,R,0.5388888888888889,0.5055555555555555,0.13333333333333333,0.39259259259259255,VERY_HIGH,False
150,R,0.9833333333333333,0.65,0.08888888888888889,0.5740740740740741,VERY_HIGH,False
151,A,0.45555555555555555,0.24444444444444444,0.5694444444444444,0.4231481481481481,VERY_HIGH,False
152,F,0.2611111111111111,0.2611111111111111,0.9194444444444444,0.48055555555555557,VERY_HIGH,False
153,K,0.8833333333333333,0.8444444444444444,0.7083333333333334,0.8120370370370371,VERY_HIGH,False
154,Q,0.9166666666666666,0.9055555555555556,0.5888888888888889,0.8037037037037037,VERY_HIGH,False
155,L,0.5222222222222223,0.3111111111111111,0.8027777777777778,0.5453703703703704,VERY_HIGH,False
156,D,0.6333333333333333,0.8722222222222222,0.5277777777777778,0.6777777777777777,VERY_HIGH,False
157,T,0.7777777777777778,0.8055555555555556,0.022222222222222223,0.5351851851851852,VERY_HIGH,False
158,E,0.9777777777777777,0.6388888888888888,0.4583333333333333,0.6916666666666668,VERY_HIGH,False
159,V,0.8,0.4388888888888889,0.35555555555555557,0.5314814814814816,VERY_HIGH,False
160,A,0.17222222222222222,0.14444444444444443,0.7611111111111111,0.3592592592592592,VERY_HIGH,False
161,L,0.3111111111111111,0.17777777777777778,0.21666666666666667,0.2351851851851852,VERY_HIGH,False
162,V,0.5555555555555556,0.23333333333333334,0.38333333333333336,0.3907407407407408,VERY_HIGH,False
163,K,0.43333333333333335,0.16666666666666666,0.9194444444444444,0.5064814814814814,VERY_HIGH,False
164,A,0.005555555555555556,0.03888888888888889,0.9194444444444444,0.32129629629629625,VERY_HIGH,False
165,F,0.17777777777777778,0.08333333333333333,0.26666666666666666,0.17592592592592593,VERY_HIGH,False
166,G,0.2777777777777778,0.22777777777777777,0.9194444444444444,0.4749999999999999,VERY_HIGH,False
167,E,0.25555555555555554,0.25555555555555554,0.9194444444444444,0.4768518518518518,VERY_HIGH,False
168,V,0.0,0.03888888888888889,0.4166666666666667,0.15185185185185188,VERY_HIGH,False
169,D,0.6388888888888888,0.3611111111111111,0.7611111111111111,0.587037037037037,VERY_HIGH,False
170,I,0.3388888888888889,0.38333333333333336,0.6444444444444445,0.45555555555555555,VERY_HIGH,False
171,L,0.011111111111111112,0.03888888888888889,0.9194444444444444,0.32314814814814813,VERY_HIGH,False
172,L,0.022222222222222223,0.18333333333333332,0.9194444444444444,0.375,VERY_HIGH,False
173,T,0.6444444444444445,0.6555555555555556,0.4222222222222222,0.5740740740740741,VERY_HIGH,False
174,W,0.48333333333333334,0.20555555555555555,0.9194444444444444,0.5361111111111111,VERY_HIGH,False
175,M,0.03333333333333333,0.18888888888888888,0.8027777777777778,0.3416666666666666,VERY_HIGH,False
176,Q,0.7111111111111111,0.5722222222222222,0.18888888888888888,0.4907407407407407,VERY_HIGH,False
177,K,0.8888888888888888,0.8388888888888889,0.2777777777777778,0.6685185185185185,VERY_HIGH,False
178,F,0.5166666666666667,0.3333333333333333,0.4111111111111111,0.42037037037037034,HIGH,False
179,Y,0.5,0.31666666666666665,0.6555555555555556,0.49074074074074076,HIGH,False
180,H,0.7055555555555556,0.7777777777777778,0.11666666666666667,0.5333333333333333,LOW,False
181,L,0.6166666666666667,0.9944444444444445,0.10833333333333334,0.5731481481481482,LOW,False
