candidate_id,setting,ranking,mean_score,region_overlap,matched_start,matched_end,matched_length,matched_scale,stable_top5_overlap_gt_0_5
C1-B,Full,1,0.6073456790123457,1.0,52,66,15,15,True
C1-B,-Epitope,3,0.5674074074074074,0.7333333333333333,56,70,15,15,True
C1-B,-Surface,1,0.6258333333333332,1.0,52,66,15,15,True
C1-B,-Conservation,2,0.6412962962962964,0.8,49,63,15,15,True
C2-B,Full,2,0.5854938271604938,1.0,126,140,15,15,True
C2-B,-Epitope,8,0.5261111111111111,0.9333333333333333,127,141,15,15,False
C2-B,-Surface,2,0.5836111111111111,0.7333333333333333,122,136,15,15,True
C2-B,-Conservation,1,0.6616666666666666,0.8,123,137,15,15,True
C3-B,Full,3,0.5692592592592594,1.0,60,74,15,15,True
C3-B,-Epitope,3,0.5674074074074074,0.7333333333333333,56,70,15,15,True
C3-B,-Surface,5,0.5577777777777778,1.0,60,74,15,15,True
C3-B,-Conservation,6,0.6006481481481482,0.8,57,71,15,15,False
C4-B,Full,4,0.5555555555555556,1.0,143,157,15,15,True
C4-B,-Epitope,7,0.5272222222222223,1.0,143,157,15,15,False
C4-B,-Surface,3,0.5826851851851852,0.9333333333333333,142,156,15,15,True
C4-B,-Conservation,8,0.5609259259259258,1.0,143,157,15,15,False
C5-B,Full,5,0.54679012345679,1.0,117,131,15,15,True
C5-B,-Epitope,10,0.5084722222222222,1.0,113,132,20,20,False
C5-B,-Surface,4,0.5590972222222221,0.8,109,128,20,20,True
C5-B,-Conservation,9,0.512,0.8666666666666667,105,129,25,25,False
