route,seed,antigen_local,antigen_project,antigen_resname,antibody_chain,antibody_local,antibody_resname,antibody_region,min_distance_A,contact_4p5,contact_5p0
immunogen_blind,1,53,79,GLU,H,104,TRP,CDR3,4.919,0,1
immunogen_blind,1,63,89,LYS,H,54,ASN,CDR2,4.929,0,1
immunogen_blind,1,63,89,LYS,H,56,ASP,CDR2,4.134,1,1
immunogen_blind,1,104,130,LYS,H,56,ASP,CDR2,4.751,0,1
immunogen_blind,1,106,132,ASN,L,93,TYR,CDR3,3.243,1,1
immunogen_blind,1,106,132,ASN,H,59,TYR,FR3,4.164,1,1
immunogen_blind,1,106,132,ASN,H,61,GLN,FR3,2.754,1,1
immunogen_blind,1,107,133,SER,L,93,TYR,CDR3,4.659,0,1
immunogen_blind,1,107,133,SER,L,92,SER,CDR3,4.439,1,1
immunogen_blind,1,108,134,MET,L,93,TYR,CDR3,4.593,0,1
immunogen_blind,1,109,135,LEU,L,93,TYR,CDR3,1.408,1,1
immunogen_blind,1,109,135,LEU,L,95,TYR,CDR3,4.853,0,1
immunogen_blind,1,109,135,LEU,H,58,SER,FR3,3.504,1,1
immunogen_blind,1,109,135,LEU,H,47,TRP,FR2,4.213,1,1
immunogen_blind,1,109,135,LEU,H,59,TYR,FR3,4.477,1,1
immunogen_blind,1,110,136,PRO,L,93,TYR,CDR3,2.914,1,1
immunogen_blind,1,110,136,PRO,L,95,TYR,CDR3,4.055,1,1
immunogen_blind,1,110,136,PRO,L,91,SER,CDR3,3.181,1,1
immunogen_blind,1,110,136,PRO,L,90,TYR,CDR3,4.377,1,1
immunogen_blind,1,110,136,PRO,L,92,SER,CDR3,2.83,1,1
immunogen_blind,1,112,138,SER,L,93,TYR,CDR3,4.505,0,1
immunogen_blind,1,113,139,GLU,L,93,TYR,CDR3,2.998,1,1
immunogen_blind,1,113,139,GLU,H,104,TRP,CDR3,4.895,0,1
immunogen_blind,1,113,139,GLU,H,35,TYR,FR2,1.933,1,1
immunogen_blind,1,113,139,GLU,L,95,TYR,CDR3,3.789,1,1
immunogen_blind,1,113,139,GLU,H,50,ILE,CDR2,3.029,1,1
immunogen_blind,1,113,139,GLU,H,98,TRP,CDR3,3.437,1,1
immunogen_blind,1,113,139,GLU,H,33,ASN,CDR1,3.442,1,1
immunogen_blind,1,114,140,SER,H,104,TRP,CDR3,3.459,1,1
immunogen_blind,1,116,142,HIS,H,33,ASN,CDR1,3.02,1,1
immunogen_blind,1,116,142,HIS,H,54,ASN,CDR2,3.33,1,1
immunogen_blind,1,116,142,HIS,H,53,TYR,CDR2,3.318,1,1
immunogen_blind,1,116,142,HIS,H,52,PRO,CDR2,3.974,1,1
immunogen_blind,1,117,143,GLN,H,100,ILE,CDR3,3.402,1,1
immunogen_blind,1,117,143,GLN,H,104,TRP,CDR3,1.088,1,1
immunogen_blind,1,117,143,GLN,H,33,ASN,CDR1,4.925,0,1
immunogen_blind,1,117,143,GLN,H,98,TRP,CDR3,1.82,1,1
immunogen_blind,1,117,143,GLN,H,99,GLU,CDR3,3.943,1,1
immunogen_blind,1,117,143,GLN,H,103,PRO,CDR3,4.832,0,1
immunogen_blind,1,117,143,GLN,H,35,TYR,FR2,4.929,0,1
immunogen_blind,1,118,144,ARG,H,104,TRP,CDR3,4.681,0,1
immunogen_blind,1,119,145,PHE,H,53,TYR,CDR2,2.543,1,1
immunogen_blind,1,120,146,LEU,H,31,ASP,CDR1,3.422,1,1
immunogen_blind,1,120,146,LEU,H,100,ILE,CDR3,2.685,1,1
immunogen_blind,1,120,146,LEU,H,30,THR,CDR1,3.925,1,1
immunogen_blind,1,120,146,LEU,H,53,TYR,CDR2,2.769,1,1
immunogen_blind,1,120,146,LEU,H,32,TYR,CDR1,4.577,0,1
immunogen_blind,1,120,146,LEU,H,33,ASN,CDR1,4.453,1,1
immunogen_blind,1,121,147,LEU,H,100,ILE,CDR3,4.649,0,1
immunogen_blind,1,121,147,LEU,H,101,THR,CDR3,4.097,1,1
immunogen_blind,1,123,149,ARG,H,53,TYR,CDR2,2.12,1,1
immunogen_blind,1,123,149,ARG,H,30,THR,CDR1,2.229,1,1
immunogen_blind,1,123,149,ARG,H,31,ASP,CDR1,3.928,1,1
immunogen_blind,1,124,150,ARG,H,31,ASP,CDR1,4.145,1,1
immunogen_blind,1,124,150,ARG,H,32,TYR,CDR1,3.86,1,1
immunogen_blind,1,124,150,ARG,H,101,THR,CDR3,3.743,1,1
immunogen_blind,1,124,150,ARG,H,100,ILE,CDR3,4.959,0,1
immunogen_blind,1,127,153,LYS,H,30,THR,CDR1,4.025,1,1
immunogen_blind,1,127,153,LYS,H,31,ASP,CDR1,4.406,1,1
immunogen_blind,2,12,38,GLY,L,92,SER,CDR3,4.82,0,1
immunogen_blind,2,12,38,GLY,L,93,TYR,CDR3,4.859,0,1
immunogen_blind,2,17,43,GLU,H,58,SER,FR3,3.898,1,1
immunogen_blind,2,17,43,GLU,L,93,TYR,CDR3,4.804,0,1
immunogen_blind,2,20,46,GLU,H,56,ASP,CDR2,2.222,1,1
immunogen_blind,2,20,46,GLU,H,54,ASN,CDR2,3.864,1,1
immunogen_blind,2,66,92,LEU,H,104,TRP,CDR3,2.903,1,1
immunogen_blind,2,66,92,LEU,H,101,THR,CDR3,4.745,0,1
immunogen_blind,2,66,92,LEU,L,50,TRP,CDR2,3.812,1,1
immunogen_blind,2,67,93,ASN,H,104,TRP,CDR3,4.804,0,1
immunogen_blind,2,67,93,ASN,L,53,ARG,FR3,3.903,1,1
immunogen_blind,2,67,93,ASN,L,50,TRP,CDR2,4.607,0,1
immunogen_blind,2,70,96,PHE,H,104,TRP,CDR3,3.364,1,1
immunogen_blind,2,70,96,PHE,H,100,ILE,CDR3,4.371,1,1
immunogen_blind,2,70,96,PHE,H,101,THR,CDR3,4.313,1,1
immunogen_blind,2,71,97,LYS,H,100,ILE,CDR3,4.911,0,1
immunogen_blind,2,71,97,LYS,H,101,THR,CDR3,2.955,1,1
immunogen_blind,2,71,97,LYS,H,104,TRP,CDR3,4.768,0,1
immunogen_blind,2,71,97,LYS,H,102,ASP,CDR3,3.574,1,1
immunogen_blind,2,71,97,LYS,L,53,ARG,FR3,4.277,1,1
immunogen_blind,2,74,100,HIS,H,101,THR,CDR3,2.351,1,1
immunogen_blind,2,74,100,HIS,H,32,TYR,CDR1,2.747,1,1
immunogen_blind,2,74,100,HIS,H,100,ILE,CDR3,4.13,1,1
immunogen_blind,2,74,100,HIS,H,99,GLU,CDR3,4.966,0,1
immunogen_blind,2,78,104,ALA,H,31,ASP,CDR1,3.954,1,1
immunogen_blind,2,81,107,LYS,H,31,ASP,CDR1,4.032,1,1
immunogen_blind,2,82,108,VAL,H,31,ASP,CDR1,4.784,0,1
immunogen_blind,2,83,109,LEU,H,30,THR,CDR1,4.592,0,1
immunogen_blind,2,83,109,LEU,H,31,ASP,CDR1,2.254,1,1
immunogen_blind,2,83,109,LEU,H,100,ILE,CDR3,3.901,1,1
immunogen_blind,2,83,109,LEU,H,32,TYR,CDR1,3.489,1,1
immunogen_blind,2,84,110,ARG,H,30,THR,CDR1,3.755,1,1
immunogen_blind,2,84,110,ARG,H,31,ASP,CDR1,3.812,1,1
immunogen_blind,2,84,110,ARG,H,32,TYR,CDR1,4.579,0,1
immunogen_blind,2,84,110,ARG,H,53,TYR,CDR2,0.201,1,1
immunogen_blind,2,84,110,ARG,H,33,ASN,CDR1,2.78,1,1
immunogen_blind,2,84,110,ARG,H,52,PRO,CDR2,2.543,1,1
immunogen_blind,2,84,110,ARG,H,54,ASN,CDR2,2.31,1,1
immunogen_blind,2,84,110,ARG,H,51,ASP,CDR2,4.611,0,1
immunogen_blind,2,84,110,ARG,H,55,ASP,CDR2,4.207,1,1
immunogen_blind,2,84,110,ARG,H,71,VAL,FR3,4.488,1,1
immunogen_blind,2,84,110,ARG,H,73,LYS,FR3,4.388,1,1
immunogen_blind,2,84,110,ARG,H,29,PHE,CDR1,4.579,0,1
immunogen_blind,2,85,111,SER,H,54,ASN,CDR2,4.548,0,1
immunogen_blind,2,86,112,PHE,H,100,ILE,CDR3,3.399,1,1
immunogen_blind,2,87,113,SER,H,100,ILE,CDR3,3.03,1,1
immunogen_blind,2,87,113,SER,H,33,ASN,CDR1,3.061,1,1
immunogen_blind,2,87,113,SER,H,98,TRP,CDR3,3.642,1,1
immunogen_blind,2,88,114,THR,H,33,ASN,CDR1,3.816,1,1
immunogen_blind,2,90,116,ALA,H,104,TRP,CDR3,3.374,1,1
immunogen_blind,2,90,116,ALA,H,100,ILE,CDR3,4.224,1,1
immunogen_blind,2,91,117,ASN,H,98,TRP,CDR3,2.028,1,1
immunogen_blind,2,91,117,ASN,L,95,TYR,CDR3,3.974,1,1
immunogen_blind,2,91,117,ASN,H,35,TYR,FR2,2.972,1,1
immunogen_blind,2,91,117,ASN,L,93,TYR,CDR3,4.469,1,1
immunogen_blind,2,91,117,ASN,H,100,ILE,CDR3,3.922,1,1
immunogen_blind,2,91,117,ASN,H,104,TRP,CDR3,3.854,1,1
immunogen_blind,2,91,117,ASN,H,33,ASN,CDR1,4.269,1,1
immunogen_blind,2,91,117,ASN,H,50,ILE,CDR2,4.753,0,1
immunogen_blind,2,94,120,ILE,L,50,TRP,CDR2,4.207,1,1
immunogen_blind,2,94,120,ILE,L,90,TYR,CDR3,3.401,1,1
immunogen_blind,2,94,120,ILE,L,91,SER,CDR3,4.787,0,1
immunogen_blind,2,94,120,ILE,H,104,TRP,CDR3,3.252,1,1
immunogen_blind,2,94,120,ILE,L,32,ALA,CDR1,4.128,1,1
immunogen_blind,2,94,120,ILE,H,98,TRP,CDR3,4.418,1,1
immunogen_blind,2,94,120,ILE,H,103,PRO,CDR3,4.762,0,1
immunogen_blind,2,95,121,VAL,L,90,TYR,CDR3,4.013,1,1
immunogen_blind,2,95,121,VAL,L,91,SER,CDR3,2.783,1,1
immunogen_blind,2,95,121,VAL,L,92,SER,CDR3,4.039,1,1
immunogen_blind,2,95,121,VAL,L,95,TYR,CDR3,4.824,0,1
immunogen_blind,2,97,123,MET,L,50,TRP,CDR2,2.658,1,1
immunogen_blind,2,98,124,SER,L,29,VAL,CDR1,3.301,1,1
immunogen_blind,2,98,124,SER,L,30,GLY,CDR1,3.732,1,1
immunogen_blind,2,98,124,SER,L,91,SER,CDR3,2.793,1,1
immunogen_blind,2,98,124,SER,L,28,ASP,CDR1,4.148,1,1
immunogen_blind,2,98,124,SER,L,32,ALA,CDR1,4.177,1,1
immunogen_blind,2,99,125,GLN,L,91,SER,CDR3,4.066,1,1
immunogen_blind,2,99,125,GLN,L,92,SER,CDR3,4.264,1,1
immunogen_blind,2,101,127,GLN,L,28,ASP,CDR1,3.992,1,1
immunogen_blind,2,101,127,GLN,L,30,GLY,CDR1,3.594,1,1
immunogen_blind,2,101,127,GLN,L,31,THR,CDR1,4.887,0,1
immunogen_blind,2,104,130,LYS,L,67,SER,FR3,4.777,0,1
immunogen_blind,3,48,74,ASN,H,102,ASP,CDR3,4.891,0,1
immunogen_blind,3,53,79,GLU,H,104,TRP,CDR3,3.241,1,1
immunogen_blind,3,106,132,ASN,L,93,TYR,CDR3,3.525,1,1
immunogen_blind,3,106,132,ASN,H,58,SER,FR3,4.385,1,1
immunogen_blind,3,106,132,ASN,H,61,GLN,FR3,4.614,0,1
immunogen_blind,3,107,133,SER,L,92,SER,CDR3,4.079,1,1
immunogen_blind,3,107,133,SER,L,93,TYR,CDR3,4.922,0,1
immunogen_blind,3,107,133,SER,L,91,SER,CDR3,4.591,0,1
immunogen_blind,3,109,135,LEU,L,93,TYR,CDR3,2.066,1,1
immunogen_blind,3,109,135,LEU,L,95,TYR,CDR3,4.932,0,1
immunogen_blind,3,109,135,LEU,H,58,SER,FR3,3.037,1,1
immunogen_blind,3,109,135,LEU,H,47,TRP,FR2,4.74,0,1
immunogen_blind,3,109,135,LEU,H,50,ILE,CDR2,4.781,0,1
immunogen_blind,3,110,136,PRO,L,93,TYR,CDR3,3.568,1,1
immunogen_blind,3,110,136,PRO,L,95,TYR,CDR3,3.608,1,1
immunogen_blind,3,110,136,PRO,L,90,TYR,CDR3,3.699,1,1
immunogen_blind,3,110,136,PRO,H,100,ILE,CDR3,4.193,1,1
immunogen_blind,3,110,136,PRO,H,104,TRP,CDR3,4.701,0,1
immunogen_blind,3,110,136,PRO,L,91,SER,CDR3,3.277,1,1
immunogen_blind,3,110,136,PRO,L,92,SER,CDR3,3.23,1,1
immunogen_blind,3,113,139,GLU,H,100,ILE,CDR3,3.277,1,1
immunogen_blind,3,113,139,GLU,H,35,TYR,FR2,3.391,1,1
immunogen_blind,3,113,139,GLU,L,93,TYR,CDR3,4.067,1,1
immunogen_blind,3,113,139,GLU,L,95,TYR,CDR3,4.624,0,1
immunogen_blind,3,113,139,GLU,H,33,ASN,CDR1,1.635,1,1
immunogen_blind,3,113,139,GLU,H,50,ILE,CDR2,3.36,1,1
immunogen_blind,3,113,139,GLU,H,98,TRP,CDR3,4.166,1,1
immunogen_blind,3,114,140,SER,H,100,ILE,CDR3,3.066,1,1
immunogen_blind,3,114,140,SER,H,104,TRP,CDR3,2.653,1,1
immunogen_blind,3,116,142,HIS,H,54,ASN,CDR2,3.629,1,1
immunogen_blind,3,116,142,HIS,H,33,ASN,CDR1,4.091,1,1
immunogen_blind,3,116,142,HIS,H,53,TYR,CDR2,4.942,0,1
immunogen_blind,3,117,143,GLN,H,100,ILE,CDR3,1.664,1,1
immunogen_blind,3,117,143,GLN,H,101,THR,CDR3,3.805,1,1
immunogen_blind,3,117,143,GLN,H,98,TRP,CDR3,4.668,0,1
immunogen_blind,3,117,143,GLN,H,31,ASP,CDR1,3.21,1,1
immunogen_blind,3,117,143,GLN,H,32,TYR,CDR1,4.29,1,1
immunogen_blind,3,117,143,GLN,H,33,ASN,CDR1,3.22,1,1
immunogen_blind,3,118,144,ARG,H,104,TRP,CDR3,4.774,0,1
immunogen_blind,3,120,146,LEU,H,31,ASP,CDR1,2.806,1,1
immunogen_blind,3,120,146,LEU,H,30,THR,CDR1,3.947,1,1
immunogen_blind,3,120,146,LEU,H,32,TYR,CDR1,4.229,1,1
immunogen_blind,3,121,147,LEU,H,101,THR,CDR3,3.98,1,1
immunogen_blind,3,123,149,ARG,H,31,ASP,CDR1,4.104,1,1
immunogen_blind,3,123,149,ARG,H,30,THR,CDR1,3.536,1,1
immunogen_blind,3,124,150,ARG,H,31,ASP,CDR1,3.428,1,1
immunogen_blind,3,124,150,ARG,H,32,TYR,CDR1,4.302,1,1
native_blind,1,42,68,LYS,H,102,ASP,CDR3,4.815,0,1
native_blind,1,42,68,LYS,L,53,ARG,FR3,4.279,1,1
native_blind,1,44,70,GLN,L,50,TRP,CDR2,2.985,1,1
native_blind,1,44,70,GLN,L,31,THR,CDR1,2.654,1,1
native_blind,1,47,73,ARG,L,30,GLY,CDR1,2.189,1,1
native_blind,1,47,73,ARG,L,28,ASP,CDR1,4.577,0,1
native_blind,1,47,73,ARG,L,29,VAL,CDR1,3.874,1,1
native_blind,1,47,73,ARG,L,31,THR,CDR1,3.04,1,1
native_blind,1,47,73,ARG,L,32,ALA,CDR1,4.914,0,1
native_blind,1,48,74,ASN,L,28,ASP,CDR1,3.868,1,1
native_blind,1,48,74,ASN,L,29,VAL,CDR1,4.823,0,1
native_blind,1,48,74,ASN,L,30,GLY,CDR1,4.581,0,1
native_blind,1,106,132,ASN,H,57,THR,CDR2,4.473,1,1
native_blind,1,106,132,ASN,H,56,ASP,CDR2,3.929,1,1
native_blind,1,109,135,LEU,H,57,THR,CDR2,1.876,1,1
native_blind,1,109,135,LEU,H,58,SER,FR3,2.877,1,1
native_blind,1,109,135,LEU,L,93,TYR,CDR3,5.0,0,1
native_blind,1,109,135,LEU,H,56,ASP,CDR2,2.601,1,1
native_blind,1,109,135,LEU,H,52,PRO,CDR2,4.513,0,1
native_blind,1,110,136,PRO,H,58,SER,FR3,2.885,1,1
native_blind,1,110,136,PRO,L,93,TYR,CDR3,2.604,1,1
native_blind,1,110,136,PRO,H,59,TYR,FR3,4.88,0,1
native_blind,1,111,137,ILE,L,93,TYR,CDR3,4.612,0,1
native_blind,1,113,139,GLU,L,93,TYR,CDR3,2.938,1,1
native_blind,1,113,139,GLU,H,50,ILE,CDR2,3.443,1,1
native_blind,1,113,139,GLU,H,33,ASN,CDR1,2.617,1,1
native_blind,1,113,139,GLU,H,35,TYR,FR2,4.058,1,1
native_blind,1,113,139,GLU,H,52,PRO,CDR2,4.357,1,1
native_blind,1,113,139,GLU,H,54,ASN,CDR2,4.911,0,1
native_blind,1,114,140,SER,L,93,TYR,CDR3,3.732,1,1
native_blind,1,114,140,SER,L,95,TYR,CDR3,4.956,0,1
native_blind,1,114,140,SER,H,104,TRP,CDR3,3.885,1,1
native_blind,1,114,140,SER,L,91,SER,CDR3,4.792,0,1
native_blind,1,116,142,HIS,H,104,TRP,CDR3,4.789,0,1
native_blind,1,116,142,HIS,H,53,TYR,CDR2,3.174,1,1
native_blind,1,117,143,GLN,H,104,TRP,CDR3,1.775,1,1
native_blind,1,117,143,GLN,H,98,TRP,CDR3,3.31,1,1
native_blind,1,117,143,GLN,H,35,TYR,FR2,2.184,1,1
native_blind,1,117,143,GLN,L,95,TYR,CDR3,2.493,1,1
native_blind,1,117,143,GLN,L,93,TYR,CDR3,3.778,1,1
native_blind,1,117,143,GLN,H,33,ASN,CDR1,4.483,1,1
native_blind,1,117,143,GLN,H,50,ILE,CDR2,4.162,1,1
native_blind,1,118,144,ARG,H,104,TRP,CDR3,2.157,1,1
native_blind,1,118,144,ARG,L,91,SER,CDR3,3.243,1,1
native_blind,1,119,145,PHE,H,104,TRP,CDR3,4.424,1,1
native_blind,1,120,146,LEU,H,100,ILE,CDR3,3.53,1,1
native_blind,1,120,146,LEU,H,101,THR,CDR3,4.52,0,1
native_blind,1,120,146,LEU,H,104,TRP,CDR3,4.55,0,1
native_blind,1,121,147,LEU,H,104,TRP,CDR3,4.179,1,1
native_blind,1,121,147,LEU,L,50,TRP,CDR2,2.556,1,1
native_blind,1,121,147,LEU,H,102,ASP,CDR3,3.781,1,1
native_blind,1,121,147,LEU,H,103,PRO,CDR3,4.525,0,1
native_blind,1,124,150,ARG,H,101,THR,CDR3,1.233,1,1
native_blind,1,124,150,ARG,H,102,ASP,CDR3,1.37,1,1
native_blind,1,124,150,ARG,H,103,PRO,CDR3,4.875,0,1
native_blind,1,124,150,ARG,L,53,ARG,FR3,4.119,1,1
native_blind,1,124,150,ARG,L,49,TYR,FR2,4.825,0,1
native_blind,1,128,154,GLN,H,102,ASP,CDR3,3.954,1,1
native_blind,2,63,89,LYS,H,56,ASP,CDR2,2.72,1,1
native_blind,2,63,89,LYS,H,54,ASN,CDR2,3.636,1,1
native_blind,2,63,89,LYS,H,55,ASP,CDR2,4.498,1,1
native_blind,2,105,131,ASP,L,92,SER,CDR3,4.68,0,1
native_blind,2,106,132,ASN,L,92,SER,CDR3,1.993,1,1
native_blind,2,106,132,ASN,L,93,TYR,CDR3,1.615,1,1
native_blind,2,106,132,ASN,L,91,SER,CDR3,2.457,1,1
native_blind,2,106,132,ASN,L,90,TYR,CDR3,4.988,0,1
native_blind,2,106,132,ASN,L,94,PRO,CDR3,2.818,1,1
native_blind,2,107,133,SER,L,91,SER,CDR3,2.675,1,1
native_blind,2,107,133,SER,L,92,SER,CDR3,2.732,1,1
native_blind,2,107,133,SER,L,93,TYR,CDR3,4.351,1,1
native_blind,2,108,134,MET,L,91,SER,CDR3,3.824,1,1
native_blind,2,109,135,LEU,L,91,SER,CDR3,4.032,1,1
native_blind,2,109,135,LEU,L,93,TYR,CDR3,2.937,1,1
native_blind,2,109,135,LEU,L,95,TYR,CDR3,1.435,1,1
native_blind,2,109,135,LEU,H,104,TRP,CDR3,3.605,1,1
native_blind,2,109,135,LEU,L,90,TYR,CDR3,4.181,1,1
native_blind,2,109,135,LEU,L,92,SER,CDR3,4.774,0,1
native_blind,2,109,135,LEU,H,35,TYR,FR2,4.727,0,1
native_blind,2,109,135,LEU,H,98,TRP,CDR3,4.959,0,1
native_blind,2,110,136,PRO,H,104,TRP,CDR3,1.325,1,1
native_blind,2,110,136,PRO,L,90,TYR,CDR3,3.81,1,1
native_blind,2,110,136,PRO,L,91,SER,CDR3,3.639,1,1
native_blind,2,110,136,PRO,L,50,TRP,CDR2,3.986,1,1
native_blind,2,110,136,PRO,L,32,ALA,CDR1,4.807,0,1
native_blind,2,111,137,ILE,H,104,TRP,CDR3,3.364,1,1
native_blind,2,112,138,SER,H,104,TRP,CDR3,4.785,0,1
native_blind,2,113,139,GLU,H,104,TRP,CDR3,3.193,1,1
native_blind,2,113,139,GLU,H,100,ILE,CDR3,2.922,1,1
native_blind,2,113,139,GLU,H,98,TRP,CDR3,3.633,1,1
native_blind,2,113,139,GLU,H,35,TYR,FR2,3.579,1,1
native_blind,2,113,139,GLU,L,95,TYR,CDR3,4.568,0,1
native_blind,2,113,139,GLU,H,33,ASN,CDR1,3.418,1,1
native_blind,2,113,139,GLU,H,50,ILE,CDR2,4.048,1,1
native_blind,2,113,139,GLU,L,93,TYR,CDR3,4.001,1,1
native_blind,2,114,140,SER,H,104,TRP,CDR3,2.561,1,1
native_blind,2,116,142,HIS,H,100,ILE,CDR3,2.533,1,1
native_blind,2,116,142,HIS,H,33,ASN,CDR1,3.457,1,1
native_blind,2,116,142,HIS,H,53,TYR,CDR2,3.253,1,1
native_blind,2,116,142,HIS,H,54,ASN,CDR2,4.217,1,1
native_blind,2,117,143,GLN,H,100,ILE,CDR3,1.253,1,1
native_blind,2,117,143,GLN,H,101,THR,CDR3,2.263,1,1
native_blind,2,117,143,GLN,H,102,ASP,CDR3,2.993,1,1
native_blind,2,117,143,GLN,H,104,TRP,CDR3,2.64,1,1
native_blind,2,117,143,GLN,H,99,GLU,CDR3,4.283,1,1
native_blind,2,117,143,GLN,H,103,PRO,CDR3,4.571,0,1
native_blind,2,119,145,PHE,H,54,ASN,CDR2,2.915,1,1
native_blind,2,119,145,PHE,H,53,TYR,CDR2,4.895,0,1
native_blind,2,120,146,LEU,H,53,TYR,CDR2,1.432,1,1
native_blind,2,120,146,LEU,H,31,ASP,CDR1,3.232,1,1
native_blind,2,120,146,LEU,H,30,THR,CDR1,3.502,1,1
native_blind,2,120,146,LEU,H,32,TYR,CDR1,4.633,0,1
native_blind,2,120,146,LEU,H,100,ILE,CDR3,4.045,1,1
native_blind,2,123,149,ARG,H,53,TYR,CDR2,1.571,1,1
native_blind,2,123,149,ARG,H,54,ASN,CDR2,2.636,1,1
native_blind,2,123,149,ARG,H,30,THR,CDR1,3.041,1,1
native_blind,2,123,149,ARG,H,73,LYS,FR3,4.228,1,1
native_blind,2,124,150,ARG,H,31,ASP,CDR1,4.314,1,1
native_blind,3,44,70,GLN,H,102,ASP,CDR3,3.453,1,1
native_blind,3,44,70,GLN,H,104,TRP,CDR3,3.274,1,1
native_blind,3,47,73,ARG,L,53,ARG,FR3,2.147,1,1
native_blind,3,47,73,ARG,H,102,ASP,CDR3,1.597,1,1
native_blind,3,48,74,ASN,L,50,TRP,CDR2,3.41,1,1
native_blind,3,48,74,ASN,L,53,ARG,FR3,2.994,1,1
native_blind,3,53,79,GLU,L,50,TRP,CDR2,4.752,0,1
native_blind,3,106,132,ASN,L,93,TYR,CDR3,3.602,1,1
native_blind,3,106,132,ASN,H,61,GLN,FR3,3.448,1,1
native_blind,3,106,132,ASN,H,58,SER,FR3,4.733,0,1
native_blind,3,106,132,ASN,H,64,LYS,FR3,4.358,1,1
native_blind,3,107,133,SER,L,93,TYR,CDR3,3.187,1,1
native_blind,3,107,133,SER,L,92,SER,CDR3,3.795,1,1
native_blind,3,108,134,MET,L,93,TYR,CDR3,4.36,1,1
native_blind,3,109,135,LEU,L,93,TYR,CDR3,2.391,1,1
native_blind,3,109,135,LEU,H,58,SER,FR3,1.675,1,1
native_blind,3,109,135,LEU,H,50,ILE,CDR2,4.393,1,1
native_blind,3,109,135,LEU,H,59,TYR,FR3,4.777,0,1
native_blind,3,110,136,PRO,L,92,SER,CDR3,2.784,1,1
native_blind,3,110,136,PRO,L,93,TYR,CDR3,1.36,1,1
native_blind,3,110,136,PRO,L,95,TYR,CDR3,2.932,1,1
native_blind,3,110,136,PRO,L,90,TYR,CDR3,4.681,0,1
native_blind,3,110,136,PRO,L,91,SER,CDR3,4.735,0,1
native_blind,3,110,136,PRO,L,94,PRO,CDR3,4.55,0,1
native_blind,3,111,137,ILE,L,91,SER,CDR3,2.813,1,1
native_blind,3,111,137,ILE,L,92,SER,CDR3,4.339,1,1
native_blind,3,111,137,ILE,L,93,TYR,CDR3,3.868,1,1
native_blind,3,111,137,ILE,L,95,TYR,CDR3,4.991,0,1
native_blind,3,113,139,GLU,L,93,TYR,CDR3,3.366,1,1
native_blind,3,113,139,GLU,H,35,TYR,FR2,3.157,1,1
native_blind,3,113,139,GLU,H,50,ILE,CDR2,3.303,1,1
native_blind,3,113,139,GLU,L,95,TYR,CDR3,4.913,0,1
native_blind,3,113,139,GLU,H,33,ASN,CDR1,1.688,1,1
native_blind,3,113,139,GLU,H,52,PRO,CDR2,4.091,1,1
native_blind,3,114,140,SER,L,95,TYR,CDR3,4.929,0,1
native_blind,3,114,140,SER,H,98,TRP,CDR3,4.577,0,1
native_blind,3,114,140,SER,H,104,TRP,CDR3,4.437,1,1
native_blind,3,116,142,HIS,H,53,TYR,CDR2,3.216,1,1
native_blind,3,116,142,HIS,H,54,ASN,CDR2,3.803,1,1
native_blind,3,117,143,GLN,H,100,ILE,CDR3,3.033,1,1
native_blind,3,117,143,GLN,H,104,TRP,CDR3,2.792,1,1
native_blind,3,117,143,GLN,H,98,TRP,CDR3,1.872,1,1
native_blind,3,117,143,GLN,H,33,ASN,CDR1,2.818,1,1
native_blind,3,117,143,GLN,H,99,GLU,CDR3,3.397,1,1
native_blind,3,117,143,GLN,H,35,TYR,FR2,4.155,1,1
native_blind,3,117,143,GLN,H,50,ILE,CDR2,4.926,0,1
native_blind,3,118,144,ARG,H,100,ILE,CDR3,4.815,0,1
native_blind,3,118,144,ARG,H,104,TRP,CDR3,3.018,1,1
native_blind,3,118,144,ARG,L,50,TRP,CDR2,3.006,1,1
native_blind,3,120,146,LEU,H,100,ILE,CDR3,4.588,0,1
native_blind,3,120,146,LEU,H,53,TYR,CDR2,2.722,1,1
native_blind,3,120,146,LEU,H,31,ASP,CDR1,4.636,0,1
native_blind,3,121,147,LEU,H,100,ILE,CDR3,2.99,1,1
native_blind,3,121,147,LEU,H,101,THR,CDR3,3.738,1,1
native_blind,3,121,147,LEU,H,104,TRP,CDR3,3.477,1,1
native_blind,3,121,147,LEU,H,102,ASP,CDR3,4.259,1,1
native_blind,3,123,149,ARG,H,53,TYR,CDR2,2.438,1,1
native_blind,3,124,150,ARG,H,31,ASP,CDR1,3.079,1,1
native_blind,3,124,150,ARG,H,100,ILE,CDR3,3.012,1,1
native_blind,3,124,150,ARG,H,101,THR,CDR3,4.575,0,1
