construct,condition,seed,source_path,status,failure_reason,chain_breaks,peptide_cn_outliers,interchain_clashes_within_1p8,antigen_antibody_clashes_within_1p8,nonlocal_intrachain_clashes_within_1p8,missing_backbone_atoms,geometry_warning,thresholds,qc_source,exclusion_policy,remote_source_path,server_source_path,source_inventory_path,source_condition,raw_validation_status,saved_comparison_status,evidence_level
Native155,empty,1,D:\IL-24(teeth）\phase2_release\results\full181_supplement\server_baseline_snapshot\results\12_complex_prediction\formal\native_blind_seed1\boltz_results_native_blind\predictions\native_blind\native_blind_model_0.pdb,complete,,0,0,8,7,12,0,1,legacy: CA>4.5A; CN<1.1 or >1.6A; cKDTree radius1.8A; nonlocal local-distance>1,src/assess_relaxed_geometry.py; same thresholds; explicit local mapping,"warnings retained, never excluded after seeing results",/home/xinlab/home/ws/phase2/results/12_complex_prediction/formal/native_blind_seed1/boltz_results_native_blind/predictions/native_blind/native_blind_model_0.pdb,/home/xinlab/home/ws/phase2/results/12_complex_prediction/formal/native_blind_seed1/boltz_results_native_blind/predictions/native_blind/native_blind_model_0.pdb,D:\IL-24(teeth）\phase2_release\results\full181_supplement\server_baseline_snapshot\server_source_inventory.json,formal,passed,matched_at_saved_precision,recomputed_server_original_unrelaxed_PDB
Native155,empty,2,D:\IL-24(teeth）\phase2_release\results\full181_supplement\server_baseline_snapshot\results\12_complex_prediction\formal\native_blind_seed2\boltz_results_native_blind\predictions\native_blind\native_blind_model_0.pdb,complete,,0,0,12,11,3,0,1,legacy: CA>4.5A; CN<1.1 or >1.6A; cKDTree radius1.8A; nonlocal local-distance>1,src/assess_relaxed_geometry.py; same thresholds; explicit local mapping,"warnings retained, never excluded after seeing results",/home/xinlab/home/ws/phase2/results/12_complex_prediction/formal/native_blind_seed2/boltz_results_native_blind/predictions/native_blind/native_blind_model_0.pdb,/home/xinlab/home/ws/phase2/results/12_complex_prediction/formal/native_blind_seed2/boltz_results_native_blind/predictions/native_blind/native_blind_model_0.pdb,D:\IL-24(teeth）\phase2_release\results\full181_supplement\server_baseline_snapshot\server_source_inventory.json,formal,passed,matched_at_saved_precision,recomputed_server_original_unrelaxed_PDB
Native155,empty,3,D:\IL-24(teeth）\phase2_release\results\full181_supplement\server_baseline_snapshot\results\12_complex_prediction\formal\native_blind_seed3\boltz_results_native_blind\predictions\native_blind\native_blind_model_0.pdb,complete,,0,0,11,10,6,0,1,legacy: CA>4.5A; CN<1.1 or >1.6A; cKDTree radius1.8A; nonlocal local-distance>1,src/assess_relaxed_geometry.py; same thresholds; explicit local mapping,"warnings retained, never excluded after seeing results",/home/xinlab/home/ws/phase2/results/12_complex_prediction/formal/native_blind_seed3/boltz_results_native_blind/predictions/native_blind/native_blind_model_0.pdb,/home/xinlab/home/ws/phase2/results/12_complex_prediction/formal/native_blind_seed3/boltz_results_native_blind/predictions/native_blind/native_blind_model_0.pdb,D:\IL-24(teeth）\phase2_release\results\full181_supplement\server_baseline_snapshot\server_source_inventory.json,formal,passed,matched_at_saved_precision,recomputed_server_original_unrelaxed_PDB
Native155,empty,4,D:\IL-24(teeth）\phase2_release\results\full181_supplement\server_baseline_snapshot\results\12_complex_prediction\formal\native_blind_seed4\boltz_results_native_blind\predictions\native_blind\native_blind_model_0.pdb,complete,,0,0,5,4,5,0,1,legacy: CA>4.5A; CN<1.1 or >1.6A; cKDTree radius1.8A; nonlocal local-distance>1,src/assess_relaxed_geometry.py; same thresholds; explicit local mapping,"warnings retained, never excluded after seeing results",/home/xinlab/home/ws/phase2/results/12_complex_prediction/formal/native_blind_seed4/boltz_results_native_blind/predictions/native_blind/native_blind_model_0.pdb,/home/xinlab/home/ws/phase2/results/12_complex_prediction/formal/native_blind_seed4/boltz_results_native_blind/predictions/native_blind/native_blind_model_0.pdb,D:\IL-24(teeth）\phase2_release\results\full181_supplement\server_baseline_snapshot\server_source_inventory.json,formal,passed,matched_at_saved_precision,recomputed_server_original_unrelaxed_PDB
Native155,empty,5,D:\IL-24(teeth）\phase2_release\results\full181_supplement\server_baseline_snapshot\results\12_complex_prediction\formal\native_blind_seed5\boltz_results_native_blind\predictions\native_blind\native_blind_model_0.pdb,complete,,0,0,7,7,9,0,1,legacy: CA>4.5A; CN<1.1 or >1.6A; cKDTree radius1.8A; nonlocal local-distance>1,src/assess_relaxed_geometry.py; same thresholds; explicit local mapping,"warnings retained, never excluded after seeing results",/home/xinlab/home/ws/phase2/results/12_complex_prediction/formal/native_blind_seed5/boltz_results_native_blind/predictions/native_blind/native_blind_model_0.pdb,/home/xinlab/home/ws/phase2/results/12_complex_prediction/formal/native_blind_seed5/boltz_results_native_blind/predictions/native_blind/native_blind_model_0.pdb,D:\IL-24(teeth）\phase2_release\results\full181_supplement\server_baseline_snapshot\server_source_inventory.json,formal,passed,matched_at_saved_precision,recomputed_server_original_unrelaxed_PDB
Native155,empty,6,D:\IL-24(teeth）\phase2_release\results\full181_supplement\server_baseline_snapshot\results\12_complex_prediction\formal\native_blind_seed6\boltz_results_native_blind\predictions\native_blind\native_blind_model_0.pdb,complete,,0,0,10,8,1,0,1,legacy: CA>4.5A; CN<1.1 or >1.6A; cKDTree radius1.8A; nonlocal local-distance>1,src/assess_relaxed_geometry.py; same thresholds; explicit local mapping,"warnings retained, never excluded after seeing results",/home/xinlab/home/ws/phase2/results/12_complex_prediction/formal/native_blind_seed6/boltz_results_native_blind/predictions/native_blind/native_blind_model_0.pdb,/home/xinlab/home/ws/phase2/results/12_complex_prediction/formal/native_blind_seed6/boltz_results_native_blind/predictions/native_blind/native_blind_model_0.pdb,D:\IL-24(teeth）\phase2_release\results\full181_supplement\server_baseline_snapshot\server_source_inventory.json,formal,passed,matched_at_saved_precision,recomputed_server_original_unrelaxed_PDB
Native155,empty,7,D:\IL-24(teeth）\phase2_release\results\full181_supplement\server_baseline_snapshot\results\12_complex_prediction\formal\native_blind_seed7\boltz_results_native_blind\predictions\native_blind\native_blind_model_0.pdb,complete,,0,0,15,14,18,0,1,legacy: CA>4.5A; CN<1.1 or >1.6A; cKDTree radius1.8A; nonlocal local-distance>1,src/assess_relaxed_geometry.py; same thresholds; explicit local mapping,"warnings retained, never excluded after seeing results",/home/xinlab/home/ws/phase2/results/12_complex_prediction/formal/native_blind_seed7/boltz_results_native_blind/predictions/native_blind/native_blind_model_0.pdb,/home/xinlab/home/ws/phase2/results/12_complex_prediction/formal/native_blind_seed7/boltz_results_native_blind/predictions/native_blind/native_blind_model_0.pdb,D:\IL-24(teeth）\phase2_release\results\full181_supplement\server_baseline_snapshot\server_source_inventory.json,formal,passed,matched_at_saved_precision,recomputed_server_original_unrelaxed_PDB
Native155,empty,8,D:\IL-24(teeth）\phase2_release\results\full181_supplement\server_baseline_snapshot\results\12_complex_prediction\formal\native_blind_seed8\boltz_results_native_blind\predictions\native_blind\native_blind_model_0.pdb,complete,,0,0,4,3,4,0,1,legacy: CA>4.5A; CN<1.1 or >1.6A; cKDTree radius1.8A; nonlocal local-distance>1,src/assess_relaxed_geometry.py; same thresholds; explicit local mapping,"warnings retained, never excluded after seeing results",/home/xinlab/home/ws/phase2/results/12_complex_prediction/formal/native_blind_seed8/boltz_results_native_blind/predictions/native_blind/native_blind_model_0.pdb,/home/xinlab/home/ws/phase2/results/12_complex_prediction/formal/native_blind_seed8/boltz_results_native_blind/predictions/native_blind/native_blind_model_0.pdb,D:\IL-24(teeth）\phase2_release\results\full181_supplement\server_baseline_snapshot\server_source_inventory.json,formal,passed,matched_at_saved_precision,recomputed_server_original_unrelaxed_PDB
Native155,empty,9,D:\IL-24(teeth）\phase2_release\results\full181_supplement\server_baseline_snapshot\results\12_complex_prediction\formal\native_blind_seed9\boltz_results_native_blind\predictions\native_blind\native_blind_model_0.pdb,complete,,0,0,6,5,4,0,1,legacy: CA>4.5A; CN<1.1 or >1.6A; cKDTree radius1.8A; nonlocal local-distance>1,src/assess_relaxed_geometry.py; same thresholds; explicit local mapping,"warnings retained, never excluded after seeing results",/home/xinlab/home/ws/phase2/results/12_complex_prediction/formal/native_blind_seed9/boltz_results_native_blind/predictions/native_blind/native_blind_model_0.pdb,/home/xinlab/home/ws/phase2/results/12_complex_prediction/formal/native_blind_seed9/boltz_results_native_blind/predictions/native_blind/native_blind_model_0.pdb,D:\IL-24(teeth）\phase2_release\results\full181_supplement\server_baseline_snapshot\server_source_inventory.json,formal,passed,matched_at_saved_precision,recomputed_server_original_unrelaxed_PDB
Native155,empty,10,D:\IL-24(teeth）\phase2_release\results\full181_supplement\server_baseline_snapshot\results\12_complex_prediction\formal\native_blind_seed10\boltz_results_native_blind\predictions\native_blind\native_blind_model_0.pdb,complete,,0,0,6,3,9,0,1,legacy: CA>4.5A; CN<1.1 or >1.6A; cKDTree radius1.8A; nonlocal local-distance>1,src/assess_relaxed_geometry.py; same thresholds; explicit local mapping,"warnings retained, never excluded after seeing results",/home/xinlab/home/ws/phase2/results/12_complex_prediction/formal/native_blind_seed10/boltz_results_native_blind/predictions/native_blind/native_blind_model_0.pdb,/home/xinlab/home/ws/phase2/results/12_complex_prediction/formal/native_blind_seed10/boltz_results_native_blind/predictions/native_blind/native_blind_model_0.pdb,D:\IL-24(teeth）\phase2_release\results\full181_supplement\server_baseline_snapshot\server_source_inventory.json,formal,passed,matched_at_saved_precision,recomputed_server_original_unrelaxed_PDB
Native155,empty,11,D:\IL-24(teeth）\phase2_release\results\full181_supplement\server_baseline_snapshot\results\12_complex_prediction\formal\native_blind_seed11\boltz_results_native_blind\predictions\native_blind\native_blind_model_0.pdb,complete,,0,0,10,10,5,0,1,legacy: CA>4.5A; CN<1.1 or >1.6A; cKDTree radius1.8A; nonlocal local-distance>1,src/assess_relaxed_geometry.py; same thresholds; explicit local mapping,"warnings retained, never excluded after seeing results",/home/xinlab/home/ws/phase2/results/12_complex_prediction/formal/native_blind_seed11/boltz_results_native_blind/predictions/native_blind/native_blind_model_0.pdb,/home/xinlab/home/ws/phase2/results/12_complex_prediction/formal/native_blind_seed11/boltz_results_native_blind/predictions/native_blind/native_blind_model_0.pdb,D:\IL-24(teeth）\phase2_release\results\full181_supplement\server_baseline_snapshot\server_source_inventory.json,formal,passed,matched_at_saved_precision,recomputed_server_original_unrelaxed_PDB
Native155,empty,12,D:\IL-24(teeth）\phase2_release\results\full181_supplement\server_baseline_snapshot\results\12_complex_prediction\formal\native_blind_seed12\boltz_results_native_blind\predictions\native_blind\native_blind_model_0.pdb,complete,,0,0,5,4,3,0,1,legacy: CA>4.5A; CN<1.1 or >1.6A; cKDTree radius1.8A; nonlocal local-distance>1,src/assess_relaxed_geometry.py; same thresholds; explicit local mapping,"warnings retained, never excluded after seeing results",/home/xinlab/home/ws/phase2/results/12_complex_prediction/formal/native_blind_seed12/boltz_results_native_blind/predictions/native_blind/native_blind_model_0.pdb,/home/xinlab/home/ws/phase2/results/12_complex_prediction/formal/native_blind_seed12/boltz_results_native_blind/predictions/native_blind/native_blind_model_0.pdb,D:\IL-24(teeth）\phase2_release\results\full181_supplement\server_baseline_snapshot\server_source_inventory.json,formal,passed,matched_at_saved_precision,recomputed_server_original_unrelaxed_PDB
Native155,empty,13,D:\IL-24(teeth）\phase2_release\results\full181_supplement\server_baseline_snapshot\results\12_complex_prediction\formal\native_blind_seed13\boltz_results_native_blind\predictions\native_blind\native_blind_model_0.pdb,complete,,0,0,7,6,7,0,1,legacy: CA>4.5A; CN<1.1 or >1.6A; cKDTree radius1.8A; nonlocal local-distance>1,src/assess_relaxed_geometry.py; same thresholds; explicit local mapping,"warnings retained, never excluded after seeing results",/home/xinlab/home/ws/phase2/results/12_complex_prediction/formal/native_blind_seed13/boltz_results_native_blind/predictions/native_blind/native_blind_model_0.pdb,/home/xinlab/home/ws/phase2/results/12_complex_prediction/formal/native_blind_seed13/boltz_results_native_blind/predictions/native_blind/native_blind_model_0.pdb,D:\IL-24(teeth）\phase2_release\results\full181_supplement\server_baseline_snapshot\server_source_inventory.json,formal,passed,matched_at_saved_precision,recomputed_server_original_unrelaxed_PDB
Native155,empty,14,D:\IL-24(teeth）\phase2_release\results\full181_supplement\server_baseline_snapshot\results\12_complex_prediction\formal\native_blind_seed14\boltz_results_native_blind\predictions\native_blind\native_blind_model_0.pdb,complete,,0,0,7,7,9,0,1,legacy: CA>4.5A; CN<1.1 or >1.6A; cKDTree radius1.8A; nonlocal local-distance>1,src/assess_relaxed_geometry.py; same thresholds; explicit local mapping,"warnings retained, never excluded after seeing results",/home/xinlab/home/ws/phase2/results/12_complex_prediction/formal/native_blind_seed14/boltz_results_native_blind/predictions/native_blind/native_blind_model_0.pdb,/home/xinlab/home/ws/phase2/results/12_complex_prediction/formal/native_blind_seed14/boltz_results_native_blind/predictions/native_blind/native_blind_model_0.pdb,D:\IL-24(teeth）\phase2_release\results\full181_supplement\server_baseline_snapshot\server_source_inventory.json,formal,passed,matched_at_saved_precision,recomputed_server_original_unrelaxed_PDB
Native155,empty,15,D:\IL-24(teeth）\phase2_release\results\full181_supplement\server_baseline_snapshot\results\12_complex_prediction\formal\native_blind_seed15\boltz_results_native_blind\predictions\native_blind\native_blind_model_0.pdb,complete,,0,0,8,8,11,0,1,legacy: CA>4.5A; CN<1.1 or >1.6A; cKDTree radius1.8A; nonlocal local-distance>1,src/assess_relaxed_geometry.py; same thresholds; explicit local mapping,"warnings retained, never excluded after seeing results",/home/xinlab/home/ws/phase2/results/12_complex_prediction/formal/native_blind_seed15/boltz_results_native_blind/predictions/native_blind/native_blind_model_0.pdb,/home/xinlab/home/ws/phase2/results/12_complex_prediction/formal/native_blind_seed15/boltz_results_native_blind/predictions/native_blind/native_blind_model_0.pdb,D:\IL-24(teeth）\phase2_release\results\full181_supplement\server_baseline_snapshot\server_source_inventory.json,formal,passed,matched_at_saved_precision,recomputed_server_original_unrelaxed_PDB
Immunogen134,empty,1,D:\IL-24(teeth）\phase2_release\results\full181_supplement\server_baseline_snapshot\results\12_complex_prediction\formal\immunogen_blind_seed1\boltz_results_immunogen_blind\predictions\immunogen_blind\immunogen_blind_model_0.pdb,complete,,0,0,7,6,1,0,1,legacy: CA>4.5A; CN<1.1 or >1.6A; cKDTree radius1.8A; nonlocal local-distance>1,src/assess_relaxed_geometry.py; same thresholds; explicit local mapping,"warnings retained, never excluded after seeing results",/home/xinlab/home/ws/phase2/results/12_complex_prediction/formal/immunogen_blind_seed1/boltz_results_immunogen_blind/predictions/immunogen_blind/immunogen_blind_model_0.pdb,/home/xinlab/home/ws/phase2/results/12_complex_prediction/formal/immunogen_blind_seed1/boltz_results_immunogen_blind/predictions/immunogen_blind/immunogen_blind_model_0.pdb,D:\IL-24(teeth）\phase2_release\results\full181_supplement\server_baseline_snapshot\server_source_inventory.json,formal,passed,matched_at_saved_precision,recomputed_server_original_unrelaxed_PDB
Immunogen134,empty,2,D:\IL-24(teeth）\phase2_release\results\full181_supplement\server_baseline_snapshot\results\12_complex_prediction\formal\immunogen_blind_seed2\boltz_results_immunogen_blind\predictions\immunogen_blind\immunogen_blind_model_0.pdb,complete,,0,0,6,6,18,0,1,legacy: CA>4.5A; CN<1.1 or >1.6A; cKDTree radius1.8A; nonlocal local-distance>1,src/assess_relaxed_geometry.py; same thresholds; explicit local mapping,"warnings retained, never excluded after seeing results",/home/xinlab/home/ws/phase2/results/12_complex_prediction/formal/immunogen_blind_seed2/boltz_results_immunogen_blind/predictions/immunogen_blind/immunogen_blind_model_0.pdb,/home/xinlab/home/ws/phase2/results/12_complex_prediction/formal/immunogen_blind_seed2/boltz_results_immunogen_blind/predictions/immunogen_blind/immunogen_blind_model_0.pdb,D:\IL-24(teeth）\phase2_release\results\full181_supplement\server_baseline_snapshot\server_source_inventory.json,formal,passed,matched_at_saved_precision,recomputed_server_original_unrelaxed_PDB
Immunogen134,empty,3,D:\IL-24(teeth）\phase2_release\results\full181_supplement\server_baseline_snapshot\results\12_complex_prediction\formal\immunogen_blind_seed3\boltz_results_immunogen_blind\predictions\immunogen_blind\immunogen_blind_model_0.pdb,complete,,0,0,6,4,14,0,1,legacy: CA>4.5A; CN<1.1 or >1.6A; cKDTree radius1.8A; nonlocal local-distance>1,src/assess_relaxed_geometry.py; same thresholds; explicit local mapping,"warnings retained, never excluded after seeing results",/home/xinlab/home/ws/phase2/results/12_complex_prediction/formal/immunogen_blind_seed3/boltz_results_immunogen_blind/predictions/immunogen_blind/immunogen_blind_model_0.pdb,/home/xinlab/home/ws/phase2/results/12_complex_prediction/formal/immunogen_blind_seed3/boltz_results_immunogen_blind/predictions/immunogen_blind/immunogen_blind_model_0.pdb,D:\IL-24(teeth）\phase2_release\results\full181_supplement\server_baseline_snapshot\server_source_inventory.json,formal,passed,matched_at_saved_precision,recomputed_server_original_unrelaxed_PDB
Immunogen134,empty,4,D:\IL-24(teeth）\phase2_release\results\full181_supplement\server_baseline_snapshot\results\12_complex_prediction\formal\immunogen_blind_seed4\boltz_results_immunogen_blind\predictions\immunogen_blind\immunogen_blind_model_0.pdb,complete,,0,0,7,6,13,0,1,legacy: CA>4.5A; CN<1.1 or >1.6A; cKDTree radius1.8A; nonlocal local-distance>1,src/assess_relaxed_geometry.py; same thresholds; explicit local mapping,"warnings retained, never excluded after seeing results",/home/xinlab/home/ws/phase2/results/12_complex_prediction/formal/immunogen_blind_seed4/boltz_results_immunogen_blind/predictions/immunogen_blind/immunogen_blind_model_0.pdb,/home/xinlab/home/ws/phase2/results/12_complex_prediction/formal/immunogen_blind_seed4/boltz_results_immunogen_blind/predictions/immunogen_blind/immunogen_blind_model_0.pdb,D:\IL-24(teeth）\phase2_release\results\full181_supplement\server_baseline_snapshot\server_source_inventory.json,formal,passed,matched_at_saved_precision,recomputed_server_original_unrelaxed_PDB
Immunogen134,empty,5,D:\IL-24(teeth）\phase2_release\results\full181_supplement\server_baseline_snapshot\results\12_complex_prediction\formal\immunogen_blind_seed5\boltz_results_immunogen_blind\predictions\immunogen_blind\immunogen_blind_model_0.pdb,complete,,0,0,12,10,7,0,1,legacy: CA>4.5A; CN<1.1 or >1.6A; cKDTree radius1.8A; nonlocal local-distance>1,src/assess_relaxed_geometry.py; same thresholds; explicit local mapping,"warnings retained, never excluded after seeing results",/home/xinlab/home/ws/phase2/results/12_complex_prediction/formal/immunogen_blind_seed5/boltz_results_immunogen_blind/predictions/immunogen_blind/immunogen_blind_model_0.pdb,/home/xinlab/home/ws/phase2/results/12_complex_prediction/formal/immunogen_blind_seed5/boltz_results_immunogen_blind/predictions/immunogen_blind/immunogen_blind_model_0.pdb,D:\IL-24(teeth）\phase2_release\results\full181_supplement\server_baseline_snapshot\server_source_inventory.json,formal,passed,matched_at_saved_precision,recomputed_server_original_unrelaxed_PDB
Immunogen134,empty,6,D:\IL-24(teeth）\phase2_release\results\full181_supplement\server_baseline_snapshot\results\12_complex_prediction\formal\immunogen_blind_seed6\boltz_results_immunogen_blind\predictions\immunogen_blind\immunogen_blind_model_0.pdb,complete,,0,0,11,10,9,0,1,legacy: CA>4.5A; CN<1.1 or >1.6A; cKDTree radius1.8A; nonlocal local-distance>1,src/assess_relaxed_geometry.py; same thresholds; explicit local mapping,"warnings retained, never excluded after seeing results",/home/xinlab/home/ws/phase2/results/12_complex_prediction/formal/immunogen_blind_seed6/boltz_results_immunogen_blind/predictions/immunogen_blind/immunogen_blind_model_0.pdb,/home/xinlab/home/ws/phase2/results/12_complex_prediction/formal/immunogen_blind_seed6/boltz_results_immunogen_blind/predictions/immunogen_blind/immunogen_blind_model_0.pdb,D:\IL-24(teeth）\phase2_release\results\full181_supplement\server_baseline_snapshot\server_source_inventory.json,formal,passed,matched_at_saved_precision,recomputed_server_original_unrelaxed_PDB
Immunogen134,empty,7,D:\IL-24(teeth）\phase2_release\results\full181_supplement\server_baseline_snapshot\results\12_complex_prediction\formal\immunogen_blind_seed7\boltz_results_immunogen_blind\predictions\immunogen_blind\immunogen_blind_model_0.pdb,complete,,0,0,6,5,11,0,1,legacy: CA>4.5A; CN<1.1 or >1.6A; cKDTree radius1.8A; nonlocal local-distance>1,src/assess_relaxed_geometry.py; same thresholds; explicit local mapping,"warnings retained, never excluded after seeing results",/home/xinlab/home/ws/phase2/results/12_complex_prediction/formal/immunogen_blind_seed7/boltz_results_immunogen_blind/predictions/immunogen_blind/immunogen_blind_model_0.pdb,/home/xinlab/home/ws/phase2/results/12_complex_prediction/formal/immunogen_blind_seed7/boltz_results_immunogen_blind/predictions/immunogen_blind/immunogen_blind_model_0.pdb,D:\IL-24(teeth）\phase2_release\results\full181_supplement\server_baseline_snapshot\server_source_inventory.json,formal,passed,matched_at_saved_precision,recomputed_server_original_unrelaxed_PDB
Immunogen134,empty,8,D:\IL-24(teeth）\phase2_release\results\full181_supplement\server_baseline_snapshot\results\12_complex_prediction\formal\immunogen_blind_seed8\boltz_results_immunogen_blind\predictions\immunogen_blind\immunogen_blind_model_0.pdb,complete,,0,0,1,0,5,0,1,legacy: CA>4.5A; CN<1.1 or >1.6A; cKDTree radius1.8A; nonlocal local-distance>1,src/assess_relaxed_geometry.py; same thresholds; explicit local mapping,"warnings retained, never excluded after seeing results",/home/xinlab/home/ws/phase2/results/12_complex_prediction/formal/immunogen_blind_seed8/boltz_results_immunogen_blind/predictions/immunogen_blind/immunogen_blind_model_0.pdb,/home/xinlab/home/ws/phase2/results/12_complex_prediction/formal/immunogen_blind_seed8/boltz_results_immunogen_blind/predictions/immunogen_blind/immunogen_blind_model_0.pdb,D:\IL-24(teeth）\phase2_release\results\full181_supplement\server_baseline_snapshot\server_source_inventory.json,formal,passed,matched_at_saved_precision,recomputed_server_original_unrelaxed_PDB
Immunogen134,empty,9,D:\IL-24(teeth）\phase2_release\results\full181_supplement\server_baseline_snapshot\results\12_complex_prediction\formal\immunogen_blind_seed9\boltz_results_immunogen_blind\predictions\immunogen_blind\immunogen_blind_model_0.pdb,complete,,0,0,8,8,7,0,1,legacy: CA>4.5A; CN<1.1 or >1.6A; cKDTree radius1.8A; nonlocal local-distance>1,src/assess_relaxed_geometry.py; same thresholds; explicit local mapping,"warnings retained, never excluded after seeing results",/home/xinlab/home/ws/phase2/results/12_complex_prediction/formal/immunogen_blind_seed9/boltz_results_immunogen_blind/predictions/immunogen_blind/immunogen_blind_model_0.pdb,/home/xinlab/home/ws/phase2/results/12_complex_prediction/formal/immunogen_blind_seed9/boltz_results_immunogen_blind/predictions/immunogen_blind/immunogen_blind_model_0.pdb,D:\IL-24(teeth）\phase2_release\results\full181_supplement\server_baseline_snapshot\server_source_inventory.json,formal,passed,matched_at_saved_precision,recomputed_server_original_unrelaxed_PDB
Immunogen134,empty,10,D:\IL-24(teeth）\phase2_release\results\full181_supplement\server_baseline_snapshot\results\12_complex_prediction\formal\immunogen_blind_seed10\boltz_results_immunogen_blind\predictions\immunogen_blind\immunogen_blind_model_0.pdb,complete,,0,0,8,7,7,0,1,legacy: CA>4.5A; CN<1.1 or >1.6A; cKDTree radius1.8A; nonlocal local-distance>1,src/assess_relaxed_geometry.py; same thresholds; explicit local mapping,"warnings retained, never excluded after seeing results",/home/xinlab/home/ws/phase2/results/12_complex_prediction/formal/immunogen_blind_seed10/boltz_results_immunogen_blind/predictions/immunogen_blind/immunogen_blind_model_0.pdb,/home/xinlab/home/ws/phase2/results/12_complex_prediction/formal/immunogen_blind_seed10/boltz_results_immunogen_blind/predictions/immunogen_blind/immunogen_blind_model_0.pdb,D:\IL-24(teeth）\phase2_release\results\full181_supplement\server_baseline_snapshot\server_source_inventory.json,formal,passed,matched_at_saved_precision,recomputed_server_original_unrelaxed_PDB
Immunogen134,empty,11,D:\IL-24(teeth）\phase2_release\results\full181_supplement\server_baseline_snapshot\results\12_complex_prediction\formal\immunogen_blind_seed11\boltz_results_immunogen_blind\predictions\immunogen_blind\immunogen_blind_model_0.pdb,complete,,0,0,8,7,18,0,1,legacy: CA>4.5A; CN<1.1 or >1.6A; cKDTree radius1.8A; nonlocal local-distance>1,src/assess_relaxed_geometry.py; same thresholds; explicit local mapping,"warnings retained, never excluded after seeing results",/home/xinlab/home/ws/phase2/results/12_complex_prediction/formal/immunogen_blind_seed11/boltz_results_immunogen_blind/predictions/immunogen_blind/immunogen_blind_model_0.pdb,/home/xinlab/home/ws/phase2/results/12_complex_prediction/formal/immunogen_blind_seed11/boltz_results_immunogen_blind/predictions/immunogen_blind/immunogen_blind_model_0.pdb,D:\IL-24(teeth）\phase2_release\results\full181_supplement\server_baseline_snapshot\server_source_inventory.json,formal,passed,matched_at_saved_precision,recomputed_server_original_unrelaxed_PDB
Immunogen134,empty,12,D:\IL-24(teeth）\phase2_release\results\full181_supplement\server_baseline_snapshot\results\12_complex_prediction\formal\immunogen_blind_seed12\boltz_results_immunogen_blind\predictions\immunogen_blind\immunogen_blind_model_0.pdb,complete,,0,0,3,2,22,0,1,legacy: CA>4.5A; CN<1.1 or >1.6A; cKDTree radius1.8A; nonlocal local-distance>1,src/assess_relaxed_geometry.py; same thresholds; explicit local mapping,"warnings retained, never excluded after seeing results",/home/xinlab/home/ws/phase2/results/12_complex_prediction/formal/immunogen_blind_seed12/boltz_results_immunogen_blind/predictions/immunogen_blind/immunogen_blind_model_0.pdb,/home/xinlab/home/ws/phase2/results/12_complex_prediction/formal/immunogen_blind_seed12/boltz_results_immunogen_blind/predictions/immunogen_blind/immunogen_blind_model_0.pdb,D:\IL-24(teeth）\phase2_release\results\full181_supplement\server_baseline_snapshot\server_source_inventory.json,formal,passed,matched_at_saved_precision,recomputed_server_original_unrelaxed_PDB
Immunogen134,empty,13,D:\IL-24(teeth）\phase2_release\results\full181_supplement\server_baseline_snapshot\results\12_complex_prediction\formal\immunogen_blind_seed13\boltz_results_immunogen_blind\predictions\immunogen_blind\immunogen_blind_model_0.pdb,complete,,0,0,7,7,18,0,1,legacy: CA>4.5A; CN<1.1 or >1.6A; cKDTree radius1.8A; nonlocal local-distance>1,src/assess_relaxed_geometry.py; same thresholds; explicit local mapping,"warnings retained, never excluded after seeing results",/home/xinlab/home/ws/phase2/results/12_complex_prediction/formal/immunogen_blind_seed13/boltz_results_immunogen_blind/predictions/immunogen_blind/immunogen_blind_model_0.pdb,/home/xinlab/home/ws/phase2/results/12_complex_prediction/formal/immunogen_blind_seed13/boltz_results_immunogen_blind/predictions/immunogen_blind/immunogen_blind_model_0.pdb,D:\IL-24(teeth）\phase2_release\results\full181_supplement\server_baseline_snapshot\server_source_inventory.json,formal,passed,matched_at_saved_precision,recomputed_server_original_unrelaxed_PDB
Immunogen134,empty,14,D:\IL-24(teeth）\phase2_release\results\full181_supplement\server_baseline_snapshot\results\12_complex_prediction\formal\immunogen_blind_seed14\boltz_results_immunogen_blind\predictions\immunogen_blind\immunogen_blind_model_0.pdb,complete,,0,0,8,8,25,0,1,legacy: CA>4.5A; CN<1.1 or >1.6A; cKDTree radius1.8A; nonlocal local-distance>1,src/assess_relaxed_geometry.py; same thresholds; explicit local mapping,"warnings retained, never excluded after seeing results",/home/xinlab/home/ws/phase2/results/12_complex_prediction/formal/immunogen_blind_seed14/boltz_results_immunogen_blind/predictions/immunogen_blind/immunogen_blind_model_0.pdb,/home/xinlab/home/ws/phase2/results/12_complex_prediction/formal/immunogen_blind_seed14/boltz_results_immunogen_blind/predictions/immunogen_blind/immunogen_blind_model_0.pdb,D:\IL-24(teeth）\phase2_release\results\full181_supplement\server_baseline_snapshot\server_source_inventory.json,formal,passed,matched_at_saved_precision,recomputed_server_original_unrelaxed_PDB
Immunogen134,empty,15,D:\IL-24(teeth）\phase2_release\results\full181_supplement\server_baseline_snapshot\results\12_complex_prediction\formal\immunogen_blind_seed15\boltz_results_immunogen_blind\predictions\immunogen_blind\immunogen_blind_model_0.pdb,complete,,0,0,3,3,9,0,1,legacy: CA>4.5A; CN<1.1 or >1.6A; cKDTree radius1.8A; nonlocal local-distance>1,src/assess_relaxed_geometry.py; same thresholds; explicit local mapping,"warnings retained, never excluded after seeing results",/home/xinlab/home/ws/phase2/results/12_complex_prediction/formal/immunogen_blind_seed15/boltz_results_immunogen_blind/predictions/immunogen_blind/immunogen_blind_model_0.pdb,/home/xinlab/home/ws/phase2/results/12_complex_prediction/formal/immunogen_blind_seed15/boltz_results_immunogen_blind/predictions/immunogen_blind/immunogen_blind_model_0.pdb,D:\IL-24(teeth）\phase2_release\results\full181_supplement\server_baseline_snapshot\server_source_inventory.json,formal,passed,matched_at_saved_precision,recomputed_server_original_unrelaxed_PDB
Native155,formal_msa,1,D:\IL-24(teeth）\phase2_release\results\full181_supplement\server_baseline_snapshot\results\12_complex_prediction\formal_msa\native_blind_seed1\boltz_results_native_blind_msa\predictions\native_blind_msa\native_blind_msa_model_0.pdb,complete,,0,0,0,0,4,0,1,legacy: CA>4.5A; CN<1.1 or >1.6A; cKDTree radius1.8A; nonlocal local-distance>1,src/assess_relaxed_geometry.py; same thresholds; explicit local mapping,"warnings retained, never excluded after seeing results",/home/xinlab/home/ws/phase2/results/12_complex_prediction/formal_msa/native_blind_seed1/boltz_results_native_blind_msa/predictions/native_blind_msa/native_blind_msa_model_0.pdb,/home/xinlab/home/ws/phase2/results/12_complex_prediction/formal_msa/native_blind_seed1/boltz_results_native_blind_msa/predictions/native_blind_msa/native_blind_msa_model_0.pdb,D:\IL-24(teeth）\phase2_release\results\full181_supplement\server_baseline_snapshot\server_source_inventory.json,formal_msa,passed,matched_at_saved_precision,recomputed_server_original_unrelaxed_PDB
Native155,formal_msa,2,D:\IL-24(teeth）\phase2_release\results\full181_supplement\server_baseline_snapshot\results\12_complex_prediction\formal_msa\native_blind_seed2\boltz_results_native_blind_msa\predictions\native_blind_msa\native_blind_msa_model_0.pdb,complete,,0,0,9,8,2,0,1,legacy: CA>4.5A; CN<1.1 or >1.6A; cKDTree radius1.8A; nonlocal local-distance>1,src/assess_relaxed_geometry.py; same thresholds; explicit local mapping,"warnings retained, never excluded after seeing results",/home/xinlab/home/ws/phase2/results/12_complex_prediction/formal_msa/native_blind_seed2/boltz_results_native_blind_msa/predictions/native_blind_msa/native_blind_msa_model_0.pdb,/home/xinlab/home/ws/phase2/results/12_complex_prediction/formal_msa/native_blind_seed2/boltz_results_native_blind_msa/predictions/native_blind_msa/native_blind_msa_model_0.pdb,D:\IL-24(teeth）\phase2_release\results\full181_supplement\server_baseline_snapshot\server_source_inventory.json,formal_msa,passed,matched_at_saved_precision,recomputed_server_original_unrelaxed_PDB
Native155,formal_msa,3,D:\IL-24(teeth）\phase2_release\results\full181_supplement\server_baseline_snapshot\results\12_complex_prediction\formal_msa\native_blind_seed3\boltz_results_native_blind_msa\predictions\native_blind_msa\native_blind_msa_model_0.pdb,complete,,0,0,1,1,3,0,1,legacy: CA>4.5A; CN<1.1 or >1.6A; cKDTree radius1.8A; nonlocal local-distance>1,src/assess_relaxed_geometry.py; same thresholds; explicit local mapping,"warnings retained, never excluded after seeing results",/home/xinlab/home/ws/phase2/results/12_complex_prediction/formal_msa/native_blind_seed3/boltz_results_native_blind_msa/predictions/native_blind_msa/native_blind_msa_model_0.pdb,/home/xinlab/home/ws/phase2/results/12_complex_prediction/formal_msa/native_blind_seed3/boltz_results_native_blind_msa/predictions/native_blind_msa/native_blind_msa_model_0.pdb,D:\IL-24(teeth）\phase2_release\results\full181_supplement\server_baseline_snapshot\server_source_inventory.json,formal_msa,passed,matched_at_saved_precision,recomputed_server_original_unrelaxed_PDB
Native155,formal_msa,4,D:\IL-24(teeth）\phase2_release\results\full181_supplement\server_baseline_snapshot\results\12_complex_prediction\formal_msa\native_blind_seed4\boltz_results_native_blind_msa\predictions\native_blind_msa\native_blind_msa_model_0.pdb,complete,,0,0,14,14,6,0,1,legacy: CA>4.5A; CN<1.1 or >1.6A; cKDTree radius1.8A; nonlocal local-distance>1,src/assess_relaxed_geometry.py; same thresholds; explicit local mapping,"warnings retained, never excluded after seeing results",/home/xinlab/home/ws/phase2/results/12_complex_prediction/formal_msa/native_blind_seed4/boltz_results_native_blind_msa/predictions/native_blind_msa/native_blind_msa_model_0.pdb,/home/xinlab/home/ws/phase2/results/12_complex_prediction/formal_msa/native_blind_seed4/boltz_results_native_blind_msa/predictions/native_blind_msa/native_blind_msa_model_0.pdb,D:\IL-24(teeth）\phase2_release\results\full181_supplement\server_baseline_snapshot\server_source_inventory.json,formal_msa,passed,matched_at_saved_precision,recomputed_server_original_unrelaxed_PDB
Native155,formal_msa,5,D:\IL-24(teeth）\phase2_release\results\full181_supplement\server_baseline_snapshot\results\12_complex_prediction\formal_msa\native_blind_seed5\boltz_results_native_blind_msa\predictions\native_blind_msa\native_blind_msa_model_0.pdb,complete,,0,0,5,5,9,0,1,legacy: CA>4.5A; CN<1.1 or >1.6A; cKDTree radius1.8A; nonlocal local-distance>1,src/assess_relaxed_geometry.py; same thresholds; explicit local mapping,"warnings retained, never excluded after seeing results",/home/xinlab/home/ws/phase2/results/12_complex_prediction/formal_msa/native_blind_seed5/boltz_results_native_blind_msa/predictions/native_blind_msa/native_blind_msa_model_0.pdb,/home/xinlab/home/ws/phase2/results/12_complex_prediction/formal_msa/native_blind_seed5/boltz_results_native_blind_msa/predictions/native_blind_msa/native_blind_msa_model_0.pdb,D:\IL-24(teeth）\phase2_release\results\full181_supplement\server_baseline_snapshot\server_source_inventory.json,formal_msa,passed,matched_at_saved_precision,recomputed_server_original_unrelaxed_PDB
Native155,formal_msa,6,D:\IL-24(teeth）\phase2_release\results\full181_supplement\server_baseline_snapshot\results\12_complex_prediction\formal_msa\native_blind_seed6\boltz_results_native_blind_msa\predictions\native_blind_msa\native_blind_msa_model_0.pdb,complete,,0,0,0,0,11,0,1,legacy: CA>4.5A; CN<1.1 or >1.6A; cKDTree radius1.8A; nonlocal local-distance>1,src/assess_relaxed_geometry.py; same thresholds; explicit local mapping,"warnings retained, never excluded after seeing results",/home/xinlab/home/ws/phase2/results/12_complex_prediction/formal_msa/native_blind_seed6/boltz_results_native_blind_msa/predictions/native_blind_msa/native_blind_msa_model_0.pdb,/home/xinlab/home/ws/phase2/results/12_complex_prediction/formal_msa/native_blind_seed6/boltz_results_native_blind_msa/predictions/native_blind_msa/native_blind_msa_model_0.pdb,D:\IL-24(teeth）\phase2_release\results\full181_supplement\server_baseline_snapshot\server_source_inventory.json,formal_msa,passed,matched_at_saved_precision,recomputed_server_original_unrelaxed_PDB
Native155,formal_msa,7,D:\IL-24(teeth）\phase2_release\results\full181_supplement\server_baseline_snapshot\results\12_complex_prediction\formal_msa\native_blind_seed7\boltz_results_native_blind_msa\predictions\native_blind_msa\native_blind_msa_model_0.pdb,complete,,0,0,1,1,2,0,1,legacy: CA>4.5A; CN<1.1 or >1.6A; cKDTree radius1.8A; nonlocal local-distance>1,src/assess_relaxed_geometry.py; same thresholds; explicit local mapping,"warnings retained, never excluded after seeing results",/home/xinlab/home/ws/phase2/results/12_complex_prediction/formal_msa/native_blind_seed7/boltz_results_native_blind_msa/predictions/native_blind_msa/native_blind_msa_model_0.pdb,/home/xinlab/home/ws/phase2/results/12_complex_prediction/formal_msa/native_blind_seed7/boltz_results_native_blind_msa/predictions/native_blind_msa/native_blind_msa_model_0.pdb,D:\IL-24(teeth）\phase2_release\results\full181_supplement\server_baseline_snapshot\server_source_inventory.json,formal_msa,passed,matched_at_saved_precision,recomputed_server_original_unrelaxed_PDB
Native155,formal_msa,8,D:\IL-24(teeth）\phase2_release\results\full181_supplement\server_baseline_snapshot\results\12_complex_prediction\formal_msa\native_blind_seed8\boltz_results_native_blind_msa\predictions\native_blind_msa\native_blind_msa_model_0.pdb,complete,,0,0,6,6,2,0,1,legacy: CA>4.5A; CN<1.1 or >1.6A; cKDTree radius1.8A; nonlocal local-distance>1,src/assess_relaxed_geometry.py; same thresholds; explicit local mapping,"warnings retained, never excluded after seeing results",/home/xinlab/home/ws/phase2/results/12_complex_prediction/formal_msa/native_blind_seed8/boltz_results_native_blind_msa/predictions/native_blind_msa/native_blind_msa_model_0.pdb,/home/xinlab/home/ws/phase2/results/12_complex_prediction/formal_msa/native_blind_seed8/boltz_results_native_blind_msa/predictions/native_blind_msa/native_blind_msa_model_0.pdb,D:\IL-24(teeth）\phase2_release\results\full181_supplement\server_baseline_snapshot\server_source_inventory.json,formal_msa,passed,matched_at_saved_precision,recomputed_server_original_unrelaxed_PDB
Native155,formal_msa,9,D:\IL-24(teeth）\phase2_release\results\full181_supplement\server_baseline_snapshot\results\12_complex_prediction\formal_msa\native_blind_seed9\boltz_results_native_blind_msa\predictions\native_blind_msa\native_blind_msa_model_0.pdb,complete,,0,0,0,0,5,0,1,legacy: CA>4.5A; CN<1.1 or >1.6A; cKDTree radius1.8A; nonlocal local-distance>1,src/assess_relaxed_geometry.py; same thresholds; explicit local mapping,"warnings retained, never excluded after seeing results",/home/xinlab/home/ws/phase2/results/12_complex_prediction/formal_msa/native_blind_seed9/boltz_results_native_blind_msa/predictions/native_blind_msa/native_blind_msa_model_0.pdb,/home/xinlab/home/ws/phase2/results/12_complex_prediction/formal_msa/native_blind_seed9/boltz_results_native_blind_msa/predictions/native_blind_msa/native_blind_msa_model_0.pdb,D:\IL-24(teeth）\phase2_release\results\full181_supplement\server_baseline_snapshot\server_source_inventory.json,formal_msa,passed,matched_at_saved_precision,recomputed_server_original_unrelaxed_PDB
Native155,formal_msa,10,D:\IL-24(teeth）\phase2_release\results\full181_supplement\server_baseline_snapshot\results\12_complex_prediction\formal_msa\native_blind_seed10\boltz_results_native_blind_msa\predictions\native_blind_msa\native_blind_msa_model_0.pdb,complete,,0,0,6,6,7,0,1,legacy: CA>4.5A; CN<1.1 or >1.6A; cKDTree radius1.8A; nonlocal local-distance>1,src/assess_relaxed_geometry.py; same thresholds; explicit local mapping,"warnings retained, never excluded after seeing results",/home/xinlab/home/ws/phase2/results/12_complex_prediction/formal_msa/native_blind_seed10/boltz_results_native_blind_msa/predictions/native_blind_msa/native_blind_msa_model_0.pdb,/home/xinlab/home/ws/phase2/results/12_complex_prediction/formal_msa/native_blind_seed10/boltz_results_native_blind_msa/predictions/native_blind_msa/native_blind_msa_model_0.pdb,D:\IL-24(teeth）\phase2_release\results\full181_supplement\server_baseline_snapshot\server_source_inventory.json,formal_msa,passed,matched_at_saved_precision,recomputed_server_original_unrelaxed_PDB
Native155,formal_msa,11,D:\IL-24(teeth）\phase2_release\results\full181_supplement\server_baseline_snapshot\results\12_complex_prediction\formal_msa\native_blind_seed11\boltz_results_native_blind_msa\predictions\native_blind_msa\native_blind_msa_model_0.pdb,complete,,0,0,8,8,1,0,1,legacy: CA>4.5A; CN<1.1 or >1.6A; cKDTree radius1.8A; nonlocal local-distance>1,src/assess_relaxed_geometry.py; same thresholds; explicit local mapping,"warnings retained, never excluded after seeing results",/home/xinlab/home/ws/phase2/results/12_complex_prediction/formal_msa/native_blind_seed11/boltz_results_native_blind_msa/predictions/native_blind_msa/native_blind_msa_model_0.pdb,/home/xinlab/home/ws/phase2/results/12_complex_prediction/formal_msa/native_blind_seed11/boltz_results_native_blind_msa/predictions/native_blind_msa/native_blind_msa_model_0.pdb,D:\IL-24(teeth）\phase2_release\results\full181_supplement\server_baseline_snapshot\server_source_inventory.json,formal_msa,passed,matched_at_saved_precision,recomputed_server_original_unrelaxed_PDB
Native155,formal_msa,12,D:\IL-24(teeth）\phase2_release\results\full181_supplement\server_baseline_snapshot\results\12_complex_prediction\formal_msa\native_blind_seed12\boltz_results_native_blind_msa\predictions\native_blind_msa\native_blind_msa_model_0.pdb,complete,,0,0,1,1,4,0,1,legacy: CA>4.5A; CN<1.1 or >1.6A; cKDTree radius1.8A; nonlocal local-distance>1,src/assess_relaxed_geometry.py; same thresholds; explicit local mapping,"warnings retained, never excluded after seeing results",/home/xinlab/home/ws/phase2/results/12_complex_prediction/formal_msa/native_blind_seed12/boltz_results_native_blind_msa/predictions/native_blind_msa/native_blind_msa_model_0.pdb,/home/xinlab/home/ws/phase2/results/12_complex_prediction/formal_msa/native_blind_seed12/boltz_results_native_blind_msa/predictions/native_blind_msa/native_blind_msa_model_0.pdb,D:\IL-24(teeth）\phase2_release\results\full181_supplement\server_baseline_snapshot\server_source_inventory.json,formal_msa,passed,matched_at_saved_precision,recomputed_server_original_unrelaxed_PDB
Native155,formal_msa,13,D:\IL-24(teeth）\phase2_release\results\full181_supplement\server_baseline_snapshot\results\12_complex_prediction\formal_msa\native_blind_seed13\boltz_results_native_blind_msa\predictions\native_blind_msa\native_blind_msa_model_0.pdb,complete,,0,0,5,5,7,0,1,legacy: CA>4.5A; CN<1.1 or >1.6A; cKDTree radius1.8A; nonlocal local-distance>1,src/assess_relaxed_geometry.py; same thresholds; explicit local mapping,"warnings retained, never excluded after seeing results",/home/xinlab/home/ws/phase2/results/12_complex_prediction/formal_msa/native_blind_seed13/boltz_results_native_blind_msa/predictions/native_blind_msa/native_blind_msa_model_0.pdb,/home/xinlab/home/ws/phase2/results/12_complex_prediction/formal_msa/native_blind_seed13/boltz_results_native_blind_msa/predictions/native_blind_msa/native_blind_msa_model_0.pdb,D:\IL-24(teeth）\phase2_release\results\full181_supplement\server_baseline_snapshot\server_source_inventory.json,formal_msa,passed,matched_at_saved_precision,recomputed_server_original_unrelaxed_PDB
Native155,formal_msa,14,D:\IL-24(teeth）\phase2_release\results\full181_supplement\server_baseline_snapshot\results\12_complex_prediction\formal_msa\native_blind_seed14\boltz_results_native_blind_msa\predictions\native_blind_msa\native_blind_msa_model_0.pdb,complete,,0,0,0,0,1,0,1,legacy: CA>4.5A; CN<1.1 or >1.6A; cKDTree radius1.8A; nonlocal local-distance>1,src/assess_relaxed_geometry.py; same thresholds; explicit local mapping,"warnings retained, never excluded after seeing results",/home/xinlab/home/ws/phase2/results/12_complex_prediction/formal_msa/native_blind_seed14/boltz_results_native_blind_msa/predictions/native_blind_msa/native_blind_msa_model_0.pdb,/home/xinlab/home/ws/phase2/results/12_complex_prediction/formal_msa/native_blind_seed14/boltz_results_native_blind_msa/predictions/native_blind_msa/native_blind_msa_model_0.pdb,D:\IL-24(teeth）\phase2_release\results\full181_supplement\server_baseline_snapshot\server_source_inventory.json,formal_msa,passed,matched_at_saved_precision,recomputed_server_original_unrelaxed_PDB
Native155,formal_msa,15,D:\IL-24(teeth）\phase2_release\results\full181_supplement\server_baseline_snapshot\results\12_complex_prediction\formal_msa\native_blind_seed15\boltz_results_native_blind_msa\predictions\native_blind_msa\native_blind_msa_model_0.pdb,complete,,0,0,2,2,6,0,1,legacy: CA>4.5A; CN<1.1 or >1.6A; cKDTree radius1.8A; nonlocal local-distance>1,src/assess_relaxed_geometry.py; same thresholds; explicit local mapping,"warnings retained, never excluded after seeing results",/home/xinlab/home/ws/phase2/results/12_complex_prediction/formal_msa/native_blind_seed15/boltz_results_native_blind_msa/predictions/native_blind_msa/native_blind_msa_model_0.pdb,/home/xinlab/home/ws/phase2/results/12_complex_prediction/formal_msa/native_blind_seed15/boltz_results_native_blind_msa/predictions/native_blind_msa/native_blind_msa_model_0.pdb,D:\IL-24(teeth）\phase2_release\results\full181_supplement\server_baseline_snapshot\server_source_inventory.json,formal_msa,passed,matched_at_saved_precision,recomputed_server_original_unrelaxed_PDB
Immunogen134,formal_msa,1,D:\IL-24(teeth）\phase2_release\results\full181_supplement\server_baseline_snapshot\results\12_complex_prediction\formal_msa\immunogen_blind_seed1\boltz_results_immunogen_blind_msa\predictions\immunogen_blind_msa\immunogen_blind_msa_model_0.pdb,complete,,0,0,0,0,1,0,1,legacy: CA>4.5A; CN<1.1 or >1.6A; cKDTree radius1.8A; nonlocal local-distance>1,src/assess_relaxed_geometry.py; same thresholds; explicit local mapping,"warnings retained, never excluded after seeing results",/home/xinlab/home/ws/phase2/results/12_complex_prediction/formal_msa/immunogen_blind_seed1/boltz_results_immunogen_blind_msa/predictions/immunogen_blind_msa/immunogen_blind_msa_model_0.pdb,/home/xinlab/home/ws/phase2/results/12_complex_prediction/formal_msa/immunogen_blind_seed1/boltz_results_immunogen_blind_msa/predictions/immunogen_blind_msa/immunogen_blind_msa_model_0.pdb,D:\IL-24(teeth）\phase2_release\results\full181_supplement\server_baseline_snapshot\server_source_inventory.json,formal_msa,passed,matched_at_saved_precision,recomputed_server_original_unrelaxed_PDB
Immunogen134,formal_msa,2,D:\IL-24(teeth）\phase2_release\results\full181_supplement\server_baseline_snapshot\results\12_complex_prediction\formal_msa\immunogen_blind_seed2\boltz_results_immunogen_blind_msa\predictions\immunogen_blind_msa\immunogen_blind_msa_model_0.pdb,complete,,0,0,0,0,7,0,1,legacy: CA>4.5A; CN<1.1 or >1.6A; cKDTree radius1.8A; nonlocal local-distance>1,src/assess_relaxed_geometry.py; same thresholds; explicit local mapping,"warnings retained, never excluded after seeing results",/home/xinlab/home/ws/phase2/results/12_complex_prediction/formal_msa/immunogen_blind_seed2/boltz_results_immunogen_blind_msa/predictions/immunogen_blind_msa/immunogen_blind_msa_model_0.pdb,/home/xinlab/home/ws/phase2/results/12_complex_prediction/formal_msa/immunogen_blind_seed2/boltz_results_immunogen_blind_msa/predictions/immunogen_blind_msa/immunogen_blind_msa_model_0.pdb,D:\IL-24(teeth）\phase2_release\results\full181_supplement\server_baseline_snapshot\server_source_inventory.json,formal_msa,passed,matched_at_saved_precision,recomputed_server_original_unrelaxed_PDB
Immunogen134,formal_msa,3,D:\IL-24(teeth）\phase2_release\results\full181_supplement\server_baseline_snapshot\results\12_complex_prediction\formal_msa\immunogen_blind_seed3\boltz_results_immunogen_blind_msa\predictions\immunogen_blind_msa\immunogen_blind_msa_model_0.pdb,complete,,0,0,3,2,5,0,1,legacy: CA>4.5A; CN<1.1 or >1.6A; cKDTree radius1.8A; nonlocal local-distance>1,src/assess_relaxed_geometry.py; same thresholds; explicit local mapping,"warnings retained, never excluded after seeing results",/home/xinlab/home/ws/phase2/results/12_complex_prediction/formal_msa/immunogen_blind_seed3/boltz_results_immunogen_blind_msa/predictions/immunogen_blind_msa/immunogen_blind_msa_model_0.pdb,/home/xinlab/home/ws/phase2/results/12_complex_prediction/formal_msa/immunogen_blind_seed3/boltz_results_immunogen_blind_msa/predictions/immunogen_blind_msa/immunogen_blind_msa_model_0.pdb,D:\IL-24(teeth）\phase2_release\results\full181_supplement\server_baseline_snapshot\server_source_inventory.json,formal_msa,passed,matched_at_saved_precision,recomputed_server_original_unrelaxed_PDB
Immunogen134,formal_msa,4,D:\IL-24(teeth）\phase2_release\results\full181_supplement\server_baseline_snapshot\results\12_complex_prediction\formal_msa\immunogen_blind_seed4\boltz_results_immunogen_blind_msa\predictions\immunogen_blind_msa\immunogen_blind_msa_model_0.pdb,complete,,0,0,1,1,4,0,1,legacy: CA>4.5A; CN<1.1 or >1.6A; cKDTree radius1.8A; nonlocal local-distance>1,src/assess_relaxed_geometry.py; same thresholds; explicit local mapping,"warnings retained, never excluded after seeing results",/home/xinlab/home/ws/phase2/results/12_complex_prediction/formal_msa/immunogen_blind_seed4/boltz_results_immunogen_blind_msa/predictions/immunogen_blind_msa/immunogen_blind_msa_model_0.pdb,/home/xinlab/home/ws/phase2/results/12_complex_prediction/formal_msa/immunogen_blind_seed4/boltz_results_immunogen_blind_msa/predictions/immunogen_blind_msa/immunogen_blind_msa_model_0.pdb,D:\IL-24(teeth）\phase2_release\results\full181_supplement\server_baseline_snapshot\server_source_inventory.json,formal_msa,passed,matched_at_saved_precision,recomputed_server_original_unrelaxed_PDB
Immunogen134,formal_msa,5,D:\IL-24(teeth）\phase2_release\results\full181_supplement\server_baseline_snapshot\results\12_complex_prediction\formal_msa\immunogen_blind_seed5\boltz_results_immunogen_blind_msa\predictions\immunogen_blind_msa\immunogen_blind_msa_model_0.pdb,complete,,0,0,1,1,3,0,1,legacy: CA>4.5A; CN<1.1 or >1.6A; cKDTree radius1.8A; nonlocal local-distance>1,src/assess_relaxed_geometry.py; same thresholds; explicit local mapping,"warnings retained, never excluded after seeing results",/home/xinlab/home/ws/phase2/results/12_complex_prediction/formal_msa/immunogen_blind_seed5/boltz_results_immunogen_blind_msa/predictions/immunogen_blind_msa/immunogen_blind_msa_model_0.pdb,/home/xinlab/home/ws/phase2/results/12_complex_prediction/formal_msa/immunogen_blind_seed5/boltz_results_immunogen_blind_msa/predictions/immunogen_blind_msa/immunogen_blind_msa_model_0.pdb,D:\IL-24(teeth）\phase2_release\results\full181_supplement\server_baseline_snapshot\server_source_inventory.json,formal_msa,passed,matched_at_saved_precision,recomputed_server_original_unrelaxed_PDB
Immunogen134,formal_msa,6,D:\IL-24(teeth）\phase2_release\results\full181_supplement\server_baseline_snapshot\results\12_complex_prediction\formal_msa\immunogen_blind_seed6\boltz_results_immunogen_blind_msa\predictions\immunogen_blind_msa\immunogen_blind_msa_model_0.pdb,complete,,0,0,2,2,1,0,1,legacy: CA>4.5A; CN<1.1 or >1.6A; cKDTree radius1.8A; nonlocal local-distance>1,src/assess_relaxed_geometry.py; same thresholds; explicit local mapping,"warnings retained, never excluded after seeing results",/home/xinlab/home/ws/phase2/results/12_complex_prediction/formal_msa/immunogen_blind_seed6/boltz_results_immunogen_blind_msa/predictions/immunogen_blind_msa/immunogen_blind_msa_model_0.pdb,/home/xinlab/home/ws/phase2/results/12_complex_prediction/formal_msa/immunogen_blind_seed6/boltz_results_immunogen_blind_msa/predictions/immunogen_blind_msa/immunogen_blind_msa_model_0.pdb,D:\IL-24(teeth）\phase2_release\results\full181_supplement\server_baseline_snapshot\server_source_inventory.json,formal_msa,passed,matched_at_saved_precision,recomputed_server_original_unrelaxed_PDB
Immunogen134,formal_msa,7,D:\IL-24(teeth）\phase2_release\results\full181_supplement\server_baseline_snapshot\results\12_complex_prediction\formal_msa\immunogen_blind_seed7\boltz_results_immunogen_blind_msa\predictions\immunogen_blind_msa\immunogen_blind_msa_model_0.pdb,complete,,0,0,7,7,1,0,1,legacy: CA>4.5A; CN<1.1 or >1.6A; cKDTree radius1.8A; nonlocal local-distance>1,src/assess_relaxed_geometry.py; same thresholds; explicit local mapping,"warnings retained, never excluded after seeing results",/home/xinlab/home/ws/phase2/results/12_complex_prediction/formal_msa/immunogen_blind_seed7/boltz_results_immunogen_blind_msa/predictions/immunogen_blind_msa/immunogen_blind_msa_model_0.pdb,/home/xinlab/home/ws/phase2/results/12_complex_prediction/formal_msa/immunogen_blind_seed7/boltz_results_immunogen_blind_msa/predictions/immunogen_blind_msa/immunogen_blind_msa_model_0.pdb,D:\IL-24(teeth）\phase2_release\results\full181_supplement\server_baseline_snapshot\server_source_inventory.json,formal_msa,passed,matched_at_saved_precision,recomputed_server_original_unrelaxed_PDB
Immunogen134,formal_msa,8,D:\IL-24(teeth）\phase2_release\results\full181_supplement\server_baseline_snapshot\results\12_complex_prediction\formal_msa\immunogen_blind_seed8\boltz_results_immunogen_blind_msa\predictions\immunogen_blind_msa\immunogen_blind_msa_model_0.pdb,complete,,0,0,7,6,4,0,1,legacy: CA>4.5A; CN<1.1 or >1.6A; cKDTree radius1.8A; nonlocal local-distance>1,src/assess_relaxed_geometry.py; same thresholds; explicit local mapping,"warnings retained, never excluded after seeing results",/home/xinlab/home/ws/phase2/results/12_complex_prediction/formal_msa/immunogen_blind_seed8/boltz_results_immunogen_blind_msa/predictions/immunogen_blind_msa/immunogen_blind_msa_model_0.pdb,/home/xinlab/home/ws/phase2/results/12_complex_prediction/formal_msa/immunogen_blind_seed8/boltz_results_immunogen_blind_msa/predictions/immunogen_blind_msa/immunogen_blind_msa_model_0.pdb,D:\IL-24(teeth）\phase2_release\results\full181_supplement\server_baseline_snapshot\server_source_inventory.json,formal_msa,passed,matched_at_saved_precision,recomputed_server_original_unrelaxed_PDB
Immunogen134,formal_msa,9,D:\IL-24(teeth）\phase2_release\results\full181_supplement\server_baseline_snapshot\results\12_complex_prediction\formal_msa\immunogen_blind_seed9\boltz_results_immunogen_blind_msa\predictions\immunogen_blind_msa\immunogen_blind_msa_model_0.pdb,complete,,0,0,3,2,9,0,1,legacy: CA>4.5A; CN<1.1 or >1.6A; cKDTree radius1.8A; nonlocal local-distance>1,src/assess_relaxed_geometry.py; same thresholds; explicit local mapping,"warnings retained, never excluded after seeing results",/home/xinlab/home/ws/phase2/results/12_complex_prediction/formal_msa/immunogen_blind_seed9/boltz_results_immunogen_blind_msa/predictions/immunogen_blind_msa/immunogen_blind_msa_model_0.pdb,/home/xinlab/home/ws/phase2/results/12_complex_prediction/formal_msa/immunogen_blind_seed9/boltz_results_immunogen_blind_msa/predictions/immunogen_blind_msa/immunogen_blind_msa_model_0.pdb,D:\IL-24(teeth）\phase2_release\results\full181_supplement\server_baseline_snapshot\server_source_inventory.json,formal_msa,passed,matched_at_saved_precision,recomputed_server_original_unrelaxed_PDB
Immunogen134,formal_msa,10,D:\IL-24(teeth）\phase2_release\results\full181_supplement\server_baseline_snapshot\results\12_complex_prediction\formal_msa\immunogen_blind_seed10\boltz_results_immunogen_blind_msa\predictions\immunogen_blind_msa\immunogen_blind_msa_model_0.pdb,complete,,0,0,8,7,7,0,1,legacy: CA>4.5A; CN<1.1 or >1.6A; cKDTree radius1.8A; nonlocal local-distance>1,src/assess_relaxed_geometry.py; same thresholds; explicit local mapping,"warnings retained, never excluded after seeing results",/home/xinlab/home/ws/phase2/results/12_complex_prediction/formal_msa/immunogen_blind_seed10/boltz_results_immunogen_blind_msa/predictions/immunogen_blind_msa/immunogen_blind_msa_model_0.pdb,/home/xinlab/home/ws/phase2/results/12_complex_prediction/formal_msa/immunogen_blind_seed10/boltz_results_immunogen_blind_msa/predictions/immunogen_blind_msa/immunogen_blind_msa_model_0.pdb,D:\IL-24(teeth）\phase2_release\results\full181_supplement\server_baseline_snapshot\server_source_inventory.json,formal_msa,passed,matched_at_saved_precision,recomputed_server_original_unrelaxed_PDB
Immunogen134,formal_msa,11,D:\IL-24(teeth）\phase2_release\results\full181_supplement\server_baseline_snapshot\results\12_complex_prediction\formal_msa\immunogen_blind_seed11\boltz_results_immunogen_blind_msa\predictions\immunogen_blind_msa\immunogen_blind_msa_model_0.pdb,complete,,0,0,3,1,2,0,1,legacy: CA>4.5A; CN<1.1 or >1.6A; cKDTree radius1.8A; nonlocal local-distance>1,src/assess_relaxed_geometry.py; same thresholds; explicit local mapping,"warnings retained, never excluded after seeing results",/home/xinlab/home/ws/phase2/results/12_complex_prediction/formal_msa/immunogen_blind_seed11/boltz_results_immunogen_blind_msa/predictions/immunogen_blind_msa/immunogen_blind_msa_model_0.pdb,/home/xinlab/home/ws/phase2/results/12_complex_prediction/formal_msa/immunogen_blind_seed11/boltz_results_immunogen_blind_msa/predictions/immunogen_blind_msa/immunogen_blind_msa_model_0.pdb,D:\IL-24(teeth）\phase2_release\results\full181_supplement\server_baseline_snapshot\server_source_inventory.json,formal_msa,passed,matched_at_saved_precision,recomputed_server_original_unrelaxed_PDB
Immunogen134,formal_msa,12,D:\IL-24(teeth）\phase2_release\results\full181_supplement\server_baseline_snapshot\results\12_complex_prediction\formal_msa\immunogen_blind_seed12\boltz_results_immunogen_blind_msa\predictions\immunogen_blind_msa\immunogen_blind_msa_model_0.pdb,complete,,0,0,7,6,5,0,1,legacy: CA>4.5A; CN<1.1 or >1.6A; cKDTree radius1.8A; nonlocal local-distance>1,src/assess_relaxed_geometry.py; same thresholds; explicit local mapping,"warnings retained, never excluded after seeing results",/home/xinlab/home/ws/phase2/results/12_complex_prediction/formal_msa/immunogen_blind_seed12/boltz_results_immunogen_blind_msa/predictions/immunogen_blind_msa/immunogen_blind_msa_model_0.pdb,/home/xinlab/home/ws/phase2/results/12_complex_prediction/formal_msa/immunogen_blind_seed12/boltz_results_immunogen_blind_msa/predictions/immunogen_blind_msa/immunogen_blind_msa_model_0.pdb,D:\IL-24(teeth）\phase2_release\results\full181_supplement\server_baseline_snapshot\server_source_inventory.json,formal_msa,passed,matched_at_saved_precision,recomputed_server_original_unrelaxed_PDB
Immunogen134,formal_msa,13,D:\IL-24(teeth）\phase2_release\results\full181_supplement\server_baseline_snapshot\results\12_complex_prediction\formal_msa\immunogen_blind_seed13\boltz_results_immunogen_blind_msa\predictions\immunogen_blind_msa\immunogen_blind_msa_model_0.pdb,complete,,0,0,8,7,1,0,1,legacy: CA>4.5A; CN<1.1 or >1.6A; cKDTree radius1.8A; nonlocal local-distance>1,src/assess_relaxed_geometry.py; same thresholds; explicit local mapping,"warnings retained, never excluded after seeing results",/home/xinlab/home/ws/phase2/results/12_complex_prediction/formal_msa/immunogen_blind_seed13/boltz_results_immunogen_blind_msa/predictions/immunogen_blind_msa/immunogen_blind_msa_model_0.pdb,/home/xinlab/home/ws/phase2/results/12_complex_prediction/formal_msa/immunogen_blind_seed13/boltz_results_immunogen_blind_msa/predictions/immunogen_blind_msa/immunogen_blind_msa_model_0.pdb,D:\IL-24(teeth）\phase2_release\results\full181_supplement\server_baseline_snapshot\server_source_inventory.json,formal_msa,passed,matched_at_saved_precision,recomputed_server_original_unrelaxed_PDB
Immunogen134,formal_msa,14,D:\IL-24(teeth）\phase2_release\results\full181_supplement\server_baseline_snapshot\results\12_complex_prediction\formal_msa\immunogen_blind_seed14\boltz_results_immunogen_blind_msa\predictions\immunogen_blind_msa\immunogen_blind_msa_model_0.pdb,complete,,0,0,6,6,2,0,1,legacy: CA>4.5A; CN<1.1 or >1.6A; cKDTree radius1.8A; nonlocal local-distance>1,src/assess_relaxed_geometry.py; same thresholds; explicit local mapping,"warnings retained, never excluded after seeing results",/home/xinlab/home/ws/phase2/results/12_complex_prediction/formal_msa/immunogen_blind_seed14/boltz_results_immunogen_blind_msa/predictions/immunogen_blind_msa/immunogen_blind_msa_model_0.pdb,/home/xinlab/home/ws/phase2/results/12_complex_prediction/formal_msa/immunogen_blind_seed14/boltz_results_immunogen_blind_msa/predictions/immunogen_blind_msa/immunogen_blind_msa_model_0.pdb,D:\IL-24(teeth）\phase2_release\results\full181_supplement\server_baseline_snapshot\server_source_inventory.json,formal_msa,passed,matched_at_saved_precision,recomputed_server_original_unrelaxed_PDB
Immunogen134,formal_msa,15,D:\IL-24(teeth）\phase2_release\results\full181_supplement\server_baseline_snapshot\results\12_complex_prediction\formal_msa\immunogen_blind_seed15\boltz_results_immunogen_blind_msa\predictions\immunogen_blind_msa\immunogen_blind_msa_model_0.pdb,complete,,0,0,4,4,4,0,1,legacy: CA>4.5A; CN<1.1 or >1.6A; cKDTree radius1.8A; nonlocal local-distance>1,src/assess_relaxed_geometry.py; same thresholds; explicit local mapping,"warnings retained, never excluded after seeing results",/home/xinlab/home/ws/phase2/results/12_complex_prediction/formal_msa/immunogen_blind_seed15/boltz_results_immunogen_blind_msa/predictions/immunogen_blind_msa/immunogen_blind_msa_model_0.pdb,/home/xinlab/home/ws/phase2/results/12_complex_prediction/formal_msa/immunogen_blind_seed15/boltz_results_immunogen_blind_msa/predictions/immunogen_blind_msa/immunogen_blind_msa_model_0.pdb,D:\IL-24(teeth）\phase2_release\results\full181_supplement\server_baseline_snapshot\server_source_inventory.json,formal_msa,passed,matched_at_saved_precision,recomputed_server_original_unrelaxed_PDB
