"path","bytes","sha256"
"models/crf/euk/model.seq.w15.s0.009.l96.0.0","457361","5c18e679649ff2047cea9916b27b3d78ef978886111af49609ffab05c65b6c53"
"models/crf/euk/model.seq.w15.s0.009.l96.0.1","457519","041bf88286fc5f22cf5437e54f05137e224c5a553b6b4504a03a4f902d7da8af"
"models/crf/euk/model.seq.w15.s0.009.l96.0.2","457502","42c6b2f22a55e690e9789f3447c30b493bc6ad5332e9dc0e434eff18f753fbc2"
"models/crf/euk/model.seq.w15.s0.009.l96.0.3","457450","0fadef52b7a21f6907d335a5bbd1063842f63bb6aab11a0e65ec623bbb8a803d"
"models/crf/euk/model.seq.w15.s0.009.l96.1.0","457370","4111bb57aabdea4566c9c738728d76cb77c49889b68ed55fa991cd6ea2d79962"
"models/crf/euk/model.seq.w15.s0.009.l96.1.1","457449","c49ed6bea3b107b5f4e931a47782c576c8b48544425a49563b9dc91f5764b975"
"models/crf/euk/model.seq.w15.s0.009.l96.1.2","457405","9b86ac30eef804593b99f3d3041dd7f5f582cf77a96a6c3d53ee522f62a40bee"
"models/crf/euk/model.seq.w15.s0.009.l96.1.3","457229","23b548c9a8da7ff273c493edfa77cb341fcca476729e9f3a0e2ad8dbc3f29a66"
"models/crf/euk/model.seq.w15.s0.009.l96.2.0","457504","fbe66bd6fa865d36d8ada75fd40e4f492aaa5b8a50bbe8034a85b71b8c4f87d3"
"models/crf/euk/model.seq.w15.s0.009.l96.2.1","457447","8e6a6a49f5cd3c27c0ce1374ccb43050bc3d07b635feffa3e7f8c6287ab91d8c"
"models/crf/euk/model.seq.w15.s0.009.l96.2.2","457510","4e3968eaaff73c176d0e20539c9ffac3e7980493a0b4be383f8a53bb7979bebb"
"models/crf/euk/model.seq.w15.s0.009.l96.2.3","457431","def82b925a9c2c22da37e19254bd38b618ec243089d281c0ace70777c0181dbd"
"models/crf/euk/model.seq.w15.s0.009.l96.3.0","457516","d94b190b61a77f2b4d8493c72fed0eb03676cc4e3a20cf8d41345200a3f53d6b"
"models/crf/euk/model.seq.w15.s0.009.l96.3.1","457398","ecb22c0103179f7e6db1453b618fdf47fb6ef8b462f0296a93c588f7ef5ed306"
"models/crf/euk/model.seq.w15.s0.009.l96.3.2","457494","95a9306f9afd06f2c9a2edc919abae33e3959fa1733361a45ced9b467421551e"
"models/crf/euk/model.seq.w15.s0.009.l96.3.3","457403","3dff147eaac7a32212670a3df5614777bd4b8bcadb9c4a82cc86b70e30b786da"
"models/crf/euk/model.seq.w15.s0.009.l96.4.0","457445","348483ba22377fbf565958e052857f19329017b02fedb341d53965e2b75f3ec9"
"models/crf/euk/model.seq.w15.s0.009.l96.4.1","457223","215efb9483f9d4e906f2c061a855975925b5211a5426993a33ea6bc8fdc59155"
"models/crf/euk/model.seq.w15.s0.009.l96.4.2","457431","3149c2c7cf092e42fa304f4054c04b6f09e19bf04ded61c9ba9868d170a594d4"
"models/crf/euk/model.seq.w15.s0.009.l96.4.3","457405","a352362532f2fbb321a4fabb20bd02d27ddeddba14b2468eef66bd2c808e8f38"
"models/dnn/euk/model.3cl.w13.f16-32-64.k128.l96.1.0.txt.arch.json","5300","04b7e3861431978398b4d9f706ca495556086e113ffb895505095ca44aa50a4d"
"models/dnn/euk/model.3cl.w13.f16-32-64.k128.l96.1.0.txt.hdf5","572248","c8c68e1caf18888765c2f854ed7908b2759bc8f3080814b2515648c33c471c90"
"models/dnn/euk/model.3cl.w13.f16-32-64.k128.l96.1.1.txt.arch.json","5300","04b7e3861431978398b4d9f706ca495556086e113ffb895505095ca44aa50a4d"
"models/dnn/euk/model.3cl.w13.f16-32-64.k128.l96.1.1.txt.hdf5","572248","a3050abdf3788c7c9b7a1a84c6ec1eb49d5801af19d0ef2b2b30b499777a4baa"
"models/dnn/euk/model.3cl.w13.f16-32-64.k128.l96.1.2.txt.arch.json","5300","04b7e3861431978398b4d9f706ca495556086e113ffb895505095ca44aa50a4d"
"models/dnn/euk/model.3cl.w13.f16-32-64.k128.l96.1.2.txt.hdf5","572248","1d845de6ec7e1ce50ba9e1f64aa59b2847420458a5008b100a802e557919aacc"
"models/dnn/euk/model.3cl.w13.f16-32-64.k128.l96.1.3.txt.arch.json","5300","04b7e3861431978398b4d9f706ca495556086e113ffb895505095ca44aa50a4d"
"models/dnn/euk/model.3cl.w13.f16-32-64.k128.l96.1.3.txt.hdf5","572248","8af85bc8a28496218986c8d67ac8bd460709f765be8609e2e51c02550bffafcb"
"models/dnn/euk/model.3cl.w13.f16-32-64.k128.l96.3.0.txt.arch.json","5300","04b7e3861431978398b4d9f706ca495556086e113ffb895505095ca44aa50a4d"
"models/dnn/euk/model.3cl.w13.f16-32-64.k128.l96.3.0.txt.hdf5","572248","6ab4a8d803a2dfdf39afc63691020c3adfca4a321be11e270e75a0261a2095e7"
"models/dnn/euk/model.3cl.w13.f16-32-64.k128.l96.3.1.txt.arch.json","5300","04b7e3861431978398b4d9f706ca495556086e113ffb895505095ca44aa50a4d"
"models/dnn/euk/model.3cl.w13.f16-32-64.k128.l96.3.1.txt.hdf5","572248","4f39bf1fcee68e678961a68ffff139702fe0787831ae40e0831b9d4c871108c2"
"models/dnn/euk/model.3cl.w13.f16-32-64.k128.l96.3.2.txt.arch.json","5300","04b7e3861431978398b4d9f706ca495556086e113ffb895505095ca44aa50a4d"
"models/dnn/euk/model.3cl.w13.f16-32-64.k128.l96.3.2.txt.hdf5","572248","c834ad4a2fe42b519dcbe08dd5910472be4a1d952e95dfd8065600eb575aa0a3"
"models/dnn/euk/model.3cl.w13.f16-32-64.k128.l96.3.3.txt.arch.json","5300","04b7e3861431978398b4d9f706ca495556086e113ffb895505095ca44aa50a4d"
"models/dnn/euk/model.3cl.w13.f16-32-64.k128.l96.3.3.txt.hdf5","572248","54707b8bffe30f480d18599749b99c860b53777f74c889194c613ba905435483"
"models/dnn/euk/model.3cl.w13.f16-32-64.k16.l96.0.0.txt.arch.json","5299","cf6a0cf59d13b2dbbda68c4002a026115934773507ce4e8d7852a1d24a82d25f"
"models/dnn/euk/model.3cl.w13.f16-32-64.k16.l96.0.0.txt.hdf5","226136","7ddfa9f26ae6bb3a3d51d2d6aeeb89d0bb3c7671c784f970a7ffcff0837861e2"
"models/dnn/euk/model.3cl.w13.f16-32-64.k16.l96.0.1.txt.arch.json","5299","cf6a0cf59d13b2dbbda68c4002a026115934773507ce4e8d7852a1d24a82d25f"
"models/dnn/euk/model.3cl.w13.f16-32-64.k16.l96.0.1.txt.hdf5","226136","94067543178e5ba2de736c78de38646c8c046115988196f162bf6413bdb8f1b8"
"models/dnn/euk/model.3cl.w13.f16-32-64.k16.l96.0.2.txt.arch.json","5299","cf6a0cf59d13b2dbbda68c4002a026115934773507ce4e8d7852a1d24a82d25f"
"models/dnn/euk/model.3cl.w13.f16-32-64.k16.l96.0.2.txt.hdf5","226136","51b4f0b8e7e0f7b113376776a4e495ac9b8b109085a4df94fe88237954196e16"
"models/dnn/euk/model.3cl.w13.f16-32-64.k16.l96.0.3.txt.arch.json","5299","cf6a0cf59d13b2dbbda68c4002a026115934773507ce4e8d7852a1d24a82d25f"
"models/dnn/euk/model.3cl.w13.f16-32-64.k16.l96.0.3.txt.hdf5","226136","22fd26ae94b7fea235a9a4110842f00c2addb767a1a5eb68c781f8ca4cd4f437"
"models/dnn/euk/model.3cl.w13.f16-32-64.k16.l96.2.0.txt.arch.json","5299","cf6a0cf59d13b2dbbda68c4002a026115934773507ce4e8d7852a1d24a82d25f"
"models/dnn/euk/model.3cl.w13.f16-32-64.k16.l96.2.0.txt.hdf5","226136","658950d26ee334ee9b984fb53dc2321d3d678f43c2d70e37c6dd147e385e29dc"
"models/dnn/euk/model.3cl.w13.f16-32-64.k16.l96.2.1.txt.arch.json","5299","cf6a0cf59d13b2dbbda68c4002a026115934773507ce4e8d7852a1d24a82d25f"
"models/dnn/euk/model.3cl.w13.f16-32-64.k16.l96.2.1.txt.hdf5","226136","736b8216e2f1144a7aa8bb27b24df0558c0b489eb81dd4f9b327cfb77802401a"
"models/dnn/euk/model.3cl.w13.f16-32-64.k16.l96.2.2.txt.arch.json","5299","cf6a0cf59d13b2dbbda68c4002a026115934773507ce4e8d7852a1d24a82d25f"
"models/dnn/euk/model.3cl.w13.f16-32-64.k16.l96.2.2.txt.hdf5","226136","d94f9acf8bfcb59ecc5d8ba230271ed06d7754f5bdafc59470c2b03f6b59bea2"
"models/dnn/euk/model.3cl.w13.f16-32-64.k16.l96.2.3.txt.arch.json","5299","cf6a0cf59d13b2dbbda68c4002a026115934773507ce4e8d7852a1d24a82d25f"
"models/dnn/euk/model.3cl.w13.f16-32-64.k16.l96.2.3.txt.hdf5","226136","6912d9de29578c43ab2ecdf00778a80f1b0556297c4e4736306c1df8e27bdbd5"
"models/dnn/euk/model.3cl.w13.f16-32-64.k64.l96.4.0.txt.arch.json","5299","83a912c6fe6386f04bd683590d3743fa340fb9cc6ee23c5c31dd3f197c0e4099"
"models/dnn/euk/model.3cl.w13.f16-32-64.k64.l96.4.0.txt.hdf5","373592","cfc4890bdc982bedd0e1f2f0c30c953c9ef7bb06e1103890d606649d5325165c"
"models/dnn/euk/model.3cl.w13.f16-32-64.k64.l96.4.1.txt.arch.json","5299","83a912c6fe6386f04bd683590d3743fa340fb9cc6ee23c5c31dd3f197c0e4099"
"models/dnn/euk/model.3cl.w13.f16-32-64.k64.l96.4.1.txt.hdf5","373592","d850f97a9d115da6bda4b76f01fc6408ac2152a6200c1f75c6135d6be887aeb6"
"models/dnn/euk/model.3cl.w13.f16-32-64.k64.l96.4.2.txt.arch.json","5299","83a912c6fe6386f04bd683590d3743fa340fb9cc6ee23c5c31dd3f197c0e4099"
"models/dnn/euk/model.3cl.w13.f16-32-64.k64.l96.4.2.txt.hdf5","373592","d35e3f68caabf216acdbe3abe6ae8a4256e0296eda30c0a9c6f691784bb3bd4c"
"models/dnn/euk/model.3cl.w13.f16-32-64.k64.l96.4.3.txt.arch.json","5299","83a912c6fe6386f04bd683590d3743fa340fb9cc6ee23c5c31dd3f197c0e4099"
"models/dnn/euk/model.3cl.w13.f16-32-64.k64.l96.4.3.txt.hdf5","373592","d7a866f121fb3130461fec6a1cb6d0ec50168a9987f9d0aa0f248b88ce2a9380"
