construct,local_position,project_position,amino_acid,condition,seed,source_path,native_local_position,immunogen_local_position
Full181,1,1,M,input_contract,NA,D:\IL-24(teeth）\phase2_release\data\IL24_full_1_181.fasta,NA,NA
Full181,2,2,S,input_contract,NA,D:\IL-24(teeth）\phase2_release\data\IL24_full_1_181.fasta,NA,NA
Full181,3,3,W,input_contract,NA,D:\IL-24(teeth）\phase2_release\data\IL24_full_1_181.fasta,NA,NA
Full181,4,4,G,input_contract,NA,D:\IL-24(teeth）\phase2_release\data\IL24_full_1_181.fasta,NA,NA
Full181,5,5,L,input_contract,NA,D:\IL-24(teeth）\phase2_release\data\IL24_full_1_181.fasta,NA,NA
Full181,6,6,Q,input_contract,NA,D:\IL-24(teeth）\phase2_release\data\IL24_full_1_181.fasta,NA,NA
Full181,7,7,I,input_contract,NA,D:\IL-24(teeth）\phase2_release\data\IL24_full_1_181.fasta,NA,NA
Full181,8,8,L,input_contract,NA,D:\IL-24(teeth）\phase2_release\data\IL24_full_1_181.fasta,NA,NA
Full181,9,9,P,input_contract,NA,D:\IL-24(teeth）\phase2_release\data\IL24_full_1_181.fasta,NA,NA
Full181,10,10,C,input_contract,NA,D:\IL-24(teeth）\phase2_release\data\IL24_full_1_181.fasta,NA,NA
Full181,11,11,L,input_contract,NA,D:\IL-24(teeth）\phase2_release\data\IL24_full_1_181.fasta,NA,NA
Full181,12,12,S,input_contract,NA,D:\IL-24(teeth）\phase2_release\data\IL24_full_1_181.fasta,NA,NA
Full181,13,13,L,input_contract,NA,D:\IL-24(teeth）\phase2_release\data\IL24_full_1_181.fasta,NA,NA
Full181,14,14,I,input_contract,NA,D:\IL-24(teeth）\phase2_release\data\IL24_full_1_181.fasta,NA,NA
Full181,15,15,L,input_contract,NA,D:\IL-24(teeth）\phase2_release\data\IL24_full_1_181.fasta,NA,NA
Full181,16,16,L,input_contract,NA,D:\IL-24(teeth）\phase2_release\data\IL24_full_1_181.fasta,NA,NA
Full181,17,17,L,input_contract,NA,D:\IL-24(teeth）\phase2_release\data\IL24_full_1_181.fasta,NA,NA
Full181,18,18,W,input_contract,NA,D:\IL-24(teeth）\phase2_release\data\IL24_full_1_181.fasta,NA,NA
Full181,19,19,N,input_contract,NA,D:\IL-24(teeth）\phase2_release\data\IL24_full_1_181.fasta,NA,NA
Full181,20,20,Q,input_contract,NA,D:\IL-24(teeth）\phase2_release\data\IL24_full_1_181.fasta,NA,NA
Full181,21,21,V,input_contract,NA,D:\IL-24(teeth）\phase2_release\data\IL24_full_1_181.fasta,NA,NA
Full181,22,22,P,input_contract,NA,D:\IL-24(teeth）\phase2_release\data\IL24_full_1_181.fasta,NA,NA
Full181,23,23,G,input_contract,NA,D:\IL-24(teeth）\phase2_release\data\IL24_full_1_181.fasta,NA,NA
Full181,24,24,L,input_contract,NA,D:\IL-24(teeth）\phase2_release\data\IL24_full_1_181.fasta,NA,NA
Full181,25,25,E,input_contract,NA,D:\IL-24(teeth）\phase2_release\data\IL24_full_1_181.fasta,NA,NA
Full181,26,26,G,input_contract,NA,D:\IL-24(teeth）\phase2_release\data\IL24_full_1_181.fasta,NA,NA
Full181,27,27,Q,input_contract,NA,D:\IL-24(teeth）\phase2_release\data\IL24_full_1_181.fasta,1,1
Full181,28,28,E,input_contract,NA,D:\IL-24(teeth）\phase2_release\data\IL24_full_1_181.fasta,2,2
Full181,29,29,F,input_contract,NA,D:\IL-24(teeth）\phase2_release\data\IL24_full_1_181.fasta,3,3
Full181,30,30,R,input_contract,NA,D:\IL-24(teeth）\phase2_release\data\IL24_full_1_181.fasta,4,4
Full181,31,31,S,input_contract,NA,D:\IL-24(teeth）\phase2_release\data\IL24_full_1_181.fasta,5,5
Full181,32,32,G,input_contract,NA,D:\IL-24(teeth）\phase2_release\data\IL24_full_1_181.fasta,6,6
Full181,33,33,S,input_contract,NA,D:\IL-24(teeth）\phase2_release\data\IL24_full_1_181.fasta,7,7
Full181,34,34,C,input_contract,NA,D:\IL-24(teeth）\phase2_release\data\IL24_full_1_181.fasta,8,8
Full181,35,35,Q,input_contract,NA,D:\IL-24(teeth）\phase2_release\data\IL24_full_1_181.fasta,9,9
Full181,36,36,V,input_contract,NA,D:\IL-24(teeth）\phase2_release\data\IL24_full_1_181.fasta,10,10
Full181,37,37,T,input_contract,NA,D:\IL-24(teeth）\phase2_release\data\IL24_full_1_181.fasta,11,11
Full181,38,38,G,input_contract,NA,D:\IL-24(teeth）\phase2_release\data\IL24_full_1_181.fasta,12,12
Full181,39,39,V,input_contract,NA,D:\IL-24(teeth）\phase2_release\data\IL24_full_1_181.fasta,13,13
Full181,40,40,V,input_contract,NA,D:\IL-24(teeth）\phase2_release\data\IL24_full_1_181.fasta,14,14
Full181,41,41,L,input_contract,NA,D:\IL-24(teeth）\phase2_release\data\IL24_full_1_181.fasta,15,15
Full181,42,42,P,input_contract,NA,D:\IL-24(teeth）\phase2_release\data\IL24_full_1_181.fasta,16,16
Full181,43,43,E,input_contract,NA,D:\IL-24(teeth）\phase2_release\data\IL24_full_1_181.fasta,17,17
Full181,44,44,L,input_contract,NA,D:\IL-24(teeth）\phase2_release\data\IL24_full_1_181.fasta,18,18
Full181,45,45,W,input_contract,NA,D:\IL-24(teeth）\phase2_release\data\IL24_full_1_181.fasta,19,19
Full181,46,46,E,input_contract,NA,D:\IL-24(teeth）\phase2_release\data\IL24_full_1_181.fasta,20,20
Full181,47,47,A,input_contract,NA,D:\IL-24(teeth）\phase2_release\data\IL24_full_1_181.fasta,21,21
Full181,48,48,F,input_contract,NA,D:\IL-24(teeth）\phase2_release\data\IL24_full_1_181.fasta,22,22
Full181,49,49,W,input_contract,NA,D:\IL-24(teeth）\phase2_release\data\IL24_full_1_181.fasta,23,23
Full181,50,50,T,input_contract,NA,D:\IL-24(teeth）\phase2_release\data\IL24_full_1_181.fasta,24,24
Full181,51,51,V,input_contract,NA,D:\IL-24(teeth）\phase2_release\data\IL24_full_1_181.fasta,25,25
Full181,52,52,K,input_contract,NA,D:\IL-24(teeth）\phase2_release\data\IL24_full_1_181.fasta,26,26
Full181,53,53,N,input_contract,NA,D:\IL-24(teeth）\phase2_release\data\IL24_full_1_181.fasta,27,27
Full181,54,54,T,input_contract,NA,D:\IL-24(teeth）\phase2_release\data\IL24_full_1_181.fasta,28,28
Full181,55,55,V,input_contract,NA,D:\IL-24(teeth）\phase2_release\data\IL24_full_1_181.fasta,29,29
Full181,56,56,Q,input_contract,NA,D:\IL-24(teeth）\phase2_release\data\IL24_full_1_181.fasta,30,30
Full181,57,57,T,input_contract,NA,D:\IL-24(teeth）\phase2_release\data\IL24_full_1_181.fasta,31,31
Full181,58,58,Q,input_contract,NA,D:\IL-24(teeth）\phase2_release\data\IL24_full_1_181.fasta,32,32
Full181,59,59,D,input_contract,NA,D:\IL-24(teeth）\phase2_release\data\IL24_full_1_181.fasta,33,33
Full181,60,60,D,input_contract,NA,D:\IL-24(teeth）\phase2_release\data\IL24_full_1_181.fasta,34,34
Full181,61,61,I,input_contract,NA,D:\IL-24(teeth）\phase2_release\data\IL24_full_1_181.fasta,35,35
Full181,62,62,T,input_contract,NA,D:\IL-24(teeth）\phase2_release\data\IL24_full_1_181.fasta,36,36
Full181,63,63,S,input_contract,NA,D:\IL-24(teeth）\phase2_release\data\IL24_full_1_181.fasta,37,37
Full181,64,64,I,input_contract,NA,D:\IL-24(teeth）\phase2_release\data\IL24_full_1_181.fasta,38,38
Full181,65,65,R,input_contract,NA,D:\IL-24(teeth）\phase2_release\data\IL24_full_1_181.fasta,39,39
Full181,66,66,L,input_contract,NA,D:\IL-24(teeth）\phase2_release\data\IL24_full_1_181.fasta,40,40
Full181,67,67,L,input_contract,NA,D:\IL-24(teeth）\phase2_release\data\IL24_full_1_181.fasta,41,41
Full181,68,68,K,input_contract,NA,D:\IL-24(teeth）\phase2_release\data\IL24_full_1_181.fasta,42,42
Full181,69,69,P,input_contract,NA,D:\IL-24(teeth）\phase2_release\data\IL24_full_1_181.fasta,43,43
Full181,70,70,Q,input_contract,NA,D:\IL-24(teeth）\phase2_release\data\IL24_full_1_181.fasta,44,44
Full181,71,71,V,input_contract,NA,D:\IL-24(teeth）\phase2_release\data\IL24_full_1_181.fasta,45,45
Full181,72,72,L,input_contract,NA,D:\IL-24(teeth）\phase2_release\data\IL24_full_1_181.fasta,46,46
Full181,73,73,R,input_contract,NA,D:\IL-24(teeth）\phase2_release\data\IL24_full_1_181.fasta,47,47
Full181,74,74,N,input_contract,NA,D:\IL-24(teeth）\phase2_release\data\IL24_full_1_181.fasta,48,48
Full181,75,75,V,input_contract,NA,D:\IL-24(teeth）\phase2_release\data\IL24_full_1_181.fasta,49,49
Full181,76,76,S,input_contract,NA,D:\IL-24(teeth）\phase2_release\data\IL24_full_1_181.fasta,50,50
Full181,77,77,G,input_contract,NA,D:\IL-24(teeth）\phase2_release\data\IL24_full_1_181.fasta,51,51
Full181,78,78,A,input_contract,NA,D:\IL-24(teeth）\phase2_release\data\IL24_full_1_181.fasta,52,52
Full181,79,79,E,input_contract,NA,D:\IL-24(teeth）\phase2_release\data\IL24_full_1_181.fasta,53,53
Full181,80,80,S,input_contract,NA,D:\IL-24(teeth）\phase2_release\data\IL24_full_1_181.fasta,54,54
Full181,81,81,C,input_contract,NA,D:\IL-24(teeth）\phase2_release\data\IL24_full_1_181.fasta,55,55
Full181,82,82,Y,input_contract,NA,D:\IL-24(teeth）\phase2_release\data\IL24_full_1_181.fasta,56,56
Full181,83,83,L,input_contract,NA,D:\IL-24(teeth）\phase2_release\data\IL24_full_1_181.fasta,57,57
Full181,84,84,A,input_contract,NA,D:\IL-24(teeth）\phase2_release\data\IL24_full_1_181.fasta,58,58
Full181,85,85,H,input_contract,NA,D:\IL-24(teeth）\phase2_release\data\IL24_full_1_181.fasta,59,59
Full181,86,86,S,input_contract,NA,D:\IL-24(teeth）\phase2_release\data\IL24_full_1_181.fasta,60,60
Full181,87,87,L,input_contract,NA,D:\IL-24(teeth）\phase2_release\data\IL24_full_1_181.fasta,61,61
Full181,88,88,L,input_contract,NA,D:\IL-24(teeth）\phase2_release\data\IL24_full_1_181.fasta,62,62
Full181,89,89,K,input_contract,NA,D:\IL-24(teeth）\phase2_release\data\IL24_full_1_181.fasta,63,63
Full181,90,90,F,input_contract,NA,D:\IL-24(teeth）\phase2_release\data\IL24_full_1_181.fasta,64,64
Full181,91,91,Y,input_contract,NA,D:\IL-24(teeth）\phase2_release\data\IL24_full_1_181.fasta,65,65
Full181,92,92,L,input_contract,NA,D:\IL-24(teeth）\phase2_release\data\IL24_full_1_181.fasta,66,66
Full181,93,93,N,input_contract,NA,D:\IL-24(teeth）\phase2_release\data\IL24_full_1_181.fasta,67,67
Full181,94,94,T,input_contract,NA,D:\IL-24(teeth）\phase2_release\data\IL24_full_1_181.fasta,68,68
Full181,95,95,V,input_contract,NA,D:\IL-24(teeth）\phase2_release\data\IL24_full_1_181.fasta,69,69
Full181,96,96,F,input_contract,NA,D:\IL-24(teeth）\phase2_release\data\IL24_full_1_181.fasta,70,70
Full181,97,97,K,input_contract,NA,D:\IL-24(teeth）\phase2_release\data\IL24_full_1_181.fasta,71,71
Full181,98,98,N,input_contract,NA,D:\IL-24(teeth）\phase2_release\data\IL24_full_1_181.fasta,72,72
Full181,99,99,Y,input_contract,NA,D:\IL-24(teeth）\phase2_release\data\IL24_full_1_181.fasta,73,73
Full181,100,100,H,input_contract,NA,D:\IL-24(teeth）\phase2_release\data\IL24_full_1_181.fasta,74,74
Full181,101,101,S,input_contract,NA,D:\IL-24(teeth）\phase2_release\data\IL24_full_1_181.fasta,75,75
Full181,102,102,K,input_contract,NA,D:\IL-24(teeth）\phase2_release\data\IL24_full_1_181.fasta,76,76
Full181,103,103,I,input_contract,NA,D:\IL-24(teeth）\phase2_release\data\IL24_full_1_181.fasta,77,77
Full181,104,104,A,input_contract,NA,D:\IL-24(teeth）\phase2_release\data\IL24_full_1_181.fasta,78,78
Full181,105,105,K,input_contract,NA,D:\IL-24(teeth）\phase2_release\data\IL24_full_1_181.fasta,79,79
Full181,106,106,F,input_contract,NA,D:\IL-24(teeth）\phase2_release\data\IL24_full_1_181.fasta,80,80
Full181,107,107,K,input_contract,NA,D:\IL-24(teeth）\phase2_release\data\IL24_full_1_181.fasta,81,81
Full181,108,108,V,input_contract,NA,D:\IL-24(teeth）\phase2_release\data\IL24_full_1_181.fasta,82,82
Full181,109,109,L,input_contract,NA,D:\IL-24(teeth）\phase2_release\data\IL24_full_1_181.fasta,83,83
Full181,110,110,R,input_contract,NA,D:\IL-24(teeth）\phase2_release\data\IL24_full_1_181.fasta,84,84
Full181,111,111,S,input_contract,NA,D:\IL-24(teeth）\phase2_release\data\IL24_full_1_181.fasta,85,85
Full181,112,112,F,input_contract,NA,D:\IL-24(teeth）\phase2_release\data\IL24_full_1_181.fasta,86,86
Full181,113,113,S,input_contract,NA,D:\IL-24(teeth）\phase2_release\data\IL24_full_1_181.fasta,87,87
Full181,114,114,T,input_contract,NA,D:\IL-24(teeth）\phase2_release\data\IL24_full_1_181.fasta,88,88
Full181,115,115,L,input_contract,NA,D:\IL-24(teeth）\phase2_release\data\IL24_full_1_181.fasta,89,89
Full181,116,116,A,input_contract,NA,D:\IL-24(teeth）\phase2_release\data\IL24_full_1_181.fasta,90,90
Full181,117,117,N,input_contract,NA,D:\IL-24(teeth）\phase2_release\data\IL24_full_1_181.fasta,91,91
Full181,118,118,N,input_contract,NA,D:\IL-24(teeth）\phase2_release\data\IL24_full_1_181.fasta,92,92
Full181,119,119,F,input_contract,NA,D:\IL-24(teeth）\phase2_release\data\IL24_full_1_181.fasta,93,93
Full181,120,120,I,input_contract,NA,D:\IL-24(teeth）\phase2_release\data\IL24_full_1_181.fasta,94,94
Full181,121,121,V,input_contract,NA,D:\IL-24(teeth）\phase2_release\data\IL24_full_1_181.fasta,95,95
Full181,122,122,I,input_contract,NA,D:\IL-24(teeth）\phase2_release\data\IL24_full_1_181.fasta,96,96
Full181,123,123,M,input_contract,NA,D:\IL-24(teeth）\phase2_release\data\IL24_full_1_181.fasta,97,97
Full181,124,124,S,input_contract,NA,D:\IL-24(teeth）\phase2_release\data\IL24_full_1_181.fasta,98,98
Full181,125,125,Q,input_contract,NA,D:\IL-24(teeth）\phase2_release\data\IL24_full_1_181.fasta,99,99
Full181,126,126,L,input_contract,NA,D:\IL-24(teeth）\phase2_release\data\IL24_full_1_181.fasta,100,100
Full181,127,127,Q,input_contract,NA,D:\IL-24(teeth）\phase2_release\data\IL24_full_1_181.fasta,101,101
Full181,128,128,P,input_contract,NA,D:\IL-24(teeth）\phase2_release\data\IL24_full_1_181.fasta,102,102
Full181,129,129,S,input_contract,NA,D:\IL-24(teeth）\phase2_release\data\IL24_full_1_181.fasta,103,103
Full181,130,130,K,input_contract,NA,D:\IL-24(teeth）\phase2_release\data\IL24_full_1_181.fasta,104,104
Full181,131,131,D,input_contract,NA,D:\IL-24(teeth）\phase2_release\data\IL24_full_1_181.fasta,105,105
Full181,132,132,N,input_contract,NA,D:\IL-24(teeth）\phase2_release\data\IL24_full_1_181.fasta,106,106
Full181,133,133,S,input_contract,NA,D:\IL-24(teeth）\phase2_release\data\IL24_full_1_181.fasta,107,107
Full181,134,134,M,input_contract,NA,D:\IL-24(teeth）\phase2_release\data\IL24_full_1_181.fasta,108,108
Full181,135,135,L,input_contract,NA,D:\IL-24(teeth）\phase2_release\data\IL24_full_1_181.fasta,109,109
Full181,136,136,P,input_contract,NA,D:\IL-24(teeth）\phase2_release\data\IL24_full_1_181.fasta,110,110
Full181,137,137,I,input_contract,NA,D:\IL-24(teeth）\phase2_release\data\IL24_full_1_181.fasta,111,111
Full181,138,138,S,input_contract,NA,D:\IL-24(teeth）\phase2_release\data\IL24_full_1_181.fasta,112,112
Full181,139,139,E,input_contract,NA,D:\IL-24(teeth）\phase2_release\data\IL24_full_1_181.fasta,113,113
Full181,140,140,S,input_contract,NA,D:\IL-24(teeth）\phase2_release\data\IL24_full_1_181.fasta,114,114
Full181,141,141,A,input_contract,NA,D:\IL-24(teeth）\phase2_release\data\IL24_full_1_181.fasta,115,115
Full181,142,142,H,input_contract,NA,D:\IL-24(teeth）\phase2_release\data\IL24_full_1_181.fasta,116,116
Full181,143,143,Q,input_contract,NA,D:\IL-24(teeth）\phase2_release\data\IL24_full_1_181.fasta,117,117
Full181,144,144,R,input_contract,NA,D:\IL-24(teeth）\phase2_release\data\IL24_full_1_181.fasta,118,118
Full181,145,145,F,input_contract,NA,D:\IL-24(teeth）\phase2_release\data\IL24_full_1_181.fasta,119,119
Full181,146,146,L,input_contract,NA,D:\IL-24(teeth）\phase2_release\data\IL24_full_1_181.fasta,120,120
Full181,147,147,L,input_contract,NA,D:\IL-24(teeth）\phase2_release\data\IL24_full_1_181.fasta,121,121
Full181,148,148,F,input_contract,NA,D:\IL-24(teeth）\phase2_release\data\IL24_full_1_181.fasta,122,122
Full181,149,149,R,input_contract,NA,D:\IL-24(teeth）\phase2_release\data\IL24_full_1_181.fasta,123,123
Full181,150,150,R,input_contract,NA,D:\IL-24(teeth）\phase2_release\data\IL24_full_1_181.fasta,124,124
Full181,151,151,A,input_contract,NA,D:\IL-24(teeth）\phase2_release\data\IL24_full_1_181.fasta,125,125
Full181,152,152,F,input_contract,NA,D:\IL-24(teeth）\phase2_release\data\IL24_full_1_181.fasta,126,126
Full181,153,153,K,input_contract,NA,D:\IL-24(teeth）\phase2_release\data\IL24_full_1_181.fasta,127,127
Full181,154,154,Q,input_contract,NA,D:\IL-24(teeth）\phase2_release\data\IL24_full_1_181.fasta,128,128
Full181,155,155,L,input_contract,NA,D:\IL-24(teeth）\phase2_release\data\IL24_full_1_181.fasta,129,129
Full181,156,156,D,input_contract,NA,D:\IL-24(teeth）\phase2_release\data\IL24_full_1_181.fasta,130,130
Full181,157,157,T,input_contract,NA,D:\IL-24(teeth）\phase2_release\data\IL24_full_1_181.fasta,131,131
Full181,158,158,E,input_contract,NA,D:\IL-24(teeth）\phase2_release\data\IL24_full_1_181.fasta,132,132
Full181,159,159,V,input_contract,NA,D:\IL-24(teeth）\phase2_release\data\IL24_full_1_181.fasta,133,133
Full181,160,160,A,input_contract,NA,D:\IL-24(teeth）\phase2_release\data\IL24_full_1_181.fasta,134,134
Full181,161,161,L,input_contract,NA,D:\IL-24(teeth）\phase2_release\data\IL24_full_1_181.fasta,135,NA
Full181,162,162,V,input_contract,NA,D:\IL-24(teeth）\phase2_release\data\IL24_full_1_181.fasta,136,NA
Full181,163,163,K,input_contract,NA,D:\IL-24(teeth）\phase2_release\data\IL24_full_1_181.fasta,137,NA
Full181,164,164,A,input_contract,NA,D:\IL-24(teeth）\phase2_release\data\IL24_full_1_181.fasta,138,NA
Full181,165,165,F,input_contract,NA,D:\IL-24(teeth）\phase2_release\data\IL24_full_1_181.fasta,139,NA
Full181,166,166,G,input_contract,NA,D:\IL-24(teeth）\phase2_release\data\IL24_full_1_181.fasta,140,NA
Full181,167,167,E,input_contract,NA,D:\IL-24(teeth）\phase2_release\data\IL24_full_1_181.fasta,141,NA
Full181,168,168,V,input_contract,NA,D:\IL-24(teeth）\phase2_release\data\IL24_full_1_181.fasta,142,NA
Full181,169,169,D,input_contract,NA,D:\IL-24(teeth）\phase2_release\data\IL24_full_1_181.fasta,143,NA
Full181,170,170,I,input_contract,NA,D:\IL-24(teeth）\phase2_release\data\IL24_full_1_181.fasta,144,NA
Full181,171,171,L,input_contract,NA,D:\IL-24(teeth）\phase2_release\data\IL24_full_1_181.fasta,145,NA
Full181,172,172,L,input_contract,NA,D:\IL-24(teeth）\phase2_release\data\IL24_full_1_181.fasta,146,NA
Full181,173,173,T,input_contract,NA,D:\IL-24(teeth）\phase2_release\data\IL24_full_1_181.fasta,147,NA
Full181,174,174,W,input_contract,NA,D:\IL-24(teeth）\phase2_release\data\IL24_full_1_181.fasta,148,NA
Full181,175,175,M,input_contract,NA,D:\IL-24(teeth）\phase2_release\data\IL24_full_1_181.fasta,149,NA
Full181,176,176,Q,input_contract,NA,D:\IL-24(teeth）\phase2_release\data\IL24_full_1_181.fasta,150,NA
Full181,177,177,K,input_contract,NA,D:\IL-24(teeth）\phase2_release\data\IL24_full_1_181.fasta,151,NA
Full181,178,178,F,input_contract,NA,D:\IL-24(teeth）\phase2_release\data\IL24_full_1_181.fasta,152,NA
Full181,179,179,Y,input_contract,NA,D:\IL-24(teeth）\phase2_release\data\IL24_full_1_181.fasta,153,NA
Full181,180,180,H,input_contract,NA,D:\IL-24(teeth）\phase2_release\data\IL24_full_1_181.fasta,154,NA
Full181,181,181,L,input_contract,NA,D:\IL-24(teeth）\phase2_release\data\IL24_full_1_181.fasta,155,NA
