construct,local_position,project_position,amino_acid,condition,seed,source_path
Full181,1,1,M,input_contract,NA,D:\IL-24(teeth）\phase2_release\data\IL24_full_1_181.fasta
Full181,2,2,S,input_contract,NA,D:\IL-24(teeth）\phase2_release\data\IL24_full_1_181.fasta
Full181,3,3,W,input_contract,NA,D:\IL-24(teeth）\phase2_release\data\IL24_full_1_181.fasta
Full181,4,4,G,input_contract,NA,D:\IL-24(teeth）\phase2_release\data\IL24_full_1_181.fasta
Full181,5,5,L,input_contract,NA,D:\IL-24(teeth）\phase2_release\data\IL24_full_1_181.fasta
Full181,6,6,Q,input_contract,NA,D:\IL-24(teeth）\phase2_release\data\IL24_full_1_181.fasta
Full181,7,7,I,input_contract,NA,D:\IL-24(teeth）\phase2_release\data\IL24_full_1_181.fasta
Full181,8,8,L,input_contract,NA,D:\IL-24(teeth）\phase2_release\data\IL24_full_1_181.fasta
Full181,9,9,P,input_contract,NA,D:\IL-24(teeth）\phase2_release\data\IL24_full_1_181.fasta
Full181,10,10,C,input_contract,NA,D:\IL-24(teeth）\phase2_release\data\IL24_full_1_181.fasta
Full181,11,11,L,input_contract,NA,D:\IL-24(teeth）\phase2_release\data\IL24_full_1_181.fasta
Full181,12,12,S,input_contract,NA,D:\IL-24(teeth）\phase2_release\data\IL24_full_1_181.fasta
Full181,13,13,L,input_contract,NA,D:\IL-24(teeth）\phase2_release\data\IL24_full_1_181.fasta
Full181,14,14,I,input_contract,NA,D:\IL-24(teeth）\phase2_release\data\IL24_full_1_181.fasta
Full181,15,15,L,input_contract,NA,D:\IL-24(teeth）\phase2_release\data\IL24_full_1_181.fasta
Full181,16,16,L,input_contract,NA,D:\IL-24(teeth）\phase2_release\data\IL24_full_1_181.fasta
Full181,17,17,L,input_contract,NA,D:\IL-24(teeth）\phase2_release\data\IL24_full_1_181.fasta
Full181,18,18,W,input_contract,NA,D:\IL-24(teeth）\phase2_release\data\IL24_full_1_181.fasta
Full181,19,19,N,input_contract,NA,D:\IL-24(teeth）\phase2_release\data\IL24_full_1_181.fasta
Full181,20,20,Q,input_contract,NA,D:\IL-24(teeth）\phase2_release\data\IL24_full_1_181.fasta
Full181,21,21,V,input_contract,NA,D:\IL-24(teeth）\phase2_release\data\IL24_full_1_181.fasta
Full181,22,22,P,input_contract,NA,D:\IL-24(teeth）\phase2_release\data\IL24_full_1_181.fasta
Full181,23,23,G,input_contract,NA,D:\IL-24(teeth）\phase2_release\data\IL24_full_1_181.fasta
Full181,24,24,L,input_contract,NA,D:\IL-24(teeth）\phase2_release\data\IL24_full_1_181.fasta
Full181,25,25,E,input_contract,NA,D:\IL-24(teeth）\phase2_release\data\IL24_full_1_181.fasta
Full181,26,26,G,input_contract,NA,D:\IL-24(teeth）\phase2_release\data\IL24_full_1_181.fasta
Full181,27,27,Q,input_contract,NA,D:\IL-24(teeth）\phase2_release\data\IL24_full_1_181.fasta
Full181,28,28,E,input_contract,NA,D:\IL-24(teeth）\phase2_release\data\IL24_full_1_181.fasta
Full181,29,29,F,input_contract,NA,D:\IL-24(teeth）\phase2_release\data\IL24_full_1_181.fasta
Full181,30,30,R,input_contract,NA,D:\IL-24(teeth）\phase2_release\data\IL24_full_1_181.fasta
Full181,31,31,S,input_contract,NA,D:\IL-24(teeth）\phase2_release\data\IL24_full_1_181.fasta
Full181,32,32,G,input_contract,NA,D:\IL-24(teeth）\phase2_release\data\IL24_full_1_181.fasta
Full181,33,33,S,input_contract,NA,D:\IL-24(teeth）\phase2_release\data\IL24_full_1_181.fasta
Full181,34,34,C,input_contract,NA,D:\IL-24(teeth）\phase2_release\data\IL24_full_1_181.fasta
Full181,35,35,Q,input_contract,NA,D:\IL-24(teeth）\phase2_release\data\IL24_full_1_181.fasta
Full181,36,36,V,input_contract,NA,D:\IL-24(teeth）\phase2_release\data\IL24_full_1_181.fasta
Full181,37,37,T,input_contract,NA,D:\IL-24(teeth）\phase2_release\data\IL24_full_1_181.fasta
Full181,38,38,G,input_contract,NA,D:\IL-24(teeth）\phase2_release\data\IL24_full_1_181.fasta
Full181,39,39,V,input_contract,NA,D:\IL-24(teeth）\phase2_release\data\IL24_full_1_181.fasta
Full181,40,40,V,input_contract,NA,D:\IL-24(teeth）\phase2_release\data\IL24_full_1_181.fasta
Full181,41,41,L,input_contract,NA,D:\IL-24(teeth）\phase2_release\data\IL24_full_1_181.fasta
Full181,42,42,P,input_contract,NA,D:\IL-24(teeth）\phase2_release\data\IL24_full_1_181.fasta
Full181,43,43,E,input_contract,NA,D:\IL-24(teeth）\phase2_release\data\IL24_full_1_181.fasta
Full181,44,44,L,input_contract,NA,D:\IL-24(teeth）\phase2_release\data\IL24_full_1_181.fasta
Full181,45,45,W,input_contract,NA,D:\IL-24(teeth）\phase2_release\data\IL24_full_1_181.fasta
Full181,46,46,E,input_contract,NA,D:\IL-24(teeth）\phase2_release\data\IL24_full_1_181.fasta
Full181,47,47,A,input_contract,NA,D:\IL-24(teeth）\phase2_release\data\IL24_full_1_181.fasta
Full181,48,48,F,input_contract,NA,D:\IL-24(teeth）\phase2_release\data\IL24_full_1_181.fasta
Full181,49,49,W,input_contract,NA,D:\IL-24(teeth）\phase2_release\data\IL24_full_1_181.fasta
Full181,50,50,T,input_contract,NA,D:\IL-24(teeth）\phase2_release\data\IL24_full_1_181.fasta
Full181,51,51,V,input_contract,NA,D:\IL-24(teeth）\phase2_release\data\IL24_full_1_181.fasta
Full181,52,52,K,input_contract,NA,D:\IL-24(teeth）\phase2_release\data\IL24_full_1_181.fasta
Full181,53,53,N,input_contract,NA,D:\IL-24(teeth）\phase2_release\data\IL24_full_1_181.fasta
Full181,54,54,T,input_contract,NA,D:\IL-24(teeth）\phase2_release\data\IL24_full_1_181.fasta
Full181,55,55,V,input_contract,NA,D:\IL-24(teeth）\phase2_release\data\IL24_full_1_181.fasta
Full181,56,56,Q,input_contract,NA,D:\IL-24(teeth）\phase2_release\data\IL24_full_1_181.fasta
Full181,57,57,T,input_contract,NA,D:\IL-24(teeth）\phase2_release\data\IL24_full_1_181.fasta
Full181,58,58,Q,input_contract,NA,D:\IL-24(teeth）\phase2_release\data\IL24_full_1_181.fasta
Full181,59,59,D,input_contract,NA,D:\IL-24(teeth）\phase2_release\data\IL24_full_1_181.fasta
Full181,60,60,D,input_contract,NA,D:\IL-24(teeth）\phase2_release\data\IL24_full_1_181.fasta
Full181,61,61,I,input_contract,NA,D:\IL-24(teeth）\phase2_release\data\IL24_full_1_181.fasta
Full181,62,62,T,input_contract,NA,D:\IL-24(teeth）\phase2_release\data\IL24_full_1_181.fasta
Full181,63,63,S,input_contract,NA,D:\IL-24(teeth）\phase2_release\data\IL24_full_1_181.fasta
Full181,64,64,I,input_contract,NA,D:\IL-24(teeth）\phase2_release\data\IL24_full_1_181.fasta
Full181,65,65,R,input_contract,NA,D:\IL-24(teeth）\phase2_release\data\IL24_full_1_181.fasta
Full181,66,66,L,input_contract,NA,D:\IL-24(teeth）\phase2_release\data\IL24_full_1_181.fasta
Full181,67,67,L,input_contract,NA,D:\IL-24(teeth）\phase2_release\data\IL24_full_1_181.fasta
Full181,68,68,K,input_contract,NA,D:\IL-24(teeth）\phase2_release\data\IL24_full_1_181.fasta
Full181,69,69,P,input_contract,NA,D:\IL-24(teeth）\phase2_release\data\IL24_full_1_181.fasta
Full181,70,70,Q,input_contract,NA,D:\IL-24(teeth）\phase2_release\data\IL24_full_1_181.fasta
Full181,71,71,V,input_contract,NA,D:\IL-24(teeth）\phase2_release\data\IL24_full_1_181.fasta
Full181,72,72,L,input_contract,NA,D:\IL-24(teeth）\phase2_release\data\IL24_full_1_181.fasta
Full181,73,73,R,input_contract,NA,D:\IL-24(teeth）\phase2_release\data\IL24_full_1_181.fasta
Full181,74,74,N,input_contract,NA,D:\IL-24(teeth）\phase2_release\data\IL24_full_1_181.fasta
Full181,75,75,V,input_contract,NA,D:\IL-24(teeth）\phase2_release\data\IL24_full_1_181.fasta
Full181,76,76,S,input_contract,NA,D:\IL-24(teeth）\phase2_release\data\IL24_full_1_181.fasta
Full181,77,77,G,input_contract,NA,D:\IL-24(teeth）\phase2_release\data\IL24_full_1_181.fasta
Full181,78,78,A,input_contract,NA,D:\IL-24(teeth）\phase2_release\data\IL24_full_1_181.fasta
Full181,79,79,E,input_contract,NA,D:\IL-24(teeth）\phase2_release\data\IL24_full_1_181.fasta
Full181,80,80,S,input_contract,NA,D:\IL-24(teeth）\phase2_release\data\IL24_full_1_181.fasta
Full181,81,81,C,input_contract,NA,D:\IL-24(teeth）\phase2_release\data\IL24_full_1_181.fasta
Full181,82,82,Y,input_contract,NA,D:\IL-24(teeth）\phase2_release\data\IL24_full_1_181.fasta
Full181,83,83,L,input_contract,NA,D:\IL-24(teeth）\phase2_release\data\IL24_full_1_181.fasta
Full181,84,84,A,input_contract,NA,D:\IL-24(teeth）\phase2_release\data\IL24_full_1_181.fasta
Full181,85,85,H,input_contract,NA,D:\IL-24(teeth）\phase2_release\data\IL24_full_1_181.fasta
Full181,86,86,S,input_contract,NA,D:\IL-24(teeth）\phase2_release\data\IL24_full_1_181.fasta
Full181,87,87,L,input_contract,NA,D:\IL-24(teeth）\phase2_release\data\IL24_full_1_181.fasta
Full181,88,88,L,input_contract,NA,D:\IL-24(teeth）\phase2_release\data\IL24_full_1_181.fasta
Full181,89,89,K,input_contract,NA,D:\IL-24(teeth）\phase2_release\data\IL24_full_1_181.fasta
Full181,90,90,F,input_contract,NA,D:\IL-24(teeth）\phase2_release\data\IL24_full_1_181.fasta
Full181,91,91,Y,input_contract,NA,D:\IL-24(teeth）\phase2_release\data\IL24_full_1_181.fasta
Full181,92,92,L,input_contract,NA,D:\IL-24(teeth）\phase2_release\data\IL24_full_1_181.fasta
Full181,93,93,N,input_contract,NA,D:\IL-24(teeth）\phase2_release\data\IL24_full_1_181.fasta
Full181,94,94,T,input_contract,NA,D:\IL-24(teeth）\phase2_release\data\IL24_full_1_181.fasta
Full181,95,95,V,input_contract,NA,D:\IL-24(teeth）\phase2_release\data\IL24_full_1_181.fasta
Full181,96,96,F,input_contract,NA,D:\IL-24(teeth）\phase2_release\data\IL24_full_1_181.fasta
Full181,97,97,K,input_contract,NA,D:\IL-24(teeth）\phase2_release\data\IL24_full_1_181.fasta
Full181,98,98,N,input_contract,NA,D:\IL-24(teeth）\phase2_release\data\IL24_full_1_181.fasta
Full181,99,99,Y,input_contract,NA,D:\IL-24(teeth）\phase2_release\data\IL24_full_1_181.fasta
Full181,100,100,H,input_contract,NA,D:\IL-24(teeth）\phase2_release\data\IL24_full_1_181.fasta
Full181,101,101,S,input_contract,NA,D:\IL-24(teeth）\phase2_release\data\IL24_full_1_181.fasta
Full181,102,102,K,input_contract,NA,D:\IL-24(teeth）\phase2_release\data\IL24_full_1_181.fasta
Full181,103,103,I,input_contract,NA,D:\IL-24(teeth）\phase2_release\data\IL24_full_1_181.fasta
Full181,104,104,A,input_contract,NA,D:\IL-24(teeth）\phase2_release\data\IL24_full_1_181.fasta
Full181,105,105,K,input_contract,NA,D:\IL-24(teeth）\phase2_release\data\IL24_full_1_181.fasta
Full181,106,106,F,input_contract,NA,D:\IL-24(teeth）\phase2_release\data\IL24_full_1_181.fasta
Full181,107,107,K,input_contract,NA,D:\IL-24(teeth）\phase2_release\data\IL24_full_1_181.fasta
Full181,108,108,V,input_contract,NA,D:\IL-24(teeth）\phase2_release\data\IL24_full_1_181.fasta
Full181,109,109,L,input_contract,NA,D:\IL-24(teeth）\phase2_release\data\IL24_full_1_181.fasta
Full181,110,110,R,input_contract,NA,D:\IL-24(teeth）\phase2_release\data\IL24_full_1_181.fasta
Full181,111,111,S,input_contract,NA,D:\IL-24(teeth）\phase2_release\data\IL24_full_1_181.fasta
Full181,112,112,F,input_contract,NA,D:\IL-24(teeth）\phase2_release\data\IL24_full_1_181.fasta
Full181,113,113,S,input_contract,NA,D:\IL-24(teeth）\phase2_release\data\IL24_full_1_181.fasta
Full181,114,114,T,input_contract,NA,D:\IL-24(teeth）\phase2_release\data\IL24_full_1_181.fasta
Full181,115,115,L,input_contract,NA,D:\IL-24(teeth）\phase2_release\data\IL24_full_1_181.fasta
Full181,116,116,A,input_contract,NA,D:\IL-24(teeth）\phase2_release\data\IL24_full_1_181.fasta
Full181,117,117,N,input_contract,NA,D:\IL-24(teeth）\phase2_release\data\IL24_full_1_181.fasta
Full181,118,118,N,input_contract,NA,D:\IL-24(teeth）\phase2_release\data\IL24_full_1_181.fasta
Full181,119,119,F,input_contract,NA,D:\IL-24(teeth）\phase2_release\data\IL24_full_1_181.fasta
Full181,120,120,I,input_contract,NA,D:\IL-24(teeth）\phase2_release\data\IL24_full_1_181.fasta
Full181,121,121,V,input_contract,NA,D:\IL-24(teeth）\phase2_release\data\IL24_full_1_181.fasta
Full181,122,122,I,input_contract,NA,D:\IL-24(teeth）\phase2_release\data\IL24_full_1_181.fasta
Full181,123,123,M,input_contract,NA,D:\IL-24(teeth）\phase2_release\data\IL24_full_1_181.fasta
Full181,124,124,S,input_contract,NA,D:\IL-24(teeth）\phase2_release\data\IL24_full_1_181.fasta
Full181,125,125,Q,input_contract,NA,D:\IL-24(teeth）\phase2_release\data\IL24_full_1_181.fasta
Full181,126,126,L,input_contract,NA,D:\IL-24(teeth）\phase2_release\data\IL24_full_1_181.fasta
Full181,127,127,Q,input_contract,NA,D:\IL-24(teeth）\phase2_release\data\IL24_full_1_181.fasta
Full181,128,128,P,input_contract,NA,D:\IL-24(teeth）\phase2_release\data\IL24_full_1_181.fasta
Full181,129,129,S,input_contract,NA,D:\IL-24(teeth）\phase2_release\data\IL24_full_1_181.fasta
Full181,130,130,K,input_contract,NA,D:\IL-24(teeth）\phase2_release\data\IL24_full_1_181.fasta
Full181,131,131,D,input_contract,NA,D:\IL-24(teeth）\phase2_release\data\IL24_full_1_181.fasta
Full181,132,132,N,input_contract,NA,D:\IL-24(teeth）\phase2_release\data\IL24_full_1_181.fasta
Full181,133,133,S,input_contract,NA,D:\IL-24(teeth）\phase2_release\data\IL24_full_1_181.fasta
Full181,134,134,M,input_contract,NA,D:\IL-24(teeth）\phase2_release\data\IL24_full_1_181.fasta
Full181,135,135,L,input_contract,NA,D:\IL-24(teeth）\phase2_release\data\IL24_full_1_181.fasta
Full181,136,136,P,input_contract,NA,D:\IL-24(teeth）\phase2_release\data\IL24_full_1_181.fasta
Full181,137,137,I,input_contract,NA,D:\IL-24(teeth）\phase2_release\data\IL24_full_1_181.fasta
Full181,138,138,S,input_contract,NA,D:\IL-24(teeth）\phase2_release\data\IL24_full_1_181.fasta
Full181,139,139,E,input_contract,NA,D:\IL-24(teeth）\phase2_release\data\IL24_full_1_181.fasta
Full181,140,140,S,input_contract,NA,D:\IL-24(teeth）\phase2_release\data\IL24_full_1_181.fasta
Full181,141,141,A,input_contract,NA,D:\IL-24(teeth）\phase2_release\data\IL24_full_1_181.fasta
Full181,142,142,H,input_contract,NA,D:\IL-24(teeth）\phase2_release\data\IL24_full_1_181.fasta
Full181,143,143,Q,input_contract,NA,D:\IL-24(teeth）\phase2_release\data\IL24_full_1_181.fasta
Full181,144,144,R,input_contract,NA,D:\IL-24(teeth）\phase2_release\data\IL24_full_1_181.fasta
Full181,145,145,F,input_contract,NA,D:\IL-24(teeth）\phase2_release\data\IL24_full_1_181.fasta
Full181,146,146,L,input_contract,NA,D:\IL-24(teeth）\phase2_release\data\IL24_full_1_181.fasta
Full181,147,147,L,input_contract,NA,D:\IL-24(teeth）\phase2_release\data\IL24_full_1_181.fasta
Full181,148,148,F,input_contract,NA,D:\IL-24(teeth）\phase2_release\data\IL24_full_1_181.fasta
Full181,149,149,R,input_contract,NA,D:\IL-24(teeth）\phase2_release\data\IL24_full_1_181.fasta
Full181,150,150,R,input_contract,NA,D:\IL-24(teeth）\phase2_release\data\IL24_full_1_181.fasta
Full181,151,151,A,input_contract,NA,D:\IL-24(teeth）\phase2_release\data\IL24_full_1_181.fasta
Full181,152,152,F,input_contract,NA,D:\IL-24(teeth）\phase2_release\data\IL24_full_1_181.fasta
Full181,153,153,K,input_contract,NA,D:\IL-24(teeth）\phase2_release\data\IL24_full_1_181.fasta
Full181,154,154,Q,input_contract,NA,D:\IL-24(teeth）\phase2_release\data\IL24_full_1_181.fasta
Full181,155,155,L,input_contract,NA,D:\IL-24(teeth）\phase2_release\data\IL24_full_1_181.fasta
Full181,156,156,D,input_contract,NA,D:\IL-24(teeth）\phase2_release\data\IL24_full_1_181.fasta
Full181,157,157,T,input_contract,NA,D:\IL-24(teeth）\phase2_release\data\IL24_full_1_181.fasta
Full181,158,158,E,input_contract,NA,D:\IL-24(teeth）\phase2_release\data\IL24_full_1_181.fasta
Full181,159,159,V,input_contract,NA,D:\IL-24(teeth）\phase2_release\data\IL24_full_1_181.fasta
Full181,160,160,A,input_contract,NA,D:\IL-24(teeth）\phase2_release\data\IL24_full_1_181.fasta
Full181,161,161,L,input_contract,NA,D:\IL-24(teeth）\phase2_release\data\IL24_full_1_181.fasta
Full181,162,162,V,input_contract,NA,D:\IL-24(teeth）\phase2_release\data\IL24_full_1_181.fasta
Full181,163,163,K,input_contract,NA,D:\IL-24(teeth）\phase2_release\data\IL24_full_1_181.fasta
Full181,164,164,A,input_contract,NA,D:\IL-24(teeth）\phase2_release\data\IL24_full_1_181.fasta
Full181,165,165,F,input_contract,NA,D:\IL-24(teeth）\phase2_release\data\IL24_full_1_181.fasta
Full181,166,166,G,input_contract,NA,D:\IL-24(teeth）\phase2_release\data\IL24_full_1_181.fasta
Full181,167,167,E,input_contract,NA,D:\IL-24(teeth）\phase2_release\data\IL24_full_1_181.fasta
Full181,168,168,V,input_contract,NA,D:\IL-24(teeth）\phase2_release\data\IL24_full_1_181.fasta
Full181,169,169,D,input_contract,NA,D:\IL-24(teeth）\phase2_release\data\IL24_full_1_181.fasta
Full181,170,170,I,input_contract,NA,D:\IL-24(teeth）\phase2_release\data\IL24_full_1_181.fasta
Full181,171,171,L,input_contract,NA,D:\IL-24(teeth）\phase2_release\data\IL24_full_1_181.fasta
Full181,172,172,L,input_contract,NA,D:\IL-24(teeth）\phase2_release\data\IL24_full_1_181.fasta
Full181,173,173,T,input_contract,NA,D:\IL-24(teeth）\phase2_release\data\IL24_full_1_181.fasta
Full181,174,174,W,input_contract,NA,D:\IL-24(teeth）\phase2_release\data\IL24_full_1_181.fasta
Full181,175,175,M,input_contract,NA,D:\IL-24(teeth）\phase2_release\data\IL24_full_1_181.fasta
Full181,176,176,Q,input_contract,NA,D:\IL-24(teeth）\phase2_release\data\IL24_full_1_181.fasta
Full181,177,177,K,input_contract,NA,D:\IL-24(teeth）\phase2_release\data\IL24_full_1_181.fasta
Full181,178,178,F,input_contract,NA,D:\IL-24(teeth）\phase2_release\data\IL24_full_1_181.fasta
Full181,179,179,Y,input_contract,NA,D:\IL-24(teeth）\phase2_release\data\IL24_full_1_181.fasta
Full181,180,180,H,input_contract,NA,D:\IL-24(teeth）\phase2_release\data\IL24_full_1_181.fasta
Full181,181,181,L,input_contract,NA,D:\IL-24(teeth）\phase2_release\data\IL24_full_1_181.fasta
Native155,1,27,Q,input_contract,NA,D:\IL-24(teeth）\phase2_release\data\IL24_native_27_181.fasta
Native155,2,28,E,input_contract,NA,D:\IL-24(teeth）\phase2_release\data\IL24_native_27_181.fasta
Native155,3,29,F,input_contract,NA,D:\IL-24(teeth）\phase2_release\data\IL24_native_27_181.fasta
Native155,4,30,R,input_contract,NA,D:\IL-24(teeth）\phase2_release\data\IL24_native_27_181.fasta
Native155,5,31,S,input_contract,NA,D:\IL-24(teeth）\phase2_release\data\IL24_native_27_181.fasta
Native155,6,32,G,input_contract,NA,D:\IL-24(teeth）\phase2_release\data\IL24_native_27_181.fasta
Native155,7,33,S,input_contract,NA,D:\IL-24(teeth）\phase2_release\data\IL24_native_27_181.fasta
Native155,8,34,C,input_contract,NA,D:\IL-24(teeth）\phase2_release\data\IL24_native_27_181.fasta
Native155,9,35,Q,input_contract,NA,D:\IL-24(teeth）\phase2_release\data\IL24_native_27_181.fasta
Native155,10,36,V,input_contract,NA,D:\IL-24(teeth）\phase2_release\data\IL24_native_27_181.fasta
Native155,11,37,T,input_contract,NA,D:\IL-24(teeth）\phase2_release\data\IL24_native_27_181.fasta
Native155,12,38,G,input_contract,NA,D:\IL-24(teeth）\phase2_release\data\IL24_native_27_181.fasta
Native155,13,39,V,input_contract,NA,D:\IL-24(teeth）\phase2_release\data\IL24_native_27_181.fasta
Native155,14,40,V,input_contract,NA,D:\IL-24(teeth）\phase2_release\data\IL24_native_27_181.fasta
Native155,15,41,L,input_contract,NA,D:\IL-24(teeth）\phase2_release\data\IL24_native_27_181.fasta
Native155,16,42,P,input_contract,NA,D:\IL-24(teeth）\phase2_release\data\IL24_native_27_181.fasta
Native155,17,43,E,input_contract,NA,D:\IL-24(teeth）\phase2_release\data\IL24_native_27_181.fasta
Native155,18,44,L,input_contract,NA,D:\IL-24(teeth）\phase2_release\data\IL24_native_27_181.fasta
Native155,19,45,W,input_contract,NA,D:\IL-24(teeth）\phase2_release\data\IL24_native_27_181.fasta
Native155,20,46,E,input_contract,NA,D:\IL-24(teeth）\phase2_release\data\IL24_native_27_181.fasta
Native155,21,47,A,input_contract,NA,D:\IL-24(teeth）\phase2_release\data\IL24_native_27_181.fasta
Native155,22,48,F,input_contract,NA,D:\IL-24(teeth）\phase2_release\data\IL24_native_27_181.fasta
Native155,23,49,W,input_contract,NA,D:\IL-24(teeth）\phase2_release\data\IL24_native_27_181.fasta
Native155,24,50,T,input_contract,NA,D:\IL-24(teeth）\phase2_release\data\IL24_native_27_181.fasta
Native155,25,51,V,input_contract,NA,D:\IL-24(teeth）\phase2_release\data\IL24_native_27_181.fasta
Native155,26,52,K,input_contract,NA,D:\IL-24(teeth）\phase2_release\data\IL24_native_27_181.fasta
Native155,27,53,N,input_contract,NA,D:\IL-24(teeth）\phase2_release\data\IL24_native_27_181.fasta
Native155,28,54,T,input_contract,NA,D:\IL-24(teeth）\phase2_release\data\IL24_native_27_181.fasta
Native155,29,55,V,input_contract,NA,D:\IL-24(teeth）\phase2_release\data\IL24_native_27_181.fasta
Native155,30,56,Q,input_contract,NA,D:\IL-24(teeth）\phase2_release\data\IL24_native_27_181.fasta
Native155,31,57,T,input_contract,NA,D:\IL-24(teeth）\phase2_release\data\IL24_native_27_181.fasta
Native155,32,58,Q,input_contract,NA,D:\IL-24(teeth）\phase2_release\data\IL24_native_27_181.fasta
Native155,33,59,D,input_contract,NA,D:\IL-24(teeth）\phase2_release\data\IL24_native_27_181.fasta
Native155,34,60,D,input_contract,NA,D:\IL-24(teeth）\phase2_release\data\IL24_native_27_181.fasta
Native155,35,61,I,input_contract,NA,D:\IL-24(teeth）\phase2_release\data\IL24_native_27_181.fasta
Native155,36,62,T,input_contract,NA,D:\IL-24(teeth）\phase2_release\data\IL24_native_27_181.fasta
Native155,37,63,S,input_contract,NA,D:\IL-24(teeth）\phase2_release\data\IL24_native_27_181.fasta
Native155,38,64,I,input_contract,NA,D:\IL-24(teeth）\phase2_release\data\IL24_native_27_181.fasta
Native155,39,65,R,input_contract,NA,D:\IL-24(teeth）\phase2_release\data\IL24_native_27_181.fasta
Native155,40,66,L,input_contract,NA,D:\IL-24(teeth）\phase2_release\data\IL24_native_27_181.fasta
Native155,41,67,L,input_contract,NA,D:\IL-24(teeth）\phase2_release\data\IL24_native_27_181.fasta
Native155,42,68,K,input_contract,NA,D:\IL-24(teeth）\phase2_release\data\IL24_native_27_181.fasta
Native155,43,69,P,input_contract,NA,D:\IL-24(teeth）\phase2_release\data\IL24_native_27_181.fasta
Native155,44,70,Q,input_contract,NA,D:\IL-24(teeth）\phase2_release\data\IL24_native_27_181.fasta
Native155,45,71,V,input_contract,NA,D:\IL-24(teeth）\phase2_release\data\IL24_native_27_181.fasta
Native155,46,72,L,input_contract,NA,D:\IL-24(teeth）\phase2_release\data\IL24_native_27_181.fasta
Native155,47,73,R,input_contract,NA,D:\IL-24(teeth）\phase2_release\data\IL24_native_27_181.fasta
Native155,48,74,N,input_contract,NA,D:\IL-24(teeth）\phase2_release\data\IL24_native_27_181.fasta
Native155,49,75,V,input_contract,NA,D:\IL-24(teeth）\phase2_release\data\IL24_native_27_181.fasta
Native155,50,76,S,input_contract,NA,D:\IL-24(teeth）\phase2_release\data\IL24_native_27_181.fasta
Native155,51,77,G,input_contract,NA,D:\IL-24(teeth）\phase2_release\data\IL24_native_27_181.fasta
Native155,52,78,A,input_contract,NA,D:\IL-24(teeth）\phase2_release\data\IL24_native_27_181.fasta
Native155,53,79,E,input_contract,NA,D:\IL-24(teeth）\phase2_release\data\IL24_native_27_181.fasta
Native155,54,80,S,input_contract,NA,D:\IL-24(teeth）\phase2_release\data\IL24_native_27_181.fasta
Native155,55,81,C,input_contract,NA,D:\IL-24(teeth）\phase2_release\data\IL24_native_27_181.fasta
Native155,56,82,Y,input_contract,NA,D:\IL-24(teeth）\phase2_release\data\IL24_native_27_181.fasta
Native155,57,83,L,input_contract,NA,D:\IL-24(teeth）\phase2_release\data\IL24_native_27_181.fasta
Native155,58,84,A,input_contract,NA,D:\IL-24(teeth）\phase2_release\data\IL24_native_27_181.fasta
Native155,59,85,H,input_contract,NA,D:\IL-24(teeth）\phase2_release\data\IL24_native_27_181.fasta
Native155,60,86,S,input_contract,NA,D:\IL-24(teeth）\phase2_release\data\IL24_native_27_181.fasta
Native155,61,87,L,input_contract,NA,D:\IL-24(teeth）\phase2_release\data\IL24_native_27_181.fasta
Native155,62,88,L,input_contract,NA,D:\IL-24(teeth）\phase2_release\data\IL24_native_27_181.fasta
Native155,63,89,K,input_contract,NA,D:\IL-24(teeth）\phase2_release\data\IL24_native_27_181.fasta
Native155,64,90,F,input_contract,NA,D:\IL-24(teeth）\phase2_release\data\IL24_native_27_181.fasta
Native155,65,91,Y,input_contract,NA,D:\IL-24(teeth）\phase2_release\data\IL24_native_27_181.fasta
Native155,66,92,L,input_contract,NA,D:\IL-24(teeth）\phase2_release\data\IL24_native_27_181.fasta
Native155,67,93,N,input_contract,NA,D:\IL-24(teeth）\phase2_release\data\IL24_native_27_181.fasta
Native155,68,94,T,input_contract,NA,D:\IL-24(teeth）\phase2_release\data\IL24_native_27_181.fasta
Native155,69,95,V,input_contract,NA,D:\IL-24(teeth）\phase2_release\data\IL24_native_27_181.fasta
Native155,70,96,F,input_contract,NA,D:\IL-24(teeth）\phase2_release\data\IL24_native_27_181.fasta
Native155,71,97,K,input_contract,NA,D:\IL-24(teeth）\phase2_release\data\IL24_native_27_181.fasta
Native155,72,98,N,input_contract,NA,D:\IL-24(teeth）\phase2_release\data\IL24_native_27_181.fasta
Native155,73,99,Y,input_contract,NA,D:\IL-24(teeth）\phase2_release\data\IL24_native_27_181.fasta
Native155,74,100,H,input_contract,NA,D:\IL-24(teeth）\phase2_release\data\IL24_native_27_181.fasta
Native155,75,101,S,input_contract,NA,D:\IL-24(teeth）\phase2_release\data\IL24_native_27_181.fasta
Native155,76,102,K,input_contract,NA,D:\IL-24(teeth）\phase2_release\data\IL24_native_27_181.fasta
Native155,77,103,I,input_contract,NA,D:\IL-24(teeth）\phase2_release\data\IL24_native_27_181.fasta
Native155,78,104,A,input_contract,NA,D:\IL-24(teeth）\phase2_release\data\IL24_native_27_181.fasta
Native155,79,105,K,input_contract,NA,D:\IL-24(teeth）\phase2_release\data\IL24_native_27_181.fasta
Native155,80,106,F,input_contract,NA,D:\IL-24(teeth）\phase2_release\data\IL24_native_27_181.fasta
Native155,81,107,K,input_contract,NA,D:\IL-24(teeth）\phase2_release\data\IL24_native_27_181.fasta
Native155,82,108,V,input_contract,NA,D:\IL-24(teeth）\phase2_release\data\IL24_native_27_181.fasta
Native155,83,109,L,input_contract,NA,D:\IL-24(teeth）\phase2_release\data\IL24_native_27_181.fasta
Native155,84,110,R,input_contract,NA,D:\IL-24(teeth）\phase2_release\data\IL24_native_27_181.fasta
Native155,85,111,S,input_contract,NA,D:\IL-24(teeth）\phase2_release\data\IL24_native_27_181.fasta
Native155,86,112,F,input_contract,NA,D:\IL-24(teeth）\phase2_release\data\IL24_native_27_181.fasta
Native155,87,113,S,input_contract,NA,D:\IL-24(teeth）\phase2_release\data\IL24_native_27_181.fasta
Native155,88,114,T,input_contract,NA,D:\IL-24(teeth）\phase2_release\data\IL24_native_27_181.fasta
Native155,89,115,L,input_contract,NA,D:\IL-24(teeth）\phase2_release\data\IL24_native_27_181.fasta
Native155,90,116,A,input_contract,NA,D:\IL-24(teeth）\phase2_release\data\IL24_native_27_181.fasta
Native155,91,117,N,input_contract,NA,D:\IL-24(teeth）\phase2_release\data\IL24_native_27_181.fasta
Native155,92,118,N,input_contract,NA,D:\IL-24(teeth）\phase2_release\data\IL24_native_27_181.fasta
Native155,93,119,F,input_contract,NA,D:\IL-24(teeth）\phase2_release\data\IL24_native_27_181.fasta
Native155,94,120,I,input_contract,NA,D:\IL-24(teeth）\phase2_release\data\IL24_native_27_181.fasta
Native155,95,121,V,input_contract,NA,D:\IL-24(teeth）\phase2_release\data\IL24_native_27_181.fasta
Native155,96,122,I,input_contract,NA,D:\IL-24(teeth）\phase2_release\data\IL24_native_27_181.fasta
Native155,97,123,M,input_contract,NA,D:\IL-24(teeth）\phase2_release\data\IL24_native_27_181.fasta
Native155,98,124,S,input_contract,NA,D:\IL-24(teeth）\phase2_release\data\IL24_native_27_181.fasta
Native155,99,125,Q,input_contract,NA,D:\IL-24(teeth）\phase2_release\data\IL24_native_27_181.fasta
Native155,100,126,L,input_contract,NA,D:\IL-24(teeth）\phase2_release\data\IL24_native_27_181.fasta
Native155,101,127,Q,input_contract,NA,D:\IL-24(teeth）\phase2_release\data\IL24_native_27_181.fasta
Native155,102,128,P,input_contract,NA,D:\IL-24(teeth）\phase2_release\data\IL24_native_27_181.fasta
Native155,103,129,S,input_contract,NA,D:\IL-24(teeth）\phase2_release\data\IL24_native_27_181.fasta
Native155,104,130,K,input_contract,NA,D:\IL-24(teeth）\phase2_release\data\IL24_native_27_181.fasta
Native155,105,131,D,input_contract,NA,D:\IL-24(teeth）\phase2_release\data\IL24_native_27_181.fasta
Native155,106,132,N,input_contract,NA,D:\IL-24(teeth）\phase2_release\data\IL24_native_27_181.fasta
Native155,107,133,S,input_contract,NA,D:\IL-24(teeth）\phase2_release\data\IL24_native_27_181.fasta
Native155,108,134,M,input_contract,NA,D:\IL-24(teeth）\phase2_release\data\IL24_native_27_181.fasta
Native155,109,135,L,input_contract,NA,D:\IL-24(teeth）\phase2_release\data\IL24_native_27_181.fasta
Native155,110,136,P,input_contract,NA,D:\IL-24(teeth）\phase2_release\data\IL24_native_27_181.fasta
Native155,111,137,I,input_contract,NA,D:\IL-24(teeth）\phase2_release\data\IL24_native_27_181.fasta
Native155,112,138,S,input_contract,NA,D:\IL-24(teeth）\phase2_release\data\IL24_native_27_181.fasta
Native155,113,139,E,input_contract,NA,D:\IL-24(teeth）\phase2_release\data\IL24_native_27_181.fasta
Native155,114,140,S,input_contract,NA,D:\IL-24(teeth）\phase2_release\data\IL24_native_27_181.fasta
Native155,115,141,A,input_contract,NA,D:\IL-24(teeth）\phase2_release\data\IL24_native_27_181.fasta
Native155,116,142,H,input_contract,NA,D:\IL-24(teeth）\phase2_release\data\IL24_native_27_181.fasta
Native155,117,143,Q,input_contract,NA,D:\IL-24(teeth）\phase2_release\data\IL24_native_27_181.fasta
Native155,118,144,R,input_contract,NA,D:\IL-24(teeth）\phase2_release\data\IL24_native_27_181.fasta
Native155,119,145,F,input_contract,NA,D:\IL-24(teeth）\phase2_release\data\IL24_native_27_181.fasta
Native155,120,146,L,input_contract,NA,D:\IL-24(teeth）\phase2_release\data\IL24_native_27_181.fasta
Native155,121,147,L,input_contract,NA,D:\IL-24(teeth）\phase2_release\data\IL24_native_27_181.fasta
Native155,122,148,F,input_contract,NA,D:\IL-24(teeth）\phase2_release\data\IL24_native_27_181.fasta
Native155,123,149,R,input_contract,NA,D:\IL-24(teeth）\phase2_release\data\IL24_native_27_181.fasta
Native155,124,150,R,input_contract,NA,D:\IL-24(teeth）\phase2_release\data\IL24_native_27_181.fasta
Native155,125,151,A,input_contract,NA,D:\IL-24(teeth）\phase2_release\data\IL24_native_27_181.fasta
Native155,126,152,F,input_contract,NA,D:\IL-24(teeth）\phase2_release\data\IL24_native_27_181.fasta
Native155,127,153,K,input_contract,NA,D:\IL-24(teeth）\phase2_release\data\IL24_native_27_181.fasta
Native155,128,154,Q,input_contract,NA,D:\IL-24(teeth）\phase2_release\data\IL24_native_27_181.fasta
Native155,129,155,L,input_contract,NA,D:\IL-24(teeth）\phase2_release\data\IL24_native_27_181.fasta
Native155,130,156,D,input_contract,NA,D:\IL-24(teeth）\phase2_release\data\IL24_native_27_181.fasta
Native155,131,157,T,input_contract,NA,D:\IL-24(teeth）\phase2_release\data\IL24_native_27_181.fasta
Native155,132,158,E,input_contract,NA,D:\IL-24(teeth）\phase2_release\data\IL24_native_27_181.fasta
Native155,133,159,V,input_contract,NA,D:\IL-24(teeth）\phase2_release\data\IL24_native_27_181.fasta
Native155,134,160,A,input_contract,NA,D:\IL-24(teeth）\phase2_release\data\IL24_native_27_181.fasta
Native155,135,161,L,input_contract,NA,D:\IL-24(teeth）\phase2_release\data\IL24_native_27_181.fasta
Native155,136,162,V,input_contract,NA,D:\IL-24(teeth）\phase2_release\data\IL24_native_27_181.fasta
Native155,137,163,K,input_contract,NA,D:\IL-24(teeth）\phase2_release\data\IL24_native_27_181.fasta
Native155,138,164,A,input_contract,NA,D:\IL-24(teeth）\phase2_release\data\IL24_native_27_181.fasta
Native155,139,165,F,input_contract,NA,D:\IL-24(teeth）\phase2_release\data\IL24_native_27_181.fasta
Native155,140,166,G,input_contract,NA,D:\IL-24(teeth）\phase2_release\data\IL24_native_27_181.fasta
Native155,141,167,E,input_contract,NA,D:\IL-24(teeth）\phase2_release\data\IL24_native_27_181.fasta
Native155,142,168,V,input_contract,NA,D:\IL-24(teeth）\phase2_release\data\IL24_native_27_181.fasta
Native155,143,169,D,input_contract,NA,D:\IL-24(teeth）\phase2_release\data\IL24_native_27_181.fasta
Native155,144,170,I,input_contract,NA,D:\IL-24(teeth）\phase2_release\data\IL24_native_27_181.fasta
Native155,145,171,L,input_contract,NA,D:\IL-24(teeth）\phase2_release\data\IL24_native_27_181.fasta
Native155,146,172,L,input_contract,NA,D:\IL-24(teeth）\phase2_release\data\IL24_native_27_181.fasta
Native155,147,173,T,input_contract,NA,D:\IL-24(teeth）\phase2_release\data\IL24_native_27_181.fasta
Native155,148,174,W,input_contract,NA,D:\IL-24(teeth）\phase2_release\data\IL24_native_27_181.fasta
Native155,149,175,M,input_contract,NA,D:\IL-24(teeth）\phase2_release\data\IL24_native_27_181.fasta
Native155,150,176,Q,input_contract,NA,D:\IL-24(teeth）\phase2_release\data\IL24_native_27_181.fasta
Native155,151,177,K,input_contract,NA,D:\IL-24(teeth）\phase2_release\data\IL24_native_27_181.fasta
Native155,152,178,F,input_contract,NA,D:\IL-24(teeth）\phase2_release\data\IL24_native_27_181.fasta
Native155,153,179,Y,input_contract,NA,D:\IL-24(teeth）\phase2_release\data\IL24_native_27_181.fasta
Native155,154,180,H,input_contract,NA,D:\IL-24(teeth）\phase2_release\data\IL24_native_27_181.fasta
Native155,155,181,L,input_contract,NA,D:\IL-24(teeth）\phase2_release\data\IL24_native_27_181.fasta
Immunogen134,1,27,Q,input_contract,NA,D:\IL-24(teeth）\phase2_release\data\IL24_immunogen_27_160.fasta
Immunogen134,2,28,E,input_contract,NA,D:\IL-24(teeth）\phase2_release\data\IL24_immunogen_27_160.fasta
Immunogen134,3,29,F,input_contract,NA,D:\IL-24(teeth）\phase2_release\data\IL24_immunogen_27_160.fasta
Immunogen134,4,30,R,input_contract,NA,D:\IL-24(teeth）\phase2_release\data\IL24_immunogen_27_160.fasta
Immunogen134,5,31,S,input_contract,NA,D:\IL-24(teeth）\phase2_release\data\IL24_immunogen_27_160.fasta
Immunogen134,6,32,G,input_contract,NA,D:\IL-24(teeth）\phase2_release\data\IL24_immunogen_27_160.fasta
Immunogen134,7,33,S,input_contract,NA,D:\IL-24(teeth）\phase2_release\data\IL24_immunogen_27_160.fasta
Immunogen134,8,34,C,input_contract,NA,D:\IL-24(teeth）\phase2_release\data\IL24_immunogen_27_160.fasta
Immunogen134,9,35,Q,input_contract,NA,D:\IL-24(teeth）\phase2_release\data\IL24_immunogen_27_160.fasta
Immunogen134,10,36,V,input_contract,NA,D:\IL-24(teeth）\phase2_release\data\IL24_immunogen_27_160.fasta
Immunogen134,11,37,T,input_contract,NA,D:\IL-24(teeth）\phase2_release\data\IL24_immunogen_27_160.fasta
Immunogen134,12,38,G,input_contract,NA,D:\IL-24(teeth）\phase2_release\data\IL24_immunogen_27_160.fasta
Immunogen134,13,39,V,input_contract,NA,D:\IL-24(teeth）\phase2_release\data\IL24_immunogen_27_160.fasta
Immunogen134,14,40,V,input_contract,NA,D:\IL-24(teeth）\phase2_release\data\IL24_immunogen_27_160.fasta
Immunogen134,15,41,L,input_contract,NA,D:\IL-24(teeth）\phase2_release\data\IL24_immunogen_27_160.fasta
Immunogen134,16,42,P,input_contract,NA,D:\IL-24(teeth）\phase2_release\data\IL24_immunogen_27_160.fasta
Immunogen134,17,43,E,input_contract,NA,D:\IL-24(teeth）\phase2_release\data\IL24_immunogen_27_160.fasta
Immunogen134,18,44,L,input_contract,NA,D:\IL-24(teeth）\phase2_release\data\IL24_immunogen_27_160.fasta
Immunogen134,19,45,W,input_contract,NA,D:\IL-24(teeth）\phase2_release\data\IL24_immunogen_27_160.fasta
Immunogen134,20,46,E,input_contract,NA,D:\IL-24(teeth）\phase2_release\data\IL24_immunogen_27_160.fasta
Immunogen134,21,47,A,input_contract,NA,D:\IL-24(teeth）\phase2_release\data\IL24_immunogen_27_160.fasta
Immunogen134,22,48,F,input_contract,NA,D:\IL-24(teeth）\phase2_release\data\IL24_immunogen_27_160.fasta
Immunogen134,23,49,W,input_contract,NA,D:\IL-24(teeth）\phase2_release\data\IL24_immunogen_27_160.fasta
Immunogen134,24,50,T,input_contract,NA,D:\IL-24(teeth）\phase2_release\data\IL24_immunogen_27_160.fasta
Immunogen134,25,51,V,input_contract,NA,D:\IL-24(teeth）\phase2_release\data\IL24_immunogen_27_160.fasta
Immunogen134,26,52,K,input_contract,NA,D:\IL-24(teeth）\phase2_release\data\IL24_immunogen_27_160.fasta
Immunogen134,27,53,N,input_contract,NA,D:\IL-24(teeth）\phase2_release\data\IL24_immunogen_27_160.fasta
Immunogen134,28,54,T,input_contract,NA,D:\IL-24(teeth）\phase2_release\data\IL24_immunogen_27_160.fasta
Immunogen134,29,55,V,input_contract,NA,D:\IL-24(teeth）\phase2_release\data\IL24_immunogen_27_160.fasta
Immunogen134,30,56,Q,input_contract,NA,D:\IL-24(teeth）\phase2_release\data\IL24_immunogen_27_160.fasta
Immunogen134,31,57,T,input_contract,NA,D:\IL-24(teeth）\phase2_release\data\IL24_immunogen_27_160.fasta
Immunogen134,32,58,Q,input_contract,NA,D:\IL-24(teeth）\phase2_release\data\IL24_immunogen_27_160.fasta
Immunogen134,33,59,D,input_contract,NA,D:\IL-24(teeth）\phase2_release\data\IL24_immunogen_27_160.fasta
Immunogen134,34,60,D,input_contract,NA,D:\IL-24(teeth）\phase2_release\data\IL24_immunogen_27_160.fasta
Immunogen134,35,61,I,input_contract,NA,D:\IL-24(teeth）\phase2_release\data\IL24_immunogen_27_160.fasta
Immunogen134,36,62,T,input_contract,NA,D:\IL-24(teeth）\phase2_release\data\IL24_immunogen_27_160.fasta
Immunogen134,37,63,S,input_contract,NA,D:\IL-24(teeth）\phase2_release\data\IL24_immunogen_27_160.fasta
Immunogen134,38,64,I,input_contract,NA,D:\IL-24(teeth）\phase2_release\data\IL24_immunogen_27_160.fasta
Immunogen134,39,65,R,input_contract,NA,D:\IL-24(teeth）\phase2_release\data\IL24_immunogen_27_160.fasta
Immunogen134,40,66,L,input_contract,NA,D:\IL-24(teeth）\phase2_release\data\IL24_immunogen_27_160.fasta
Immunogen134,41,67,L,input_contract,NA,D:\IL-24(teeth）\phase2_release\data\IL24_immunogen_27_160.fasta
Immunogen134,42,68,K,input_contract,NA,D:\IL-24(teeth）\phase2_release\data\IL24_immunogen_27_160.fasta
Immunogen134,43,69,P,input_contract,NA,D:\IL-24(teeth）\phase2_release\data\IL24_immunogen_27_160.fasta
Immunogen134,44,70,Q,input_contract,NA,D:\IL-24(teeth）\phase2_release\data\IL24_immunogen_27_160.fasta
Immunogen134,45,71,V,input_contract,NA,D:\IL-24(teeth）\phase2_release\data\IL24_immunogen_27_160.fasta
Immunogen134,46,72,L,input_contract,NA,D:\IL-24(teeth）\phase2_release\data\IL24_immunogen_27_160.fasta
Immunogen134,47,73,R,input_contract,NA,D:\IL-24(teeth）\phase2_release\data\IL24_immunogen_27_160.fasta
Immunogen134,48,74,N,input_contract,NA,D:\IL-24(teeth）\phase2_release\data\IL24_immunogen_27_160.fasta
Immunogen134,49,75,V,input_contract,NA,D:\IL-24(teeth）\phase2_release\data\IL24_immunogen_27_160.fasta
Immunogen134,50,76,S,input_contract,NA,D:\IL-24(teeth）\phase2_release\data\IL24_immunogen_27_160.fasta
Immunogen134,51,77,G,input_contract,NA,D:\IL-24(teeth）\phase2_release\data\IL24_immunogen_27_160.fasta
Immunogen134,52,78,A,input_contract,NA,D:\IL-24(teeth）\phase2_release\data\IL24_immunogen_27_160.fasta
Immunogen134,53,79,E,input_contract,NA,D:\IL-24(teeth）\phase2_release\data\IL24_immunogen_27_160.fasta
Immunogen134,54,80,S,input_contract,NA,D:\IL-24(teeth）\phase2_release\data\IL24_immunogen_27_160.fasta
Immunogen134,55,81,C,input_contract,NA,D:\IL-24(teeth）\phase2_release\data\IL24_immunogen_27_160.fasta
Immunogen134,56,82,Y,input_contract,NA,D:\IL-24(teeth）\phase2_release\data\IL24_immunogen_27_160.fasta
Immunogen134,57,83,L,input_contract,NA,D:\IL-24(teeth）\phase2_release\data\IL24_immunogen_27_160.fasta
Immunogen134,58,84,A,input_contract,NA,D:\IL-24(teeth）\phase2_release\data\IL24_immunogen_27_160.fasta
Immunogen134,59,85,H,input_contract,NA,D:\IL-24(teeth）\phase2_release\data\IL24_immunogen_27_160.fasta
Immunogen134,60,86,S,input_contract,NA,D:\IL-24(teeth）\phase2_release\data\IL24_immunogen_27_160.fasta
Immunogen134,61,87,L,input_contract,NA,D:\IL-24(teeth）\phase2_release\data\IL24_immunogen_27_160.fasta
Immunogen134,62,88,L,input_contract,NA,D:\IL-24(teeth）\phase2_release\data\IL24_immunogen_27_160.fasta
Immunogen134,63,89,K,input_contract,NA,D:\IL-24(teeth）\phase2_release\data\IL24_immunogen_27_160.fasta
Immunogen134,64,90,F,input_contract,NA,D:\IL-24(teeth）\phase2_release\data\IL24_immunogen_27_160.fasta
Immunogen134,65,91,Y,input_contract,NA,D:\IL-24(teeth）\phase2_release\data\IL24_immunogen_27_160.fasta
Immunogen134,66,92,L,input_contract,NA,D:\IL-24(teeth）\phase2_release\data\IL24_immunogen_27_160.fasta
Immunogen134,67,93,N,input_contract,NA,D:\IL-24(teeth）\phase2_release\data\IL24_immunogen_27_160.fasta
Immunogen134,68,94,T,input_contract,NA,D:\IL-24(teeth）\phase2_release\data\IL24_immunogen_27_160.fasta
Immunogen134,69,95,V,input_contract,NA,D:\IL-24(teeth）\phase2_release\data\IL24_immunogen_27_160.fasta
Immunogen134,70,96,F,input_contract,NA,D:\IL-24(teeth）\phase2_release\data\IL24_immunogen_27_160.fasta
Immunogen134,71,97,K,input_contract,NA,D:\IL-24(teeth）\phase2_release\data\IL24_immunogen_27_160.fasta
Immunogen134,72,98,N,input_contract,NA,D:\IL-24(teeth）\phase2_release\data\IL24_immunogen_27_160.fasta
Immunogen134,73,99,Y,input_contract,NA,D:\IL-24(teeth）\phase2_release\data\IL24_immunogen_27_160.fasta
Immunogen134,74,100,H,input_contract,NA,D:\IL-24(teeth）\phase2_release\data\IL24_immunogen_27_160.fasta
Immunogen134,75,101,S,input_contract,NA,D:\IL-24(teeth）\phase2_release\data\IL24_immunogen_27_160.fasta
Immunogen134,76,102,K,input_contract,NA,D:\IL-24(teeth）\phase2_release\data\IL24_immunogen_27_160.fasta
Immunogen134,77,103,I,input_contract,NA,D:\IL-24(teeth）\phase2_release\data\IL24_immunogen_27_160.fasta
Immunogen134,78,104,A,input_contract,NA,D:\IL-24(teeth）\phase2_release\data\IL24_immunogen_27_160.fasta
Immunogen134,79,105,K,input_contract,NA,D:\IL-24(teeth）\phase2_release\data\IL24_immunogen_27_160.fasta
Immunogen134,80,106,F,input_contract,NA,D:\IL-24(teeth）\phase2_release\data\IL24_immunogen_27_160.fasta
Immunogen134,81,107,K,input_contract,NA,D:\IL-24(teeth）\phase2_release\data\IL24_immunogen_27_160.fasta
Immunogen134,82,108,V,input_contract,NA,D:\IL-24(teeth）\phase2_release\data\IL24_immunogen_27_160.fasta
Immunogen134,83,109,L,input_contract,NA,D:\IL-24(teeth）\phase2_release\data\IL24_immunogen_27_160.fasta
Immunogen134,84,110,R,input_contract,NA,D:\IL-24(teeth）\phase2_release\data\IL24_immunogen_27_160.fasta
Immunogen134,85,111,S,input_contract,NA,D:\IL-24(teeth）\phase2_release\data\IL24_immunogen_27_160.fasta
Immunogen134,86,112,F,input_contract,NA,D:\IL-24(teeth）\phase2_release\data\IL24_immunogen_27_160.fasta
Immunogen134,87,113,S,input_contract,NA,D:\IL-24(teeth）\phase2_release\data\IL24_immunogen_27_160.fasta
Immunogen134,88,114,T,input_contract,NA,D:\IL-24(teeth）\phase2_release\data\IL24_immunogen_27_160.fasta
Immunogen134,89,115,L,input_contract,NA,D:\IL-24(teeth）\phase2_release\data\IL24_immunogen_27_160.fasta
Immunogen134,90,116,A,input_contract,NA,D:\IL-24(teeth）\phase2_release\data\IL24_immunogen_27_160.fasta
Immunogen134,91,117,N,input_contract,NA,D:\IL-24(teeth）\phase2_release\data\IL24_immunogen_27_160.fasta
Immunogen134,92,118,N,input_contract,NA,D:\IL-24(teeth）\phase2_release\data\IL24_immunogen_27_160.fasta
Immunogen134,93,119,F,input_contract,NA,D:\IL-24(teeth）\phase2_release\data\IL24_immunogen_27_160.fasta
Immunogen134,94,120,I,input_contract,NA,D:\IL-24(teeth）\phase2_release\data\IL24_immunogen_27_160.fasta
Immunogen134,95,121,V,input_contract,NA,D:\IL-24(teeth）\phase2_release\data\IL24_immunogen_27_160.fasta
Immunogen134,96,122,I,input_contract,NA,D:\IL-24(teeth）\phase2_release\data\IL24_immunogen_27_160.fasta
Immunogen134,97,123,M,input_contract,NA,D:\IL-24(teeth）\phase2_release\data\IL24_immunogen_27_160.fasta
Immunogen134,98,124,S,input_contract,NA,D:\IL-24(teeth）\phase2_release\data\IL24_immunogen_27_160.fasta
Immunogen134,99,125,Q,input_contract,NA,D:\IL-24(teeth）\phase2_release\data\IL24_immunogen_27_160.fasta
Immunogen134,100,126,L,input_contract,NA,D:\IL-24(teeth）\phase2_release\data\IL24_immunogen_27_160.fasta
Immunogen134,101,127,Q,input_contract,NA,D:\IL-24(teeth）\phase2_release\data\IL24_immunogen_27_160.fasta
Immunogen134,102,128,P,input_contract,NA,D:\IL-24(teeth）\phase2_release\data\IL24_immunogen_27_160.fasta
Immunogen134,103,129,S,input_contract,NA,D:\IL-24(teeth）\phase2_release\data\IL24_immunogen_27_160.fasta
Immunogen134,104,130,K,input_contract,NA,D:\IL-24(teeth）\phase2_release\data\IL24_immunogen_27_160.fasta
Immunogen134,105,131,D,input_contract,NA,D:\IL-24(teeth）\phase2_release\data\IL24_immunogen_27_160.fasta
Immunogen134,106,132,N,input_contract,NA,D:\IL-24(teeth）\phase2_release\data\IL24_immunogen_27_160.fasta
Immunogen134,107,133,S,input_contract,NA,D:\IL-24(teeth）\phase2_release\data\IL24_immunogen_27_160.fasta
Immunogen134,108,134,M,input_contract,NA,D:\IL-24(teeth）\phase2_release\data\IL24_immunogen_27_160.fasta
Immunogen134,109,135,L,input_contract,NA,D:\IL-24(teeth）\phase2_release\data\IL24_immunogen_27_160.fasta
Immunogen134,110,136,P,input_contract,NA,D:\IL-24(teeth）\phase2_release\data\IL24_immunogen_27_160.fasta
Immunogen134,111,137,I,input_contract,NA,D:\IL-24(teeth）\phase2_release\data\IL24_immunogen_27_160.fasta
Immunogen134,112,138,S,input_contract,NA,D:\IL-24(teeth）\phase2_release\data\IL24_immunogen_27_160.fasta
Immunogen134,113,139,E,input_contract,NA,D:\IL-24(teeth）\phase2_release\data\IL24_immunogen_27_160.fasta
Immunogen134,114,140,S,input_contract,NA,D:\IL-24(teeth）\phase2_release\data\IL24_immunogen_27_160.fasta
Immunogen134,115,141,A,input_contract,NA,D:\IL-24(teeth）\phase2_release\data\IL24_immunogen_27_160.fasta
Immunogen134,116,142,H,input_contract,NA,D:\IL-24(teeth）\phase2_release\data\IL24_immunogen_27_160.fasta
Immunogen134,117,143,Q,input_contract,NA,D:\IL-24(teeth）\phase2_release\data\IL24_immunogen_27_160.fasta
Immunogen134,118,144,R,input_contract,NA,D:\IL-24(teeth）\phase2_release\data\IL24_immunogen_27_160.fasta
Immunogen134,119,145,F,input_contract,NA,D:\IL-24(teeth）\phase2_release\data\IL24_immunogen_27_160.fasta
Immunogen134,120,146,L,input_contract,NA,D:\IL-24(teeth）\phase2_release\data\IL24_immunogen_27_160.fasta
Immunogen134,121,147,L,input_contract,NA,D:\IL-24(teeth）\phase2_release\data\IL24_immunogen_27_160.fasta
Immunogen134,122,148,F,input_contract,NA,D:\IL-24(teeth）\phase2_release\data\IL24_immunogen_27_160.fasta
Immunogen134,123,149,R,input_contract,NA,D:\IL-24(teeth）\phase2_release\data\IL24_immunogen_27_160.fasta
Immunogen134,124,150,R,input_contract,NA,D:\IL-24(teeth）\phase2_release\data\IL24_immunogen_27_160.fasta
Immunogen134,125,151,A,input_contract,NA,D:\IL-24(teeth）\phase2_release\data\IL24_immunogen_27_160.fasta
Immunogen134,126,152,F,input_contract,NA,D:\IL-24(teeth）\phase2_release\data\IL24_immunogen_27_160.fasta
Immunogen134,127,153,K,input_contract,NA,D:\IL-24(teeth）\phase2_release\data\IL24_immunogen_27_160.fasta
Immunogen134,128,154,Q,input_contract,NA,D:\IL-24(teeth）\phase2_release\data\IL24_immunogen_27_160.fasta
Immunogen134,129,155,L,input_contract,NA,D:\IL-24(teeth）\phase2_release\data\IL24_immunogen_27_160.fasta
Immunogen134,130,156,D,input_contract,NA,D:\IL-24(teeth）\phase2_release\data\IL24_immunogen_27_160.fasta
Immunogen134,131,157,T,input_contract,NA,D:\IL-24(teeth）\phase2_release\data\IL24_immunogen_27_160.fasta
Immunogen134,132,158,E,input_contract,NA,D:\IL-24(teeth）\phase2_release\data\IL24_immunogen_27_160.fasta
Immunogen134,133,159,V,input_contract,NA,D:\IL-24(teeth）\phase2_release\data\IL24_immunogen_27_160.fasta
Immunogen134,134,160,A,input_contract,NA,D:\IL-24(teeth）\phase2_release\data\IL24_immunogen_27_160.fasta
