project_residue_number,amino_acid,native_27_181_index,immunogen_27_160_index,region
1,M,,,signal_peptide
2,S,,,signal_peptide
3,W,,,signal_peptide
4,G,,,signal_peptide
5,L,,,signal_peptide
6,Q,,,signal_peptide
7,I,,,signal_peptide
8,L,,,signal_peptide
9,P,,,signal_peptide
10,C,,,signal_peptide
11,L,,,signal_peptide
12,S,,,signal_peptide
13,L,,,signal_peptide
14,I,,,signal_peptide
15,L,,,signal_peptide
16,L,,,signal_peptide
17,L,,,signal_peptide
18,W,,,signal_peptide
19,N,,,signal_peptide
20,Q,,,signal_peptide
21,V,,,signal_peptide
22,P,,,signal_peptide
23,G,,,signal_peptide
24,L,,,signal_peptide
25,E,,,signal_peptide
26,G,,,signal_peptide
27,Q,1,1,immunogen
28,E,2,2,immunogen
29,F,3,3,immunogen
30,R,4,4,immunogen
31,S,5,5,immunogen
32,G,6,6,immunogen
33,S,7,7,immunogen
34,C,8,8,immunogen
35,Q,9,9,immunogen
36,V,10,10,immunogen
37,T,11,11,immunogen
38,G,12,12,immunogen
39,V,13,13,immunogen
40,V,14,14,immunogen
41,L,15,15,immunogen
42,P,16,16,immunogen
43,E,17,17,immunogen
44,L,18,18,immunogen
45,W,19,19,immunogen
46,E,20,20,immunogen
47,A,21,21,immunogen
48,F,22,22,immunogen
49,W,23,23,immunogen
50,T,24,24,immunogen
51,V,25,25,immunogen
52,K,26,26,immunogen
53,N,27,27,immunogen
54,T,28,28,immunogen
55,V,29,29,immunogen
56,Q,30,30,immunogen
57,T,31,31,immunogen
58,Q,32,32,immunogen
59,D,33,33,immunogen
60,D,34,34,immunogen
61,I,35,35,immunogen
62,T,36,36,immunogen
63,S,37,37,immunogen
64,I,38,38,immunogen
65,R,39,39,immunogen
66,L,40,40,immunogen
67,L,41,41,immunogen
68,K,42,42,immunogen
69,P,43,43,immunogen
70,Q,44,44,immunogen
71,V,45,45,immunogen
72,L,46,46,immunogen
73,R,47,47,immunogen
74,N,48,48,immunogen
75,V,49,49,immunogen
76,S,50,50,immunogen
77,G,51,51,immunogen
78,A,52,52,immunogen
79,E,53,53,immunogen
80,S,54,54,immunogen
81,C,55,55,immunogen
82,Y,56,56,immunogen
83,L,57,57,immunogen
84,A,58,58,immunogen
85,H,59,59,immunogen
86,S,60,60,immunogen
87,L,61,61,immunogen
88,L,62,62,immunogen
89,K,63,63,immunogen
90,F,64,64,immunogen
91,Y,65,65,immunogen
92,L,66,66,immunogen
93,N,67,67,immunogen
94,T,68,68,immunogen
95,V,69,69,immunogen
96,F,70,70,immunogen
97,K,71,71,immunogen
98,N,72,72,immunogen
99,Y,73,73,immunogen
100,H,74,74,immunogen
101,S,75,75,immunogen
102,K,76,76,immunogen
103,I,77,77,immunogen
104,A,78,78,immunogen
105,K,79,79,immunogen
106,F,80,80,immunogen
107,K,81,81,immunogen
108,V,82,82,immunogen
109,L,83,83,immunogen
110,R,84,84,immunogen
111,S,85,85,immunogen
112,F,86,86,immunogen
113,S,87,87,immunogen
114,T,88,88,immunogen
115,L,89,89,immunogen
116,A,90,90,immunogen
117,N,91,91,immunogen
118,N,92,92,immunogen
119,F,93,93,immunogen
120,I,94,94,immunogen
121,V,95,95,immunogen
122,I,96,96,immunogen
123,M,97,97,immunogen
124,S,98,98,immunogen
125,Q,99,99,immunogen
126,L,100,100,immunogen
127,Q,101,101,immunogen
128,P,102,102,immunogen
129,S,103,103,immunogen
130,K,104,104,immunogen
131,D,105,105,immunogen
132,N,106,106,immunogen
133,S,107,107,immunogen
134,M,108,108,immunogen
135,L,109,109,immunogen
136,P,110,110,immunogen
137,I,111,111,immunogen
138,S,112,112,immunogen
139,E,113,113,immunogen
140,S,114,114,immunogen
141,A,115,115,immunogen
142,H,116,116,immunogen
143,Q,117,117,immunogen
144,R,118,118,immunogen
145,F,119,119,immunogen
146,L,120,120,immunogen
147,L,121,121,immunogen
148,F,122,122,immunogen
149,R,123,123,immunogen
150,R,124,124,immunogen
151,A,125,125,immunogen
152,F,126,126,immunogen
153,K,127,127,immunogen
154,Q,128,128,immunogen
155,L,129,129,immunogen
156,D,130,130,immunogen
157,T,131,131,immunogen
158,E,132,132,immunogen
159,V,133,133,immunogen
160,A,134,134,immunogen
161,L,135,,native_C_terminal_extension
162,V,136,,native_C_terminal_extension
163,K,137,,native_C_terminal_extension
164,A,138,,native_C_terminal_extension
165,F,139,,native_C_terminal_extension
166,G,140,,native_C_terminal_extension
167,E,141,,native_C_terminal_extension
168,V,142,,native_C_terminal_extension
169,D,143,,native_C_terminal_extension
170,I,144,,native_C_terminal_extension
171,L,145,,native_C_terminal_extension
172,L,146,,native_C_terminal_extension
173,T,147,,native_C_terminal_extension
174,W,148,,native_C_terminal_extension
175,M,149,,native_C_terminal_extension
176,Q,150,,native_C_terminal_extension
177,K,151,,native_C_terminal_extension
178,F,152,,native_C_terminal_extension
179,Y,153,,native_C_terminal_extension
180,H,154,,native_C_terminal_extension
181,L,155,,native_C_terminal_extension
