construct,condition,seed,source_path,status,failure_reason,chain_breaks,peptide_cn_outliers,interchain_clashes_within_1p8,antigen_antibody_clashes_within_1p8,nonlocal_intrachain_clashes_within_1p8,missing_backbone_atoms,geometry_warning,thresholds,qc_source,exclusion_policy,epitope_project_residues_matches_saved,epitope_residues_4p5_matches_saved,paratope_residues_4p5_matches_saved,cdr_paratope_residues_4p5_matches_saved,recomputed_contact_pairs_lt5,recalculation_scope,actual_geometry_observation
Immunogen134,formal_msa,8,D:\IL-24(teeth）\phase2_release\results\immunogen_blind_msa_confidence_representative_seed8.pdb,complete,,0,0,7,6,4,0,1,legacy: CA>4.5A; CN<1.1 or >1.6A; cKDTree radius1.8A; nonlocal local-distance>1,src/assess_relaxed_geometry.py; same thresholds; explicit local mapping,"warnings retained, never excluded after seeing results",True,True,True,True,83,available_original_unrelaxed_PDB_subset_only,True
Immunogen134,formal_msa,7,D:\IL-24(teeth）\phase2_release\results\immunogen_blind_msa_consensus_representative_seed7.pdb,complete,,0,0,7,7,1,0,1,legacy: CA>4.5A; CN<1.1 or >1.6A; cKDTree radius1.8A; nonlocal local-distance>1,src/assess_relaxed_geometry.py; same thresholds; explicit local mapping,"warnings retained, never excluded after seeing results",True,True,True,True,57,available_original_unrelaxed_PDB_subset_only,True
Native155,formal_msa,4,D:\IL-24(teeth）\phase2_release\results\native_blind_msa_confidence_representative_seed4.pdb,complete,,0,0,14,14,6,0,1,legacy: CA>4.5A; CN<1.1 or >1.6A; cKDTree radius1.8A; nonlocal local-distance>1,src/assess_relaxed_geometry.py; same thresholds; explicit local mapping,"warnings retained, never excluded after seeing results",True,True,True,True,90,available_original_unrelaxed_PDB_subset_only,True
Native155,formal_msa,9,D:\IL-24(teeth）\phase2_release\results\native_blind_msa_consensus_representative_seed9.pdb,complete,,0,0,0,0,5,0,1,legacy: CA>4.5A; CN<1.1 or >1.6A; cKDTree radius1.8A; nonlocal local-distance>1,src/assess_relaxed_geometry.py; same thresholds; explicit local mapping,"warnings retained, never excluded after seeing results",True,True,True,True,53,available_original_unrelaxed_PDB_subset_only,True
Native155,formal_msa,7,D:\IL-24(teeth）\phase2_release\results\native_blind_msa_phase1_informed_representative_seed7.pdb,complete,,0,0,1,1,2,0,1,legacy: CA>4.5A; CN<1.1 or >1.6A; cKDTree radius1.8A; nonlocal local-distance>1,src/assess_relaxed_geometry.py; same thresholds; explicit local mapping,"warnings retained, never excluded after seeing results",True,True,True,True,63,available_original_unrelaxed_PDB_subset_only,True
Native155,formal_msa,11,D:\IL-24(teeth）\phase2_release\results\native_blind_seed11.pdb,complete,,0,0,8,8,1,0,1,legacy: CA>4.5A; CN<1.1 or >1.6A; cKDTree radius1.8A; nonlocal local-distance>1,src/assess_relaxed_geometry.py; same thresholds; explicit local mapping,"warnings retained, never excluded after seeing results",True,True,True,True,65,available_original_unrelaxed_PDB_subset_only,True
Native155,formal_msa,12,D:\IL-24(teeth）\phase2_release\results\native_blind_seed12.pdb,complete,,0,0,1,1,4,0,1,legacy: CA>4.5A; CN<1.1 or >1.6A; cKDTree radius1.8A; nonlocal local-distance>1,src/assess_relaxed_geometry.py; same thresholds; explicit local mapping,"warnings retained, never excluded after seeing results",True,True,True,True,63,available_original_unrelaxed_PDB_subset_only,True
Native155,formal_msa,13,D:\IL-24(teeth）\phase2_release\results\native_blind_seed13.pdb,complete,,0,0,5,5,7,0,1,legacy: CA>4.5A; CN<1.1 or >1.6A; cKDTree radius1.8A; nonlocal local-distance>1,src/assess_relaxed_geometry.py; same thresholds; explicit local mapping,"warnings retained, never excluded after seeing results",True,True,True,True,55,available_original_unrelaxed_PDB_subset_only,True
Native155,formal_msa,14,D:\IL-24(teeth）\phase2_release\results\native_blind_seed14.pdb,complete,,0,0,0,0,1,0,1,legacy: CA>4.5A; CN<1.1 or >1.6A; cKDTree radius1.8A; nonlocal local-distance>1,src/assess_relaxed_geometry.py; same thresholds; explicit local mapping,"warnings retained, never excluded after seeing results",True,True,True,True,42,available_original_unrelaxed_PDB_subset_only,True
Native155,formal_msa,2,D:\IL-24(teeth）\phase2_release\results\native_blind_seed2.pdb,complete,,0,0,9,8,2,0,1,legacy: CA>4.5A; CN<1.1 or >1.6A; cKDTree radius1.8A; nonlocal local-distance>1,src/assess_relaxed_geometry.py; same thresholds; explicit local mapping,"warnings retained, never excluded after seeing results",True,True,True,True,64,available_original_unrelaxed_PDB_subset_only,True
Native155,formal_msa,3,D:\IL-24(teeth）\phase2_release\results\native_blind_seed3.pdb,complete,,0,0,1,1,3,0,1,legacy: CA>4.5A; CN<1.1 or >1.6A; cKDTree radius1.8A; nonlocal local-distance>1,src/assess_relaxed_geometry.py; same thresholds; explicit local mapping,"warnings retained, never excluded after seeing results",True,True,True,True,67,available_original_unrelaxed_PDB_subset_only,True
Native155,formal_msa,5,D:\IL-24(teeth）\phase2_release\results\native_blind_seed5.pdb,complete,,0,0,5,5,9,0,1,legacy: CA>4.5A; CN<1.1 or >1.6A; cKDTree radius1.8A; nonlocal local-distance>1,src/assess_relaxed_geometry.py; same thresholds; explicit local mapping,"warnings retained, never excluded after seeing results",True,True,True,True,50,available_original_unrelaxed_PDB_subset_only,True
Native155,formal_msa,8,D:\IL-24(teeth）\phase2_release\results\native_blind_seed8.pdb,complete,,0,0,6,6,2,0,1,legacy: CA>4.5A; CN<1.1 or >1.6A; cKDTree radius1.8A; nonlocal local-distance>1,src/assess_relaxed_geometry.py; same thresholds; explicit local mapping,"warnings retained, never excluded after seeing results",True,True,True,True,69,available_original_unrelaxed_PDB_subset_only,True
