construct,condition,seed,source_path,route,confidence_score,ptm,iptm,complex_plddt,epitope_residues_4p5,paratope_residues_4p5,cdr_paratope_residues_4p5,hotspot_hits_4p5,hotspot_coverage,hotspot_fraction_in_interface,epitope_project_residues,observation_available,evidence_level,status,missing_reason,available_pdb_paths,current_raw_prediction_bundle_verified,prodigy_dG_kcal_mol,prodigy_Kd_M_25C,intermolecular_contacts,prodigy_status,prodigy_failure_reason,prodigy_temperature_C,prodigy_configured_temperature_C,prodigy_source_path,prodigy_structure_source_path,prodigy_evidence_level,prodigy_temperature_status,raw_audit_status,raw_audit_source_path,pdb_path,confidence_path,pae_path,chain_breaks,peptide_cn_outliers,interchain_clashes_lt1p8,nonlocal_intrachain_clashes_lt1p8,geometry_warning,geometry_source_path,geometry_evidence_level,geometry_status
Native155,empty,1,results/13_interface_analysis/formal/complex_model_summary.csv,native_blind,0.6925347447395325,0.638838529586792,0.5030094385147095,0.7399160861968994,18,24,21,1,0.016129032258064516,0.05555555555555555,59;101;102;103;104;106;107;110;161;162;163;164;165;166;167;168;169;170,True,saved_per_model_table,historical_saved_model_table,,/home/xinlab/home/ws/phase2/results/12_complex_prediction/formal/native_blind_seed1/boltz_results_native_blind/predictions/native_blind/native_blind_model_0.pdb,True,-13.7,8.9e-11,107.0,saved_per_model_table,,NA,NA,results/15_affinity/prodigy_formal.csv,NA,saved_per_model_table,unknown_not_inferred_from_25C_column_name,passed,results/full181_supplement/baseline_audit/server_raw_model_audit.csv,/home/xinlab/home/ws/phase2/results/12_complex_prediction/formal/native_blind_seed1/boltz_results_native_blind/predictions/native_blind/native_blind_model_0.pdb,/home/xinlab/home/ws/phase2/results/12_complex_prediction/formal/native_blind_seed1/boltz_results_native_blind/predictions/native_blind/confidence_native_blind_model_0.json,/home/xinlab/home/ws/phase2/results/12_complex_prediction/formal/native_blind_seed1/boltz_results_native_blind/predictions/native_blind/pae_native_blind_model_0.npz,0,0,8,12,1,/home/xinlab/home/ws/phase2/results/12_complex_prediction/formal/native_blind_seed1/boltz_results_native_blind/predictions/native_blind/native_blind_model_0.pdb,recomputed_existing_original_PDB_server_audit,passed
Native155,empty,2,results/13_interface_analysis/formal/complex_model_summary.csv,native_blind,0.6976515650749207,0.6376484036445618,0.5020700097084045,0.7465469241142273,26,28,23,13,0.20967741935483872,0.5,56;57;58;59;60;62;63;65;99;101;103;104;106;107;108;110;111;113;114;117;118;121;124;156;159;163,True,saved_per_model_table,historical_saved_model_table,,/home/xinlab/home/ws/phase2/results/12_complex_prediction/formal/native_blind_seed2/boltz_results_native_blind/predictions/native_blind/native_blind_model_0.pdb,True,-15.8,2.4e-12,121.0,saved_per_model_table,,NA,NA,results/15_affinity/prodigy_formal.csv,NA,saved_per_model_table,unknown_not_inferred_from_25C_column_name,passed,results/full181_supplement/baseline_audit/server_raw_model_audit.csv,/home/xinlab/home/ws/phase2/results/12_complex_prediction/formal/native_blind_seed2/boltz_results_native_blind/predictions/native_blind/native_blind_model_0.pdb,/home/xinlab/home/ws/phase2/results/12_complex_prediction/formal/native_blind_seed2/boltz_results_native_blind/predictions/native_blind/confidence_native_blind_model_0.json,/home/xinlab/home/ws/phase2/results/12_complex_prediction/formal/native_blind_seed2/boltz_results_native_blind/predictions/native_blind/pae_native_blind_model_0.npz,0,0,12,3,1,/home/xinlab/home/ws/phase2/results/12_complex_prediction/formal/native_blind_seed2/boltz_results_native_blind/predictions/native_blind/native_blind_model_0.pdb,recomputed_existing_original_PDB_server_audit,passed
Native155,empty,3,results/13_interface_analysis/formal/complex_model_summary.csv,native_blind,0.7041453719139099,0.6429077386856079,0.5060443878173828,0.7536706328392029,35,32,24,21,0.3387096774193548,0.6,58;59;61;62;63;64;65;67;68;69;107;108;109;110;111;113;114;117;118;121;122;125;128;131;134;149;153;156;159;160;161;163;164;165;166,True,saved_per_model_table,historical_saved_model_table,,/home/xinlab/home/ws/phase2/results/12_complex_prediction/formal/native_blind_seed3/boltz_results_native_blind/predictions/native_blind/native_blind_model_0.pdb,True,-15.8,2.6e-12,143.0,saved_per_model_table,,NA,NA,results/15_affinity/prodigy_formal.csv,NA,saved_per_model_table,unknown_not_inferred_from_25C_column_name,passed,results/full181_supplement/baseline_audit/server_raw_model_audit.csv,/home/xinlab/home/ws/phase2/results/12_complex_prediction/formal/native_blind_seed3/boltz_results_native_blind/predictions/native_blind/native_blind_model_0.pdb,/home/xinlab/home/ws/phase2/results/12_complex_prediction/formal/native_blind_seed3/boltz_results_native_blind/predictions/native_blind/confidence_native_blind_model_0.json,/home/xinlab/home/ws/phase2/results/12_complex_prediction/formal/native_blind_seed3/boltz_results_native_blind/predictions/native_blind/pae_native_blind_model_0.npz,0,0,11,6,1,/home/xinlab/home/ws/phase2/results/12_complex_prediction/formal/native_blind_seed3/boltz_results_native_blind/predictions/native_blind/native_blind_model_0.pdb,recomputed_existing_original_PDB_server_audit,passed
Native155,empty,4,results/13_interface_analysis/formal/complex_model_summary.csv,native_blind,0.6827334761619568,0.6364094614982605,0.5019986033439636,0.7279171347618103,23,28,24,11,0.1774193548387097,0.4782608695652174,57;58;59;60;62;63;64;65;98;99;100;101;103;104;107;108;110;111;114;115;118;122;125,True,saved_per_model_table,historical_saved_model_table,,/home/xinlab/home/ws/phase2/results/12_complex_prediction/formal/native_blind_seed4/boltz_results_native_blind/predictions/native_blind/native_blind_model_0.pdb,True,-13.0,3.1e-10,93.0,saved_per_model_table,,NA,NA,results/15_affinity/prodigy_formal.csv,NA,saved_per_model_table,unknown_not_inferred_from_25C_column_name,passed,results/full181_supplement/baseline_audit/server_raw_model_audit.csv,/home/xinlab/home/ws/phase2/results/12_complex_prediction/formal/native_blind_seed4/boltz_results_native_blind/predictions/native_blind/native_blind_model_0.pdb,/home/xinlab/home/ws/phase2/results/12_complex_prediction/formal/native_blind_seed4/boltz_results_native_blind/predictions/native_blind/confidence_native_blind_model_0.json,/home/xinlab/home/ws/phase2/results/12_complex_prediction/formal/native_blind_seed4/boltz_results_native_blind/predictions/native_blind/pae_native_blind_model_0.npz,0,0,5,5,1,/home/xinlab/home/ws/phase2/results/12_complex_prediction/formal/native_blind_seed4/boltz_results_native_blind/predictions/native_blind/native_blind_model_0.pdb,recomputed_existing_original_PDB_server_audit,passed
Native155,empty,5,results/13_interface_analysis/formal/complex_model_summary.csv,native_blind,0.6944229006767273,0.6387383937835693,0.504569411277771,0.74188631772995,23,26,23,12,0.1935483870967742,0.5217391304347826,57;58;59;60;61;62;63;64;65;98;99;101;103;104;106;107;108;110;111;114;118;121;125,True,saved_per_model_table,historical_saved_model_table,,/home/xinlab/home/ws/phase2/results/12_complex_prediction/formal/native_blind_seed5/boltz_results_native_blind/predictions/native_blind/native_blind_model_0.pdb,True,-14.9,1.2e-11,97.0,saved_per_model_table,,NA,NA,results/15_affinity/prodigy_formal.csv,NA,saved_per_model_table,unknown_not_inferred_from_25C_column_name,passed,results/full181_supplement/baseline_audit/server_raw_model_audit.csv,/home/xinlab/home/ws/phase2/results/12_complex_prediction/formal/native_blind_seed5/boltz_results_native_blind/predictions/native_blind/native_blind_model_0.pdb,/home/xinlab/home/ws/phase2/results/12_complex_prediction/formal/native_blind_seed5/boltz_results_native_blind/predictions/native_blind/confidence_native_blind_model_0.json,/home/xinlab/home/ws/phase2/results/12_complex_prediction/formal/native_blind_seed5/boltz_results_native_blind/predictions/native_blind/pae_native_blind_model_0.npz,0,0,7,9,1,/home/xinlab/home/ws/phase2/results/12_complex_prediction/formal/native_blind_seed5/boltz_results_native_blind/predictions/native_blind/native_blind_model_0.pdb,recomputed_existing_original_PDB_server_audit,passed
Native155,empty,6,results/13_interface_analysis/formal/complex_model_summary.csv,native_blind,0.6923503875732422,0.6392176747322083,0.5053266286849976,0.7391063570976257,26,27,23,11,0.1774193548387097,0.4230769230769231,57;58;59;62;63;65;99;101;103;104;106;107;108;110;111;112;113;114;117;118;121;124;156;159;160;163,True,saved_per_model_table,historical_saved_model_table,,/home/xinlab/home/ws/phase2/results/12_complex_prediction/formal/native_blind_seed6/boltz_results_native_blind/predictions/native_blind/native_blind_model_0.pdb,True,-16.3,1.2e-12,114.0,saved_per_model_table,,NA,NA,results/15_affinity/prodigy_formal.csv,NA,saved_per_model_table,unknown_not_inferred_from_25C_column_name,passed,results/full181_supplement/baseline_audit/server_raw_model_audit.csv,/home/xinlab/home/ws/phase2/results/12_complex_prediction/formal/native_blind_seed6/boltz_results_native_blind/predictions/native_blind/native_blind_model_0.pdb,/home/xinlab/home/ws/phase2/results/12_complex_prediction/formal/native_blind_seed6/boltz_results_native_blind/predictions/native_blind/confidence_native_blind_model_0.json,/home/xinlab/home/ws/phase2/results/12_complex_prediction/formal/native_blind_seed6/boltz_results_native_blind/predictions/native_blind/pae_native_blind_model_0.npz,0,0,10,1,1,/home/xinlab/home/ws/phase2/results/12_complex_prediction/formal/native_blind_seed6/boltz_results_native_blind/predictions/native_blind/native_blind_model_0.pdb,recomputed_existing_original_PDB_server_audit,passed
Native155,empty,7,results/13_interface_analysis/formal/complex_model_summary.csv,native_blind,0.6990214586257935,0.6382693648338318,0.5038217306137085,0.7478213906288147,19,26,23,8,0.12903225806451613,0.42105263157894735,54;56;57;58;59;60;62;63;97;98;99;100;101;102;103;104;107;108;111,True,saved_per_model_table,historical_saved_model_table,,/home/xinlab/home/ws/phase2/results/12_complex_prediction/formal/native_blind_seed7/boltz_results_native_blind/predictions/native_blind/native_blind_model_0.pdb,True,-12.6,5.7e-10,96.0,saved_per_model_table,,NA,NA,results/15_affinity/prodigy_formal.csv,NA,saved_per_model_table,unknown_not_inferred_from_25C_column_name,passed,results/full181_supplement/baseline_audit/server_raw_model_audit.csv,/home/xinlab/home/ws/phase2/results/12_complex_prediction/formal/native_blind_seed7/boltz_results_native_blind/predictions/native_blind/native_blind_model_0.pdb,/home/xinlab/home/ws/phase2/results/12_complex_prediction/formal/native_blind_seed7/boltz_results_native_blind/predictions/native_blind/confidence_native_blind_model_0.json,/home/xinlab/home/ws/phase2/results/12_complex_prediction/formal/native_blind_seed7/boltz_results_native_blind/predictions/native_blind/pae_native_blind_model_0.npz,0,0,15,18,1,/home/xinlab/home/ws/phase2/results/12_complex_prediction/formal/native_blind_seed7/boltz_results_native_blind/predictions/native_blind/native_blind_model_0.pdb,recomputed_existing_original_PDB_server_audit,passed
Native155,empty,8,results/13_interface_analysis/formal/complex_model_summary.csv,native_blind,0.6899762153625488,0.6374895572662354,0.5040265917778015,0.7364636063575745,18,23,20,6,0.0967741935483871,0.3333333333333333,53;54;56;57;58;60;94;97;98;99;100;101;102;103;104;107;108;111,True,saved_per_model_table,historical_saved_model_table,,/home/xinlab/home/ws/phase2/results/12_complex_prediction/formal/native_blind_seed8/boltz_results_native_blind/predictions/native_blind/native_blind_model_0.pdb,True,-11.2,5.6e-09,75.0,saved_per_model_table,,NA,NA,results/15_affinity/prodigy_formal.csv,NA,saved_per_model_table,unknown_not_inferred_from_25C_column_name,passed,results/full181_supplement/baseline_audit/server_raw_model_audit.csv,/home/xinlab/home/ws/phase2/results/12_complex_prediction/formal/native_blind_seed8/boltz_results_native_blind/predictions/native_blind/native_blind_model_0.pdb,/home/xinlab/home/ws/phase2/results/12_complex_prediction/formal/native_blind_seed8/boltz_results_native_blind/predictions/native_blind/confidence_native_blind_model_0.json,/home/xinlab/home/ws/phase2/results/12_complex_prediction/formal/native_blind_seed8/boltz_results_native_blind/predictions/native_blind/pae_native_blind_model_0.npz,0,0,4,4,1,/home/xinlab/home/ws/phase2/results/12_complex_prediction/formal/native_blind_seed8/boltz_results_native_blind/predictions/native_blind/native_blind_model_0.pdb,recomputed_existing_original_PDB_server_audit,passed
Native155,empty,9,results/13_interface_analysis/formal/complex_model_summary.csv,native_blind,0.691473662853241,0.6353908181190491,0.49978023767471313,0.7393969893455505,26,26,23,12,0.1935483870967742,0.46153846153846156,57;58;59;60;61;62;63;64;65;98;99;100;101;103;104;106;107;108;110;111;112;114;115;117;118;125,True,saved_per_model_table,historical_saved_model_table,,/home/xinlab/home/ws/phase2/results/12_complex_prediction/formal/native_blind_seed9/boltz_results_native_blind/predictions/native_blind/native_blind_model_0.pdb,True,-14.6,2.1e-11,101.0,saved_per_model_table,,NA,NA,results/15_affinity/prodigy_formal.csv,NA,saved_per_model_table,unknown_not_inferred_from_25C_column_name,passed,results/full181_supplement/baseline_audit/server_raw_model_audit.csv,/home/xinlab/home/ws/phase2/results/12_complex_prediction/formal/native_blind_seed9/boltz_results_native_blind/predictions/native_blind/native_blind_model_0.pdb,/home/xinlab/home/ws/phase2/results/12_complex_prediction/formal/native_blind_seed9/boltz_results_native_blind/predictions/native_blind/confidence_native_blind_model_0.json,/home/xinlab/home/ws/phase2/results/12_complex_prediction/formal/native_blind_seed9/boltz_results_native_blind/predictions/native_blind/pae_native_blind_model_0.npz,0,0,6,4,1,/home/xinlab/home/ws/phase2/results/12_complex_prediction/formal/native_blind_seed9/boltz_results_native_blind/predictions/native_blind/native_blind_model_0.pdb,recomputed_existing_original_PDB_server_audit,passed
Native155,empty,10,results/13_interface_analysis/formal/complex_model_summary.csv,native_blind,0.6864789128303528,0.6333643794059753,0.4956512451171875,0.7341858148574829,24,27,22,14,0.22580645161290322,0.5833333333333334,57;58;59;61;62;63;64;65;66;99;103;104;106;107;108;110;111;114;115;117;118;121;122;125,True,saved_per_model_table,historical_saved_model_table,,/home/xinlab/home/ws/phase2/results/12_complex_prediction/formal/native_blind_seed10/boltz_results_native_blind/predictions/native_blind/native_blind_model_0.pdb,True,-13.2,1.9e-10,102.0,saved_per_model_table,,NA,NA,results/15_affinity/prodigy_formal.csv,NA,saved_per_model_table,unknown_not_inferred_from_25C_column_name,passed,results/full181_supplement/baseline_audit/server_raw_model_audit.csv,/home/xinlab/home/ws/phase2/results/12_complex_prediction/formal/native_blind_seed10/boltz_results_native_blind/predictions/native_blind/native_blind_model_0.pdb,/home/xinlab/home/ws/phase2/results/12_complex_prediction/formal/native_blind_seed10/boltz_results_native_blind/predictions/native_blind/confidence_native_blind_model_0.json,/home/xinlab/home/ws/phase2/results/12_complex_prediction/formal/native_blind_seed10/boltz_results_native_blind/predictions/native_blind/pae_native_blind_model_0.npz,0,0,6,9,1,/home/xinlab/home/ws/phase2/results/12_complex_prediction/formal/native_blind_seed10/boltz_results_native_blind/predictions/native_blind/native_blind_model_0.pdb,recomputed_existing_original_PDB_server_audit,passed
Native155,empty,11,results/13_interface_analysis/formal/complex_model_summary.csv,native_blind,0.6947236657142639,0.6373445391654968,0.5014234185218811,0.7430487275123596,25,28,26,9,0.14516129032258066,0.36,58;59;62;65;98;99;100;101;103;104;106;107;110;113;114;117;118;120;121;156;159;163;164;166;168,True,saved_per_model_table,historical_saved_model_table,,/home/xinlab/home/ws/phase2/results/12_complex_prediction/formal/native_blind_seed11/boltz_results_native_blind/predictions/native_blind/native_blind_model_0.pdb,True,-14.6,1.8e-11,112.0,saved_per_model_table,,NA,NA,results/15_affinity/prodigy_formal.csv,NA,saved_per_model_table,unknown_not_inferred_from_25C_column_name,passed,results/full181_supplement/baseline_audit/server_raw_model_audit.csv,/home/xinlab/home/ws/phase2/results/12_complex_prediction/formal/native_blind_seed11/boltz_results_native_blind/predictions/native_blind/native_blind_model_0.pdb,/home/xinlab/home/ws/phase2/results/12_complex_prediction/formal/native_blind_seed11/boltz_results_native_blind/predictions/native_blind/confidence_native_blind_model_0.json,/home/xinlab/home/ws/phase2/results/12_complex_prediction/formal/native_blind_seed11/boltz_results_native_blind/predictions/native_blind/pae_native_blind_model_0.npz,0,0,10,5,1,/home/xinlab/home/ws/phase2/results/12_complex_prediction/formal/native_blind_seed11/boltz_results_native_blind/predictions/native_blind/native_blind_model_0.pdb,recomputed_existing_original_PDB_server_audit,passed
Native155,empty,12,results/13_interface_analysis/formal/complex_model_summary.csv,native_blind,0.7054558992385864,0.6432510614395142,0.5115033388137817,0.7539439797401428,19,27,24,8,0.12903225806451613,0.42105263157894735,58;59;62;63;65;99;101;103;104;107;108;110;111;113;114;117;118;121;163,True,saved_per_model_table,historical_saved_model_table,,/home/xinlab/home/ws/phase2/results/12_complex_prediction/formal/native_blind_seed12/boltz_results_native_blind/predictions/native_blind/native_blind_model_0.pdb,True,-12.4,8.4e-10,89.0,saved_per_model_table,,NA,NA,results/15_affinity/prodigy_formal.csv,NA,saved_per_model_table,unknown_not_inferred_from_25C_column_name,passed,results/full181_supplement/baseline_audit/server_raw_model_audit.csv,/home/xinlab/home/ws/phase2/results/12_complex_prediction/formal/native_blind_seed12/boltz_results_native_blind/predictions/native_blind/native_blind_model_0.pdb,/home/xinlab/home/ws/phase2/results/12_complex_prediction/formal/native_blind_seed12/boltz_results_native_blind/predictions/native_blind/confidence_native_blind_model_0.json,/home/xinlab/home/ws/phase2/results/12_complex_prediction/formal/native_blind_seed12/boltz_results_native_blind/predictions/native_blind/pae_native_blind_model_0.npz,0,0,5,3,1,/home/xinlab/home/ws/phase2/results/12_complex_prediction/formal/native_blind_seed12/boltz_results_native_blind/predictions/native_blind/native_blind_model_0.pdb,recomputed_existing_original_PDB_server_audit,passed
Native155,empty,13,results/13_interface_analysis/formal/complex_model_summary.csv,native_blind,0.6870423555374146,0.6395076513290405,0.503253698348999,0.732989490032196,23,27,24,4,0.06451612903225806,0.17391304347826086,58;59;62;65;99;100;101;103;104;106;107;108;109;110;111;160;162;163;164;165;166;167;168,True,saved_per_model_table,historical_saved_model_table,,/home/xinlab/home/ws/phase2/results/12_complex_prediction/formal/native_blind_seed13/boltz_results_native_blind/predictions/native_blind/native_blind_model_0.pdb,True,-13.6,1e-10,97.0,saved_per_model_table,,NA,NA,results/15_affinity/prodigy_formal.csv,NA,saved_per_model_table,unknown_not_inferred_from_25C_column_name,passed,results/full181_supplement/baseline_audit/server_raw_model_audit.csv,/home/xinlab/home/ws/phase2/results/12_complex_prediction/formal/native_blind_seed13/boltz_results_native_blind/predictions/native_blind/native_blind_model_0.pdb,/home/xinlab/home/ws/phase2/results/12_complex_prediction/formal/native_blind_seed13/boltz_results_native_blind/predictions/native_blind/confidence_native_blind_model_0.json,/home/xinlab/home/ws/phase2/results/12_complex_prediction/formal/native_blind_seed13/boltz_results_native_blind/predictions/native_blind/pae_native_blind_model_0.npz,0,0,7,7,1,/home/xinlab/home/ws/phase2/results/12_complex_prediction/formal/native_blind_seed13/boltz_results_native_blind/predictions/native_blind/native_blind_model_0.pdb,recomputed_existing_original_PDB_server_audit,passed
Native155,empty,14,results/13_interface_analysis/formal/complex_model_summary.csv,native_blind,0.7178917527198792,0.6569253206253052,0.5275940299034119,0.7654661536216736,17,20,18,4,0.06451612903225806,0.23529411764705882,57;58;59;62;98;99;100;101;103;104;106;107;110;163;164;166;168,True,saved_per_model_table,historical_saved_model_table,,/home/xinlab/home/ws/phase2/results/12_complex_prediction/formal/native_blind_seed14/boltz_results_native_blind/predictions/native_blind/native_blind_model_0.pdb,True,-12.0,1.5e-09,75.0,saved_per_model_table,,NA,NA,results/15_affinity/prodigy_formal.csv,NA,saved_per_model_table,unknown_not_inferred_from_25C_column_name,passed,results/full181_supplement/baseline_audit/server_raw_model_audit.csv,/home/xinlab/home/ws/phase2/results/12_complex_prediction/formal/native_blind_seed14/boltz_results_native_blind/predictions/native_blind/native_blind_model_0.pdb,/home/xinlab/home/ws/phase2/results/12_complex_prediction/formal/native_blind_seed14/boltz_results_native_blind/predictions/native_blind/confidence_native_blind_model_0.json,/home/xinlab/home/ws/phase2/results/12_complex_prediction/formal/native_blind_seed14/boltz_results_native_blind/predictions/native_blind/pae_native_blind_model_0.npz,0,0,7,9,1,/home/xinlab/home/ws/phase2/results/12_complex_prediction/formal/native_blind_seed14/boltz_results_native_blind/predictions/native_blind/native_blind_model_0.pdb,recomputed_existing_original_PDB_server_audit,passed
Native155,empty,15,results/13_interface_analysis/formal/complex_model_summary.csv,native_blind,0.6882089972496033,0.6366685032844543,0.5002343058586121,0.7352026700973511,24,27,23,12,0.1935483870967742,0.5,57;58;59;62;63;64;65;98;99;101;103;104;106;107;108;110;111;114;115;117;118;121;122;125,True,saved_per_model_table,historical_saved_model_table,,/home/xinlab/home/ws/phase2/results/12_complex_prediction/formal/native_blind_seed15/boltz_results_native_blind/predictions/native_blind/native_blind_model_0.pdb,True,-13.8,8.1e-11,102.0,saved_per_model_table,,NA,NA,results/15_affinity/prodigy_formal.csv,NA,saved_per_model_table,unknown_not_inferred_from_25C_column_name,passed,results/full181_supplement/baseline_audit/server_raw_model_audit.csv,/home/xinlab/home/ws/phase2/results/12_complex_prediction/formal/native_blind_seed15/boltz_results_native_blind/predictions/native_blind/native_blind_model_0.pdb,/home/xinlab/home/ws/phase2/results/12_complex_prediction/formal/native_blind_seed15/boltz_results_native_blind/predictions/native_blind/confidence_native_blind_model_0.json,/home/xinlab/home/ws/phase2/results/12_complex_prediction/formal/native_blind_seed15/boltz_results_native_blind/predictions/native_blind/pae_native_blind_model_0.npz,0,0,8,11,1,/home/xinlab/home/ws/phase2/results/12_complex_prediction/formal/native_blind_seed15/boltz_results_native_blind/predictions/native_blind/native_blind_model_0.pdb,recomputed_existing_original_PDB_server_audit,passed
Native155,formal_msa,1,results/13_interface_analysis/formal_msa/complex_model_summary.csv,native_blind,0.7790666818618774,0.6287649869918823,0.4915338158607483,0.8509498834609985,23,25,24,7,0.11290322580645161,0.30434782608695654,37;89;92;93;96;97;100;101;104;107;108;109;110;112;113;116;117;120;121;123;124;125;127,True,saved_per_model_table,historical_saved_model_table,,/home/xinlab/home/ws/phase2/results/12_complex_prediction/formal_msa/native_blind_seed1/boltz_results_native_blind_msa/predictions/native_blind_msa/native_blind_msa_model_0.pdb,True,-13.2,2e-10,94.0,saved_per_model_table,,NA,NA,results/15_affinity/prodigy_formal_msa.csv,NA,saved_per_model_table,unknown_not_inferred_from_25C_column_name,passed,results/full181_supplement/baseline_audit/server_raw_model_audit.csv,/home/xinlab/home/ws/phase2/results/12_complex_prediction/formal_msa/native_blind_seed1/boltz_results_native_blind_msa/predictions/native_blind_msa/native_blind_msa_model_0.pdb,/home/xinlab/home/ws/phase2/results/12_complex_prediction/formal_msa/native_blind_seed1/boltz_results_native_blind_msa/predictions/native_blind_msa/confidence_native_blind_msa_model_0.json,/home/xinlab/home/ws/phase2/results/12_complex_prediction/formal_msa/native_blind_seed1/boltz_results_native_blind_msa/predictions/native_blind_msa/pae_native_blind_msa_model_0.npz,0,0,0,4,1,/home/xinlab/home/ws/phase2/results/12_complex_prediction/formal_msa/native_blind_seed1/boltz_results_native_blind_msa/predictions/native_blind_msa/native_blind_msa_model_0.pdb,recomputed_existing_original_PDB_server_audit,passed
Native155,formal_msa,2,results/13_interface_analysis/formal_msa/complex_model_summary.csv,native_blind,0.783604085445404,0.6522470712661743,0.521126389503479,0.8492234349250793,19,20,17,15,0.24193548387096775,0.7894736842105263,70;73;74;75;76;79;132;133;135;136;137;139;140;142;143;144;146;147;150,True,saved_per_model_table,historical_saved_model_table,,/home/xinlab/home/ws/phase2/results/12_complex_prediction/formal_msa/native_blind_seed2/boltz_results_native_blind_msa/predictions/native_blind_msa/native_blind_msa_model_0.pdb,True,-13.3,1.8e-10,78.0,saved_per_model_table,,NA,NA,results/15_affinity/prodigy_formal_msa.csv,NA,saved_per_model_table,unknown_not_inferred_from_25C_column_name,passed,results/full181_supplement/baseline_audit/server_raw_model_audit.csv,/home/xinlab/home/ws/phase2/results/12_complex_prediction/formal_msa/native_blind_seed2/boltz_results_native_blind_msa/predictions/native_blind_msa/native_blind_msa_model_0.pdb,/home/xinlab/home/ws/phase2/results/12_complex_prediction/formal_msa/native_blind_seed2/boltz_results_native_blind_msa/predictions/native_blind_msa/confidence_native_blind_msa_model_0.json,/home/xinlab/home/ws/phase2/results/12_complex_prediction/formal_msa/native_blind_seed2/boltz_results_native_blind_msa/predictions/native_blind_msa/pae_native_blind_msa_model_0.npz,0,0,9,2,1,/home/xinlab/home/ws/phase2/results/12_complex_prediction/formal_msa/native_blind_seed2/boltz_results_native_blind_msa/predictions/native_blind_msa/native_blind_msa_model_0.pdb,recomputed_existing_original_PDB_server_audit,passed
Native155,formal_msa,3,results/13_interface_analysis/formal_msa/complex_model_summary.csv,native_blind,0.7899157404899597,0.6649861931800842,0.5363360047340393,0.8533107042312622,17,26,22,13,0.20967741935483872,0.7647058823529411,28;29;79;132;133;135;136;138;139;140;142;143;144;146;147;149;150,True,saved_per_model_table,historical_saved_model_table,,/home/xinlab/home/ws/phase2/results/12_complex_prediction/formal_msa/native_blind_seed3/boltz_results_native_blind_msa/predictions/native_blind_msa/native_blind_msa_model_0.pdb,True,-12.6,6.1e-10,84.0,saved_per_model_table,,NA,NA,results/15_affinity/prodigy_formal_msa.csv,NA,saved_per_model_table,unknown_not_inferred_from_25C_column_name,passed,results/full181_supplement/baseline_audit/server_raw_model_audit.csv,/home/xinlab/home/ws/phase2/results/12_complex_prediction/formal_msa/native_blind_seed3/boltz_results_native_blind_msa/predictions/native_blind_msa/native_blind_msa_model_0.pdb,/home/xinlab/home/ws/phase2/results/12_complex_prediction/formal_msa/native_blind_seed3/boltz_results_native_blind_msa/predictions/native_blind_msa/confidence_native_blind_msa_model_0.json,/home/xinlab/home/ws/phase2/results/12_complex_prediction/formal_msa/native_blind_seed3/boltz_results_native_blind_msa/predictions/native_blind_msa/pae_native_blind_msa_model_0.npz,0,0,1,3,1,/home/xinlab/home/ws/phase2/results/12_complex_prediction/formal_msa/native_blind_seed3/boltz_results_native_blind_msa/predictions/native_blind_msa/native_blind_msa_model_0.pdb,recomputed_existing_original_PDB_server_audit,passed
Native155,formal_msa,4,results/13_interface_analysis/formal_msa/complex_model_summary.csv,native_blind,0.8283976912498474,0.7795047163963318,0.7003403306007385,0.8604119420051575,25,28,25,7,0.11290322580645161,0.28,37;38;43;46;92;93;96;97;100;104;107;109;110;111;112;113;114;116;117;120;121;123;124;125;127,True,saved_per_model_table,historical_saved_model_table,,/home/xinlab/home/ws/phase2/results/12_complex_prediction/formal_msa/native_blind_seed4/boltz_results_native_blind_msa/predictions/native_blind_msa/native_blind_msa_model_0.pdb,True,-13.9,6.4e-11,115.0,saved_per_model_table,,NA,NA,results/15_affinity/prodigy_formal_msa.csv,NA,saved_per_model_table,unknown_not_inferred_from_25C_column_name,passed,results/full181_supplement/baseline_audit/server_raw_model_audit.csv,/home/xinlab/home/ws/phase2/results/12_complex_prediction/formal_msa/native_blind_seed4/boltz_results_native_blind_msa/predictions/native_blind_msa/native_blind_msa_model_0.pdb,/home/xinlab/home/ws/phase2/results/12_complex_prediction/formal_msa/native_blind_seed4/boltz_results_native_blind_msa/predictions/native_blind_msa/confidence_native_blind_msa_model_0.json,/home/xinlab/home/ws/phase2/results/12_complex_prediction/formal_msa/native_blind_seed4/boltz_results_native_blind_msa/predictions/native_blind_msa/pae_native_blind_msa_model_0.npz,0,0,14,6,1,/home/xinlab/home/ws/phase2/results/12_complex_prediction/formal_msa/native_blind_seed4/boltz_results_native_blind_msa/predictions/native_blind_msa/native_blind_msa_model_0.pdb,recomputed_existing_original_PDB_server_audit,passed
Native155,formal_msa,5,results/13_interface_analysis/formal_msa/complex_model_summary.csv,native_blind,0.7909510731697083,0.681363046169281,0.5501686930656433,0.8511466383934021,14,22,17,12,0.1935483870967742,0.8571428571428571,86;130;132;135;136;139;140;142;143;146;147;149;150;153,True,saved_per_model_table,historical_saved_model_table,,/home/xinlab/home/ws/phase2/results/12_complex_prediction/formal_msa/native_blind_seed5/boltz_results_native_blind_msa/predictions/native_blind_msa/native_blind_msa_model_0.pdb,True,-11.9,1.8e-09,67.0,saved_per_model_table,,NA,NA,results/15_affinity/prodigy_formal_msa.csv,NA,saved_per_model_table,unknown_not_inferred_from_25C_column_name,passed,results/full181_supplement/baseline_audit/server_raw_model_audit.csv,/home/xinlab/home/ws/phase2/results/12_complex_prediction/formal_msa/native_blind_seed5/boltz_results_native_blind_msa/predictions/native_blind_msa/native_blind_msa_model_0.pdb,/home/xinlab/home/ws/phase2/results/12_complex_prediction/formal_msa/native_blind_seed5/boltz_results_native_blind_msa/predictions/native_blind_msa/confidence_native_blind_msa_model_0.json,/home/xinlab/home/ws/phase2/results/12_complex_prediction/formal_msa/native_blind_seed5/boltz_results_native_blind_msa/predictions/native_blind_msa/pae_native_blind_msa_model_0.npz,0,0,5,9,1,/home/xinlab/home/ws/phase2/results/12_complex_prediction/formal_msa/native_blind_seed5/boltz_results_native_blind_msa/predictions/native_blind_msa/native_blind_msa_model_0.pdb,recomputed_existing_original_PDB_server_audit,passed
Native155,formal_msa,6,results/13_interface_analysis/formal_msa/complex_model_summary.csv,native_blind,0.7803556323051453,0.6565068960189819,0.5242770314216614,0.8443753123283386,15,22,20,14,0.22580645161290322,0.9333333333333333,70;130;132;135;136;139;140;142;143;144;146;147;149;150;153,True,saved_per_model_table,historical_saved_model_table,,/home/xinlab/home/ws/phase2/results/12_complex_prediction/formal_msa/native_blind_seed6/boltz_results_native_blind_msa/predictions/native_blind_msa/native_blind_msa_model_0.pdb,True,-10.9,9.5e-09,68.0,saved_per_model_table,,NA,NA,results/15_affinity/prodigy_formal_msa.csv,NA,saved_per_model_table,unknown_not_inferred_from_25C_column_name,passed,results/full181_supplement/baseline_audit/server_raw_model_audit.csv,/home/xinlab/home/ws/phase2/results/12_complex_prediction/formal_msa/native_blind_seed6/boltz_results_native_blind_msa/predictions/native_blind_msa/native_blind_msa_model_0.pdb,/home/xinlab/home/ws/phase2/results/12_complex_prediction/formal_msa/native_blind_seed6/boltz_results_native_blind_msa/predictions/native_blind_msa/confidence_native_blind_msa_model_0.json,/home/xinlab/home/ws/phase2/results/12_complex_prediction/formal_msa/native_blind_seed6/boltz_results_native_blind_msa/predictions/native_blind_msa/pae_native_blind_msa_model_0.npz,0,0,0,11,1,/home/xinlab/home/ws/phase2/results/12_complex_prediction/formal_msa/native_blind_seed6/boltz_results_native_blind_msa/predictions/native_blind_msa/native_blind_msa_model_0.pdb,recomputed_existing_original_PDB_server_audit,passed
Native155,formal_msa,7,results/13_interface_analysis/formal_msa/complex_model_summary.csv,native_blind,0.8141912817955017,0.7352203130722046,0.6269111037254333,0.8610113263130188,17,26,21,15,0.24193548387096775,0.8823529411764706,27;130;132;135;136;137;139;140;142;143;144;145;146;147;149;150;153,True,saved_per_model_table,historical_saved_model_table,,/home/xinlab/home/ws/phase2/results/12_complex_prediction/formal_msa/native_blind_seed7/boltz_results_native_blind_msa/predictions/native_blind_msa/native_blind_msa_model_0.pdb,True,-10.8,1.2e-08,77.0,saved_per_model_table,,NA,NA,results/15_affinity/prodigy_formal_msa.csv,NA,saved_per_model_table,unknown_not_inferred_from_25C_column_name,passed,results/full181_supplement/baseline_audit/server_raw_model_audit.csv,/home/xinlab/home/ws/phase2/results/12_complex_prediction/formal_msa/native_blind_seed7/boltz_results_native_blind_msa/predictions/native_blind_msa/native_blind_msa_model_0.pdb,/home/xinlab/home/ws/phase2/results/12_complex_prediction/formal_msa/native_blind_seed7/boltz_results_native_blind_msa/predictions/native_blind_msa/confidence_native_blind_msa_model_0.json,/home/xinlab/home/ws/phase2/results/12_complex_prediction/formal_msa/native_blind_seed7/boltz_results_native_blind_msa/predictions/native_blind_msa/pae_native_blind_msa_model_0.npz,0,0,1,2,1,/home/xinlab/home/ws/phase2/results/12_complex_prediction/formal_msa/native_blind_seed7/boltz_results_native_blind_msa/predictions/native_blind_msa/native_blind_msa_model_0.pdb,recomputed_existing_original_PDB_server_audit,passed
Native155,formal_msa,8,results/13_interface_analysis/formal_msa/complex_model_summary.csv,native_blind,0.7838913798332214,0.6563702821731567,0.5274786353111267,0.8479945659637451,19,26,24,3,0.04838709677419355,0.15789473684210525,92;93;96;97;98;100;101;102;104;107;109;110;112;113;114;116;117;120;121,True,saved_per_model_table,historical_saved_model_table,,/home/xinlab/home/ws/phase2/results/12_complex_prediction/formal_msa/native_blind_seed8/boltz_results_native_blind_msa/predictions/native_blind_msa/native_blind_msa_model_0.pdb,True,-13.0,2.9e-10,94.0,saved_per_model_table,,NA,NA,results/15_affinity/prodigy_formal_msa.csv,NA,saved_per_model_table,unknown_not_inferred_from_25C_column_name,passed,results/full181_supplement/baseline_audit/server_raw_model_audit.csv,/home/xinlab/home/ws/phase2/results/12_complex_prediction/formal_msa/native_blind_seed8/boltz_results_native_blind_msa/predictions/native_blind_msa/native_blind_msa_model_0.pdb,/home/xinlab/home/ws/phase2/results/12_complex_prediction/formal_msa/native_blind_seed8/boltz_results_native_blind_msa/predictions/native_blind_msa/confidence_native_blind_msa_model_0.json,/home/xinlab/home/ws/phase2/results/12_complex_prediction/formal_msa/native_blind_seed8/boltz_results_native_blind_msa/predictions/native_blind_msa/pae_native_blind_msa_model_0.npz,0,0,6,2,1,/home/xinlab/home/ws/phase2/results/12_complex_prediction/formal_msa/native_blind_seed8/boltz_results_native_blind_msa/predictions/native_blind_msa/native_blind_msa_model_0.pdb,recomputed_existing_original_PDB_server_audit,passed
Native155,formal_msa,9,results/13_interface_analysis/formal_msa/complex_model_summary.csv,native_blind,0.7823625206947327,0.6583031415939331,0.5265651345252991,0.8463118672370911,15,21,16,14,0.22580645161290322,0.9333333333333333,70;73;132;135;136;138;139;140;142;143;144;146;147;149;150,True,saved_per_model_table,historical_saved_model_table,,/home/xinlab/home/ws/phase2/results/12_complex_prediction/formal_msa/native_blind_seed9/boltz_results_native_blind_msa/predictions/native_blind_msa/native_blind_msa_model_0.pdb,True,-12.7,4.5e-10,74.0,saved_per_model_table,,NA,NA,results/15_affinity/prodigy_formal_msa.csv,NA,saved_per_model_table,unknown_not_inferred_from_25C_column_name,passed,results/full181_supplement/baseline_audit/server_raw_model_audit.csv,/home/xinlab/home/ws/phase2/results/12_complex_prediction/formal_msa/native_blind_seed9/boltz_results_native_blind_msa/predictions/native_blind_msa/native_blind_msa_model_0.pdb,/home/xinlab/home/ws/phase2/results/12_complex_prediction/formal_msa/native_blind_seed9/boltz_results_native_blind_msa/predictions/native_blind_msa/confidence_native_blind_msa_model_0.json,/home/xinlab/home/ws/phase2/results/12_complex_prediction/formal_msa/native_blind_seed9/boltz_results_native_blind_msa/predictions/native_blind_msa/pae_native_blind_msa_model_0.npz,0,0,0,5,1,/home/xinlab/home/ws/phase2/results/12_complex_prediction/formal_msa/native_blind_seed9/boltz_results_native_blind_msa/predictions/native_blind_msa/native_blind_msa_model_0.pdb,recomputed_existing_original_PDB_server_audit,passed
Native155,formal_msa,10,results/13_interface_analysis/formal_msa/complex_model_summary.csv,native_blind,0.7803854942321777,0.6561410427093506,0.523788332939148,0.8445347547531128,15,21,18,15,0.24193548387096775,1.0,70;71;73;74;135;136;137;139;140;143;144;146;147;149;150,True,saved_per_model_table,historical_saved_model_table,,/home/xinlab/home/ws/phase2/results/12_complex_prediction/formal_msa/native_blind_seed10/boltz_results_native_blind_msa/predictions/native_blind_msa/native_blind_msa_model_0.pdb,True,-13.5,1.3e-10,76.0,saved_per_model_table,,NA,NA,results/15_affinity/prodigy_formal_msa.csv,NA,saved_per_model_table,unknown_not_inferred_from_25C_column_name,passed,results/full181_supplement/baseline_audit/server_raw_model_audit.csv,/home/xinlab/home/ws/phase2/results/12_complex_prediction/formal_msa/native_blind_seed10/boltz_results_native_blind_msa/predictions/native_blind_msa/native_blind_msa_model_0.pdb,/home/xinlab/home/ws/phase2/results/12_complex_prediction/formal_msa/native_blind_seed10/boltz_results_native_blind_msa/predictions/native_blind_msa/confidence_native_blind_msa_model_0.json,/home/xinlab/home/ws/phase2/results/12_complex_prediction/formal_msa/native_blind_seed10/boltz_results_native_blind_msa/predictions/native_blind_msa/pae_native_blind_msa_model_0.npz,0,0,6,7,1,/home/xinlab/home/ws/phase2/results/12_complex_prediction/formal_msa/native_blind_seed10/boltz_results_native_blind_msa/predictions/native_blind_msa/native_blind_msa_model_0.pdb,recomputed_existing_original_PDB_server_audit,passed
Native155,formal_msa,11,results/13_interface_analysis/formal_msa/complex_model_summary.csv,native_blind,0.7913171648979187,0.6763505339622498,0.5480004549026489,0.852146327495575,14,25,21,11,0.1774193548387097,0.7857142857142857,27;28;132;135;136;139;140;142;143;144;146;147;149;150,True,saved_per_model_table,historical_saved_model_table,,/home/xinlab/home/ws/phase2/results/12_complex_prediction/formal_msa/native_blind_seed11/boltz_results_native_blind_msa/predictions/native_blind_msa/native_blind_msa_model_0.pdb,True,-12.6,5.5e-10,80.0,saved_per_model_table,,NA,NA,results/15_affinity/prodigy_formal_msa.csv,NA,saved_per_model_table,unknown_not_inferred_from_25C_column_name,passed,results/full181_supplement/baseline_audit/server_raw_model_audit.csv,/home/xinlab/home/ws/phase2/results/12_complex_prediction/formal_msa/native_blind_seed11/boltz_results_native_blind_msa/predictions/native_blind_msa/native_blind_msa_model_0.pdb,/home/xinlab/home/ws/phase2/results/12_complex_prediction/formal_msa/native_blind_seed11/boltz_results_native_blind_msa/predictions/native_blind_msa/confidence_native_blind_msa_model_0.json,/home/xinlab/home/ws/phase2/results/12_complex_prediction/formal_msa/native_blind_seed11/boltz_results_native_blind_msa/predictions/native_blind_msa/pae_native_blind_msa_model_0.npz,0,0,8,1,1,/home/xinlab/home/ws/phase2/results/12_complex_prediction/formal_msa/native_blind_seed11/boltz_results_native_blind_msa/predictions/native_blind_msa/native_blind_msa_model_0.pdb,recomputed_existing_original_PDB_server_audit,passed
Native155,formal_msa,12,results/13_interface_analysis/formal_msa/complex_model_summary.csv,native_blind,0.7881364822387695,0.6627393960952759,0.5304901003837585,0.8525480628013611,17,22,19,13,0.20967741935483872,0.7647058823529411,27;28;73;74;79;132;135;136;138;139;140;142;143;144;146;147;150,True,saved_per_model_table,historical_saved_model_table,,/home/xinlab/home/ws/phase2/results/12_complex_prediction/formal_msa/native_blind_seed12/boltz_results_native_blind_msa/predictions/native_blind_msa/native_blind_msa_model_0.pdb,True,-11.9,1.8e-09,78.0,saved_per_model_table,,NA,NA,results/15_affinity/prodigy_formal_msa.csv,NA,saved_per_model_table,unknown_not_inferred_from_25C_column_name,passed,results/full181_supplement/baseline_audit/server_raw_model_audit.csv,/home/xinlab/home/ws/phase2/results/12_complex_prediction/formal_msa/native_blind_seed12/boltz_results_native_blind_msa/predictions/native_blind_msa/native_blind_msa_model_0.pdb,/home/xinlab/home/ws/phase2/results/12_complex_prediction/formal_msa/native_blind_seed12/boltz_results_native_blind_msa/predictions/native_blind_msa/confidence_native_blind_msa_model_0.json,/home/xinlab/home/ws/phase2/results/12_complex_prediction/formal_msa/native_blind_seed12/boltz_results_native_blind_msa/predictions/native_blind_msa/pae_native_blind_msa_model_0.npz,0,0,1,4,1,/home/xinlab/home/ws/phase2/results/12_complex_prediction/formal_msa/native_blind_seed12/boltz_results_native_blind_msa/predictions/native_blind_msa/native_blind_msa_model_0.pdb,recomputed_existing_original_PDB_server_audit,passed
Native155,formal_msa,13,results/13_interface_analysis/formal_msa/complex_model_summary.csv,native_blind,0.795452892780304,0.6951857805252075,0.570554792881012,0.851677417755127,16,24,21,13,0.20967741935483872,0.8125,82;86;130;132;135;136;138;139;140;142;143;146;147;149;150;153,True,saved_per_model_table,historical_saved_model_table,,/home/xinlab/home/ws/phase2/results/12_complex_prediction/formal_msa/native_blind_seed13/boltz_results_native_blind_msa/predictions/native_blind_msa/native_blind_msa_model_0.pdb,True,-12.2,1.1e-09,74.0,saved_per_model_table,,NA,NA,results/15_affinity/prodigy_formal_msa.csv,NA,saved_per_model_table,unknown_not_inferred_from_25C_column_name,passed,results/full181_supplement/baseline_audit/server_raw_model_audit.csv,/home/xinlab/home/ws/phase2/results/12_complex_prediction/formal_msa/native_blind_seed13/boltz_results_native_blind_msa/predictions/native_blind_msa/native_blind_msa_model_0.pdb,/home/xinlab/home/ws/phase2/results/12_complex_prediction/formal_msa/native_blind_seed13/boltz_results_native_blind_msa/predictions/native_blind_msa/confidence_native_blind_msa_model_0.json,/home/xinlab/home/ws/phase2/results/12_complex_prediction/formal_msa/native_blind_seed13/boltz_results_native_blind_msa/predictions/native_blind_msa/pae_native_blind_msa_model_0.npz,0,0,5,7,1,/home/xinlab/home/ws/phase2/results/12_complex_prediction/formal_msa/native_blind_seed13/boltz_results_native_blind_msa/predictions/native_blind_msa/native_blind_msa_model_0.pdb,recomputed_existing_original_PDB_server_audit,passed
Native155,formal_msa,14,results/13_interface_analysis/formal_msa/complex_model_summary.csv,native_blind,0.7892586588859558,0.6645764112472534,0.532585859298706,0.8534268140792847,12,17,15,10,0.16129032258064516,0.8333333333333334,27;132;135;136;138;139;140;142;143;146;147;149,True,saved_per_model_table,historical_saved_model_table,,/home/xinlab/home/ws/phase2/results/12_complex_prediction/formal_msa/native_blind_seed14/boltz_results_native_blind_msa/predictions/native_blind_msa/native_blind_msa_model_0.pdb,True,-11.0,8.9e-09,64.0,saved_per_model_table,,NA,NA,results/15_affinity/prodigy_formal_msa.csv,NA,saved_per_model_table,unknown_not_inferred_from_25C_column_name,passed,results/full181_supplement/baseline_audit/server_raw_model_audit.csv,/home/xinlab/home/ws/phase2/results/12_complex_prediction/formal_msa/native_blind_seed14/boltz_results_native_blind_msa/predictions/native_blind_msa/native_blind_msa_model_0.pdb,/home/xinlab/home/ws/phase2/results/12_complex_prediction/formal_msa/native_blind_seed14/boltz_results_native_blind_msa/predictions/native_blind_msa/confidence_native_blind_msa_model_0.json,/home/xinlab/home/ws/phase2/results/12_complex_prediction/formal_msa/native_blind_seed14/boltz_results_native_blind_msa/predictions/native_blind_msa/pae_native_blind_msa_model_0.npz,0,0,0,1,1,/home/xinlab/home/ws/phase2/results/12_complex_prediction/formal_msa/native_blind_seed14/boltz_results_native_blind_msa/predictions/native_blind_msa/native_blind_msa_model_0.pdb,recomputed_existing_original_PDB_server_audit,passed
Native155,formal_msa,15,results/13_interface_analysis/formal_msa/complex_model_summary.csv,native_blind,0.7835788726806641,0.6610739827156067,0.5301393270492554,0.8469387888908386,16,18,16,14,0.22580645161290322,0.875,70;79;132;133;135;136;137;138;139;140;142;143;144;146;147;150,True,saved_per_model_table,historical_saved_model_table,,/home/xinlab/home/ws/phase2/results/12_complex_prediction/formal_msa/native_blind_seed15/boltz_results_native_blind_msa/predictions/native_blind_msa/native_blind_msa_model_0.pdb,True,-11.8,2.2e-09,69.0,saved_per_model_table,,NA,NA,results/15_affinity/prodigy_formal_msa.csv,NA,saved_per_model_table,unknown_not_inferred_from_25C_column_name,passed,results/full181_supplement/baseline_audit/server_raw_model_audit.csv,/home/xinlab/home/ws/phase2/results/12_complex_prediction/formal_msa/native_blind_seed15/boltz_results_native_blind_msa/predictions/native_blind_msa/native_blind_msa_model_0.pdb,/home/xinlab/home/ws/phase2/results/12_complex_prediction/formal_msa/native_blind_seed15/boltz_results_native_blind_msa/predictions/native_blind_msa/confidence_native_blind_msa_model_0.json,/home/xinlab/home/ws/phase2/results/12_complex_prediction/formal_msa/native_blind_seed15/boltz_results_native_blind_msa/predictions/native_blind_msa/pae_native_blind_msa_model_0.npz,0,0,2,6,1,/home/xinlab/home/ws/phase2/results/12_complex_prediction/formal_msa/native_blind_seed15/boltz_results_native_blind_msa/predictions/native_blind_msa/native_blind_msa_model_0.pdb,recomputed_existing_original_PDB_server_audit,passed
Immunogen134,empty,1,results/13_interface_analysis/formal/complex_model_summary.csv,immunogen_blind,0.7183051109313965,0.6724313497543335,0.5404946208000183,0.7627577185630798,25,25,23,17,0.27419354838709675,0.68,55;56;57;58;59;61;62;63;65;66;68;106;107;109;110;111;113;114;117;118;120;150;151;154;158,True,saved_per_model_table,historical_saved_model_table,,/home/xinlab/home/ws/phase2/results/12_complex_prediction/formal/immunogen_blind_seed1/boltz_results_immunogen_blind/predictions/immunogen_blind/immunogen_blind_model_0.pdb,True,-16.7,5.5e-13,114.0,saved_per_model_table,,NA,NA,results/15_affinity/prodigy_formal.csv,NA,saved_per_model_table,unknown_not_inferred_from_25C_column_name,passed,results/full181_supplement/baseline_audit/server_raw_model_audit.csv,/home/xinlab/home/ws/phase2/results/12_complex_prediction/formal/immunogen_blind_seed1/boltz_results_immunogen_blind/predictions/immunogen_blind/immunogen_blind_model_0.pdb,/home/xinlab/home/ws/phase2/results/12_complex_prediction/formal/immunogen_blind_seed1/boltz_results_immunogen_blind/predictions/immunogen_blind/confidence_immunogen_blind_model_0.json,/home/xinlab/home/ws/phase2/results/12_complex_prediction/formal/immunogen_blind_seed1/boltz_results_immunogen_blind/predictions/immunogen_blind/pae_immunogen_blind_model_0.npz,0,0,7,1,1,/home/xinlab/home/ws/phase2/results/12_complex_prediction/formal/immunogen_blind_seed1/boltz_results_immunogen_blind/predictions/immunogen_blind/immunogen_blind_model_0.pdb,recomputed_existing_original_PDB_server_audit,passed
Immunogen134,empty,2,results/13_interface_analysis/formal/complex_model_summary.csv,immunogen_blind,0.6901775598526001,0.6688528060913086,0.5353111028671265,0.7288941740989685,29,28,24,19,0.3064516129032258,0.6551724137931034,38;39;40;42;43;45;46;49;50;52;53;68;69;70;73;131;133;134;135;136;137;139;142;143;145;146;149;153;156,True,saved_per_model_table,historical_saved_model_table,,/home/xinlab/home/ws/phase2/results/12_complex_prediction/formal/immunogen_blind_seed2/boltz_results_immunogen_blind/predictions/immunogen_blind/immunogen_blind_model_0.pdb,True,-12.5,6.6e-10,107.0,saved_per_model_table,,NA,NA,results/15_affinity/prodigy_formal.csv,NA,saved_per_model_table,unknown_not_inferred_from_25C_column_name,passed,results/full181_supplement/baseline_audit/server_raw_model_audit.csv,/home/xinlab/home/ws/phase2/results/12_complex_prediction/formal/immunogen_blind_seed2/boltz_results_immunogen_blind/predictions/immunogen_blind/immunogen_blind_model_0.pdb,/home/xinlab/home/ws/phase2/results/12_complex_prediction/formal/immunogen_blind_seed2/boltz_results_immunogen_blind/predictions/immunogen_blind/confidence_immunogen_blind_model_0.json,/home/xinlab/home/ws/phase2/results/12_complex_prediction/formal/immunogen_blind_seed2/boltz_results_immunogen_blind/predictions/immunogen_blind/pae_immunogen_blind_model_0.npz,0,0,6,18,1,/home/xinlab/home/ws/phase2/results/12_complex_prediction/formal/immunogen_blind_seed2/boltz_results_immunogen_blind/predictions/immunogen_blind/immunogen_blind_model_0.pdb,recomputed_existing_original_PDB_server_audit,passed
Immunogen134,empty,3,results/13_interface_analysis/formal/complex_model_summary.csv,immunogen_blind,0.7006611227989197,0.6603158116340637,0.5249667167663574,0.7445846796035767,26,30,25,24,0.3870967741935484,0.9230769230769231,59;60;62;63;64;65;66;67;68;114;116;117;118;120;121;123;124;125;127;128;132;140;143;144;147;150,True,saved_per_model_table,historical_saved_model_table,,/home/xinlab/home/ws/phase2/results/12_complex_prediction/formal/immunogen_blind_seed3/boltz_results_immunogen_blind/predictions/immunogen_blind/immunogen_blind_model_0.pdb,True,-15.3,6.4e-12,119.0,saved_per_model_table,,NA,NA,results/15_affinity/prodigy_formal.csv,NA,saved_per_model_table,unknown_not_inferred_from_25C_column_name,passed,results/full181_supplement/baseline_audit/server_raw_model_audit.csv,/home/xinlab/home/ws/phase2/results/12_complex_prediction/formal/immunogen_blind_seed3/boltz_results_immunogen_blind/predictions/immunogen_blind/immunogen_blind_model_0.pdb,/home/xinlab/home/ws/phase2/results/12_complex_prediction/formal/immunogen_blind_seed3/boltz_results_immunogen_blind/predictions/immunogen_blind/confidence_immunogen_blind_model_0.json,/home/xinlab/home/ws/phase2/results/12_complex_prediction/formal/immunogen_blind_seed3/boltz_results_immunogen_blind/predictions/immunogen_blind/pae_immunogen_blind_model_0.npz,0,0,6,14,1,/home/xinlab/home/ws/phase2/results/12_complex_prediction/formal/immunogen_blind_seed3/boltz_results_immunogen_blind/predictions/immunogen_blind/immunogen_blind_model_0.pdb,recomputed_existing_original_PDB_server_audit,passed
Immunogen134,empty,4,results/13_interface_analysis/formal/complex_model_summary.csv,immunogen_blind,0.6893463730812073,0.6711093783378601,0.5402893424034119,0.7266106009483337,32,34,28,25,0.4032258064516129,0.78125,58;62;65;69;70;73;109;110;111;112;113;114;117;118;120;121;124;125;127;133;134;135;136;137;142;145;146;149;150;152;153;156,True,saved_per_model_table,historical_saved_model_table,,/home/xinlab/home/ws/phase2/results/12_complex_prediction/formal/immunogen_blind_seed4/boltz_results_immunogen_blind/predictions/immunogen_blind/immunogen_blind_model_0.pdb,True,-15.0,9.2e-12,147.0,saved_per_model_table,,NA,NA,results/15_affinity/prodigy_formal.csv,NA,saved_per_model_table,unknown_not_inferred_from_25C_column_name,passed,results/full181_supplement/baseline_audit/server_raw_model_audit.csv,/home/xinlab/home/ws/phase2/results/12_complex_prediction/formal/immunogen_blind_seed4/boltz_results_immunogen_blind/predictions/immunogen_blind/immunogen_blind_model_0.pdb,/home/xinlab/home/ws/phase2/results/12_complex_prediction/formal/immunogen_blind_seed4/boltz_results_immunogen_blind/predictions/immunogen_blind/confidence_immunogen_blind_model_0.json,/home/xinlab/home/ws/phase2/results/12_complex_prediction/formal/immunogen_blind_seed4/boltz_results_immunogen_blind/predictions/immunogen_blind/pae_immunogen_blind_model_0.npz,0,0,7,13,1,/home/xinlab/home/ws/phase2/results/12_complex_prediction/formal/immunogen_blind_seed4/boltz_results_immunogen_blind/predictions/immunogen_blind/immunogen_blind_model_0.pdb,recomputed_existing_original_PDB_server_audit,passed
Immunogen134,empty,5,results/13_interface_analysis/formal/complex_model_summary.csv,immunogen_blind,0.692043662071228,0.6628353595733643,0.5265524387359619,0.7334164381027222,26,29,26,15,0.24193548387096775,0.5769230769230769,27;28;29;58;59;62;63;106;107;109;110;113;114;117;118;121;142;146;149;150;152;153;154;156;157;160,True,saved_per_model_table,historical_saved_model_table,,/home/xinlab/home/ws/phase2/results/12_complex_prediction/formal/immunogen_blind_seed5/boltz_results_immunogen_blind/predictions/immunogen_blind/immunogen_blind_model_0.pdb,True,-15.2,6.8e-12,112.0,saved_per_model_table,,NA,NA,results/15_affinity/prodigy_formal.csv,NA,saved_per_model_table,unknown_not_inferred_from_25C_column_name,passed,results/full181_supplement/baseline_audit/server_raw_model_audit.csv,/home/xinlab/home/ws/phase2/results/12_complex_prediction/formal/immunogen_blind_seed5/boltz_results_immunogen_blind/predictions/immunogen_blind/immunogen_blind_model_0.pdb,/home/xinlab/home/ws/phase2/results/12_complex_prediction/formal/immunogen_blind_seed5/boltz_results_immunogen_blind/predictions/immunogen_blind/confidence_immunogen_blind_model_0.json,/home/xinlab/home/ws/phase2/results/12_complex_prediction/formal/immunogen_blind_seed5/boltz_results_immunogen_blind/predictions/immunogen_blind/pae_immunogen_blind_model_0.npz,0,0,12,7,1,/home/xinlab/home/ws/phase2/results/12_complex_prediction/formal/immunogen_blind_seed5/boltz_results_immunogen_blind/predictions/immunogen_blind/immunogen_blind_model_0.pdb,recomputed_existing_original_PDB_server_audit,passed
Immunogen134,empty,6,results/13_interface_analysis/formal/complex_model_summary.csv,immunogen_blind,0.6987026333808899,0.6757540702819824,0.5450887084007263,0.7371060848236084,30,29,25,19,0.3064516129032258,0.6333333333333333,56;57;58;59;60;61;62;63;64;65;66;79;82;83;86;87;90;91;94;97;98;133;134;135;136;137;142;145;149;153,True,saved_per_model_table,historical_saved_model_table,,/home/xinlab/home/ws/phase2/results/12_complex_prediction/formal/immunogen_blind_seed6/boltz_results_immunogen_blind/predictions/immunogen_blind/immunogen_blind_model_0.pdb,True,-14.3,3.3e-11,115.0,saved_per_model_table,,NA,NA,results/15_affinity/prodigy_formal.csv,NA,saved_per_model_table,unknown_not_inferred_from_25C_column_name,passed,results/full181_supplement/baseline_audit/server_raw_model_audit.csv,/home/xinlab/home/ws/phase2/results/12_complex_prediction/formal/immunogen_blind_seed6/boltz_results_immunogen_blind/predictions/immunogen_blind/immunogen_blind_model_0.pdb,/home/xinlab/home/ws/phase2/results/12_complex_prediction/formal/immunogen_blind_seed6/boltz_results_immunogen_blind/predictions/immunogen_blind/confidence_immunogen_blind_model_0.json,/home/xinlab/home/ws/phase2/results/12_complex_prediction/formal/immunogen_blind_seed6/boltz_results_immunogen_blind/predictions/immunogen_blind/pae_immunogen_blind_model_0.npz,0,0,11,9,1,/home/xinlab/home/ws/phase2/results/12_complex_prediction/formal/immunogen_blind_seed6/boltz_results_immunogen_blind/predictions/immunogen_blind/immunogen_blind_model_0.pdb,recomputed_existing_original_PDB_server_audit,passed
Immunogen134,empty,7,results/13_interface_analysis/formal/complex_model_summary.csv,immunogen_blind,0.6933543086051941,0.670498251914978,0.5389543771743774,0.7319542765617371,31,30,26,11,0.1774193548387097,0.3548387096774194,27;28;29;30;31;32;33;78;79;82;83;85;86;89;90;92;93;94;97;130;133;134;135;136;137;139;142;145;146;149;153,True,saved_per_model_table,historical_saved_model_table,,/home/xinlab/home/ws/phase2/results/12_complex_prediction/formal/immunogen_blind_seed7/boltz_results_immunogen_blind/predictions/immunogen_blind/immunogen_blind_model_0.pdb,True,-15.4,5e-12,123.0,saved_per_model_table,,NA,NA,results/15_affinity/prodigy_formal.csv,NA,saved_per_model_table,unknown_not_inferred_from_25C_column_name,passed,results/full181_supplement/baseline_audit/server_raw_model_audit.csv,/home/xinlab/home/ws/phase2/results/12_complex_prediction/formal/immunogen_blind_seed7/boltz_results_immunogen_blind/predictions/immunogen_blind/immunogen_blind_model_0.pdb,/home/xinlab/home/ws/phase2/results/12_complex_prediction/formal/immunogen_blind_seed7/boltz_results_immunogen_blind/predictions/immunogen_blind/confidence_immunogen_blind_model_0.json,/home/xinlab/home/ws/phase2/results/12_complex_prediction/formal/immunogen_blind_seed7/boltz_results_immunogen_blind/predictions/immunogen_blind/pae_immunogen_blind_model_0.npz,0,0,6,11,1,/home/xinlab/home/ws/phase2/results/12_complex_prediction/formal/immunogen_blind_seed7/boltz_results_immunogen_blind/predictions/immunogen_blind/immunogen_blind_model_0.pdb,recomputed_existing_original_PDB_server_audit,passed
Immunogen134,empty,8,results/13_interface_analysis/formal/complex_model_summary.csv,immunogen_blind,0.6999348998069763,0.668241560459137,0.5354529619216919,0.7410553097724915,28,34,28,27,0.43548387096774194,0.9642857142857143,57;58;59;60;62;63;64;65;70;126;129;130;131;133;134;135;136;137;138;139;142;145;146;149;150;152;153;156,True,saved_per_model_table,historical_saved_model_table,,/home/xinlab/home/ws/phase2/results/12_complex_prediction/formal/immunogen_blind_seed8/boltz_results_immunogen_blind/predictions/immunogen_blind/immunogen_blind_model_0.pdb,True,-15.5,4.4e-12,122.0,saved_per_model_table,,NA,NA,results/15_affinity/prodigy_formal.csv,NA,saved_per_model_table,unknown_not_inferred_from_25C_column_name,passed,results/full181_supplement/baseline_audit/server_raw_model_audit.csv,/home/xinlab/home/ws/phase2/results/12_complex_prediction/formal/immunogen_blind_seed8/boltz_results_immunogen_blind/predictions/immunogen_blind/immunogen_blind_model_0.pdb,/home/xinlab/home/ws/phase2/results/12_complex_prediction/formal/immunogen_blind_seed8/boltz_results_immunogen_blind/predictions/immunogen_blind/confidence_immunogen_blind_model_0.json,/home/xinlab/home/ws/phase2/results/12_complex_prediction/formal/immunogen_blind_seed8/boltz_results_immunogen_blind/predictions/immunogen_blind/pae_immunogen_blind_model_0.npz,0,0,1,5,1,/home/xinlab/home/ws/phase2/results/12_complex_prediction/formal/immunogen_blind_seed8/boltz_results_immunogen_blind/predictions/immunogen_blind/immunogen_blind_model_0.pdb,recomputed_existing_original_PDB_server_audit,passed
Immunogen134,empty,9,results/13_interface_analysis/formal/complex_model_summary.csv,immunogen_blind,0.7040792107582092,0.6673570871353149,0.5338634848594666,0.7466331124305725,31,30,27,16,0.25806451612903225,0.5161290322580645,71;72;73;75;77;78;79;80;81;82;83;85;86;87;89;90;93;130;131;133;134;135;136;137;139;142;143;145;146;149;153,True,saved_per_model_table,historical_saved_model_table,,/home/xinlab/home/ws/phase2/results/12_complex_prediction/formal/immunogen_blind_seed9/boltz_results_immunogen_blind/predictions/immunogen_blind/immunogen_blind_model_0.pdb,True,-14.7,1.7e-11,113.0,saved_per_model_table,,NA,NA,results/15_affinity/prodigy_formal.csv,NA,saved_per_model_table,unknown_not_inferred_from_25C_column_name,passed,results/full181_supplement/baseline_audit/server_raw_model_audit.csv,/home/xinlab/home/ws/phase2/results/12_complex_prediction/formal/immunogen_blind_seed9/boltz_results_immunogen_blind/predictions/immunogen_blind/immunogen_blind_model_0.pdb,/home/xinlab/home/ws/phase2/results/12_complex_prediction/formal/immunogen_blind_seed9/boltz_results_immunogen_blind/predictions/immunogen_blind/confidence_immunogen_blind_model_0.json,/home/xinlab/home/ws/phase2/results/12_complex_prediction/formal/immunogen_blind_seed9/boltz_results_immunogen_blind/predictions/immunogen_blind/pae_immunogen_blind_model_0.npz,0,0,8,7,1,/home/xinlab/home/ws/phase2/results/12_complex_prediction/formal/immunogen_blind_seed9/boltz_results_immunogen_blind/predictions/immunogen_blind/immunogen_blind_model_0.pdb,recomputed_existing_original_PDB_server_audit,passed
Immunogen134,empty,10,results/13_interface_analysis/formal/complex_model_summary.csv,immunogen_blind,0.6947757601737976,0.6649221181869507,0.5300210118293762,0.7359644770622253,34,30,26,27,0.43548387096774194,0.7941176470588235,58;61;65;69;70;73;109;110;111;112;113;114;117;118;119;120;121;122;123;124;125;126;127;128;129;130;131;133;136;139;142;146;149;153,True,saved_per_model_table,historical_saved_model_table,,/home/xinlab/home/ws/phase2/results/12_complex_prediction/formal/immunogen_blind_seed10/boltz_results_immunogen_blind/predictions/immunogen_blind/immunogen_blind_model_0.pdb,True,-15.0,9.9e-12,127.0,saved_per_model_table,,NA,NA,results/15_affinity/prodigy_formal.csv,NA,saved_per_model_table,unknown_not_inferred_from_25C_column_name,passed,results/full181_supplement/baseline_audit/server_raw_model_audit.csv,/home/xinlab/home/ws/phase2/results/12_complex_prediction/formal/immunogen_blind_seed10/boltz_results_immunogen_blind/predictions/immunogen_blind/immunogen_blind_model_0.pdb,/home/xinlab/home/ws/phase2/results/12_complex_prediction/formal/immunogen_blind_seed10/boltz_results_immunogen_blind/predictions/immunogen_blind/confidence_immunogen_blind_model_0.json,/home/xinlab/home/ws/phase2/results/12_complex_prediction/formal/immunogen_blind_seed10/boltz_results_immunogen_blind/predictions/immunogen_blind/pae_immunogen_blind_model_0.npz,0,0,8,7,1,/home/xinlab/home/ws/phase2/results/12_complex_prediction/formal/immunogen_blind_seed10/boltz_results_immunogen_blind/predictions/immunogen_blind/immunogen_blind_model_0.pdb,recomputed_existing_original_PDB_server_audit,passed
Immunogen134,empty,11,results/13_interface_analysis/formal/complex_model_summary.csv,immunogen_blind,0.7052226662635803,0.6645808815956116,0.5289852619171143,0.7492820024490356,25,28,25,10,0.16129032258064516,0.4,27;28;29;31;72;78;79;82;83;85;86;89;90;93;94;133;134;135;136;137;139;142;145;146;149,True,saved_per_model_table,historical_saved_model_table,,/home/xinlab/home/ws/phase2/results/12_complex_prediction/formal/immunogen_blind_seed11/boltz_results_immunogen_blind/predictions/immunogen_blind/immunogen_blind_model_0.pdb,True,-12.1,1.3e-09,102.0,saved_per_model_table,,NA,NA,results/15_affinity/prodigy_formal.csv,NA,saved_per_model_table,unknown_not_inferred_from_25C_column_name,passed,results/full181_supplement/baseline_audit/server_raw_model_audit.csv,/home/xinlab/home/ws/phase2/results/12_complex_prediction/formal/immunogen_blind_seed11/boltz_results_immunogen_blind/predictions/immunogen_blind/immunogen_blind_model_0.pdb,/home/xinlab/home/ws/phase2/results/12_complex_prediction/formal/immunogen_blind_seed11/boltz_results_immunogen_blind/predictions/immunogen_blind/confidence_immunogen_blind_model_0.json,/home/xinlab/home/ws/phase2/results/12_complex_prediction/formal/immunogen_blind_seed11/boltz_results_immunogen_blind/predictions/immunogen_blind/pae_immunogen_blind_model_0.npz,0,0,8,18,1,/home/xinlab/home/ws/phase2/results/12_complex_prediction/formal/immunogen_blind_seed11/boltz_results_immunogen_blind/predictions/immunogen_blind/immunogen_blind_model_0.pdb,recomputed_existing_original_PDB_server_audit,passed
Immunogen134,empty,12,results/13_interface_analysis/formal/complex_model_summary.csv,immunogen_blind,0.7136737704277039,0.6776358485221863,0.5476685166358948,0.7551750540733337,26,30,27,10,0.16129032258064516,0.38461538461538464,27;28;29;30;31;77;78;79;82;83;85;86;89;90;93;133;134;135;136;137;139;142;145;146;149;153,True,saved_per_model_table,historical_saved_model_table,,/home/xinlab/home/ws/phase2/results/12_complex_prediction/formal/immunogen_blind_seed12/boltz_results_immunogen_blind/predictions/immunogen_blind/immunogen_blind_model_0.pdb,True,-13.3,1.9e-10,116.0,saved_per_model_table,,NA,NA,results/15_affinity/prodigy_formal.csv,NA,saved_per_model_table,unknown_not_inferred_from_25C_column_name,passed,results/full181_supplement/baseline_audit/server_raw_model_audit.csv,/home/xinlab/home/ws/phase2/results/12_complex_prediction/formal/immunogen_blind_seed12/boltz_results_immunogen_blind/predictions/immunogen_blind/immunogen_blind_model_0.pdb,/home/xinlab/home/ws/phase2/results/12_complex_prediction/formal/immunogen_blind_seed12/boltz_results_immunogen_blind/predictions/immunogen_blind/confidence_immunogen_blind_model_0.json,/home/xinlab/home/ws/phase2/results/12_complex_prediction/formal/immunogen_blind_seed12/boltz_results_immunogen_blind/predictions/immunogen_blind/pae_immunogen_blind_model_0.npz,0,0,3,22,1,/home/xinlab/home/ws/phase2/results/12_complex_prediction/formal/immunogen_blind_seed12/boltz_results_immunogen_blind/predictions/immunogen_blind/immunogen_blind_model_0.pdb,recomputed_existing_original_PDB_server_audit,passed
Immunogen134,empty,13,results/13_interface_analysis/formal/complex_model_summary.csv,immunogen_blind,0.7092194557189941,0.6735713481903076,0.5411959886550903,0.7512253522872925,27,28,25,12,0.1935483870967742,0.4444444444444444,28;29;30;31;32;78;79;80;82;83;85;86;89;90;131;133;134;135;136;137;138;139;142;145;146;149;153,True,saved_per_model_table,historical_saved_model_table,,/home/xinlab/home/ws/phase2/results/12_complex_prediction/formal/immunogen_blind_seed13/boltz_results_immunogen_blind/predictions/immunogen_blind/immunogen_blind_model_0.pdb,True,-13.9,6e-11,110.0,saved_per_model_table,,NA,NA,results/15_affinity/prodigy_formal.csv,NA,saved_per_model_table,unknown_not_inferred_from_25C_column_name,passed,results/full181_supplement/baseline_audit/server_raw_model_audit.csv,/home/xinlab/home/ws/phase2/results/12_complex_prediction/formal/immunogen_blind_seed13/boltz_results_immunogen_blind/predictions/immunogen_blind/immunogen_blind_model_0.pdb,/home/xinlab/home/ws/phase2/results/12_complex_prediction/formal/immunogen_blind_seed13/boltz_results_immunogen_blind/predictions/immunogen_blind/confidence_immunogen_blind_model_0.json,/home/xinlab/home/ws/phase2/results/12_complex_prediction/formal/immunogen_blind_seed13/boltz_results_immunogen_blind/predictions/immunogen_blind/pae_immunogen_blind_model_0.npz,0,0,7,18,1,/home/xinlab/home/ws/phase2/results/12_complex_prediction/formal/immunogen_blind_seed13/boltz_results_immunogen_blind/predictions/immunogen_blind/immunogen_blind_model_0.pdb,recomputed_existing_original_PDB_server_audit,passed
Immunogen134,empty,14,results/13_interface_analysis/formal/complex_model_summary.csv,immunogen_blind,0.6892858147621155,0.664595901966095,0.5298957228660583,0.7291333079338074,36,34,29,21,0.3387096774193548,0.5833333333333334,46;49;50;53;54;57;60;62;63;64;65;105;106;107;108;109;110;111;113;114;116;117;118;120;121;124;125;127;140;141;144;147;150;151;154;158,True,saved_per_model_table,historical_saved_model_table,,/home/xinlab/home/ws/phase2/results/12_complex_prediction/formal/immunogen_blind_seed14/boltz_results_immunogen_blind/predictions/immunogen_blind/immunogen_blind_model_0.pdb,True,-17.2,2.6e-13,155.0,saved_per_model_table,,NA,NA,results/15_affinity/prodigy_formal.csv,NA,saved_per_model_table,unknown_not_inferred_from_25C_column_name,passed,results/full181_supplement/baseline_audit/server_raw_model_audit.csv,/home/xinlab/home/ws/phase2/results/12_complex_prediction/formal/immunogen_blind_seed14/boltz_results_immunogen_blind/predictions/immunogen_blind/immunogen_blind_model_0.pdb,/home/xinlab/home/ws/phase2/results/12_complex_prediction/formal/immunogen_blind_seed14/boltz_results_immunogen_blind/predictions/immunogen_blind/confidence_immunogen_blind_model_0.json,/home/xinlab/home/ws/phase2/results/12_complex_prediction/formal/immunogen_blind_seed14/boltz_results_immunogen_blind/predictions/immunogen_blind/pae_immunogen_blind_model_0.npz,0,0,8,25,1,/home/xinlab/home/ws/phase2/results/12_complex_prediction/formal/immunogen_blind_seed14/boltz_results_immunogen_blind/predictions/immunogen_blind/immunogen_blind_model_0.pdb,recomputed_existing_original_PDB_server_audit,passed
Immunogen134,empty,15,results/13_interface_analysis/formal/complex_model_summary.csv,immunogen_blind,0.6981539130210876,0.6575273871421814,0.5198661684989929,0.7427258491516113,25,27,23,20,0.3225806451612903,0.8,58;59;62;63;66;106;110;113;114;117;118;120;121;124;125;127;138;139;140;141;143;144;147;150;154,True,saved_per_model_table,historical_saved_model_table,,/home/xinlab/home/ws/phase2/results/12_complex_prediction/formal/immunogen_blind_seed15/boltz_results_immunogen_blind/predictions/immunogen_blind/immunogen_blind_model_0.pdb,True,-14.2,3.8e-11,111.0,saved_per_model_table,,NA,NA,results/15_affinity/prodigy_formal.csv,NA,saved_per_model_table,unknown_not_inferred_from_25C_column_name,passed,results/full181_supplement/baseline_audit/server_raw_model_audit.csv,/home/xinlab/home/ws/phase2/results/12_complex_prediction/formal/immunogen_blind_seed15/boltz_results_immunogen_blind/predictions/immunogen_blind/immunogen_blind_model_0.pdb,/home/xinlab/home/ws/phase2/results/12_complex_prediction/formal/immunogen_blind_seed15/boltz_results_immunogen_blind/predictions/immunogen_blind/confidence_immunogen_blind_model_0.json,/home/xinlab/home/ws/phase2/results/12_complex_prediction/formal/immunogen_blind_seed15/boltz_results_immunogen_blind/predictions/immunogen_blind/pae_immunogen_blind_model_0.npz,0,0,3,9,1,/home/xinlab/home/ws/phase2/results/12_complex_prediction/formal/immunogen_blind_seed15/boltz_results_immunogen_blind/predictions/immunogen_blind/immunogen_blind_model_0.pdb,recomputed_existing_original_PDB_server_audit,passed
Immunogen134,formal_msa,1,results/13_interface_analysis/formal_msa/complex_model_summary.csv,immunogen_blind,0.769580066204071,0.6826120018959045,0.5527588129043579,0.8237853646278381,15,20,16,14,0.22580645161290322,0.9333333333333333,70;73;132;133;135;136;139;140;142;143;144;146;147;149;150,True,saved_per_model_table,historical_saved_model_table,,/home/xinlab/home/ws/phase2/results/12_complex_prediction/formal_msa/immunogen_blind_seed1/boltz_results_immunogen_blind_msa/predictions/immunogen_blind_msa/immunogen_blind_msa_model_0.pdb,True,-12.1,1.3e-09,65.0,saved_per_model_table,,NA,NA,results/15_affinity/prodigy_formal_msa.csv,NA,saved_per_model_table,unknown_not_inferred_from_25C_column_name,passed,results/full181_supplement/baseline_audit/server_raw_model_audit.csv,/home/xinlab/home/ws/phase2/results/12_complex_prediction/formal_msa/immunogen_blind_seed1/boltz_results_immunogen_blind_msa/predictions/immunogen_blind_msa/immunogen_blind_msa_model_0.pdb,/home/xinlab/home/ws/phase2/results/12_complex_prediction/formal_msa/immunogen_blind_seed1/boltz_results_immunogen_blind_msa/predictions/immunogen_blind_msa/confidence_immunogen_blind_msa_model_0.json,/home/xinlab/home/ws/phase2/results/12_complex_prediction/formal_msa/immunogen_blind_seed1/boltz_results_immunogen_blind_msa/predictions/immunogen_blind_msa/pae_immunogen_blind_msa_model_0.npz,0,0,0,1,1,/home/xinlab/home/ws/phase2/results/12_complex_prediction/formal_msa/immunogen_blind_seed1/boltz_results_immunogen_blind_msa/predictions/immunogen_blind_msa/immunogen_blind_msa_model_0.pdb,recomputed_existing_original_PDB_server_audit,passed
Immunogen134,formal_msa,2,results/13_interface_analysis/formal_msa/complex_model_summary.csv,immunogen_blind,0.7492727637290955,0.6529657244682312,0.515193521976471,0.8077925443649292,25,26,23,6,0.0967741935483871,0.24,27;37;38;93;96;97;100;101;103;104;105;106;107;108;109;110;112;113;116;117;120;121;123;124;125,True,saved_per_model_table,historical_saved_model_table,,/home/xinlab/home/ws/phase2/results/12_complex_prediction/formal_msa/immunogen_blind_seed2/boltz_results_immunogen_blind_msa/predictions/immunogen_blind_msa/immunogen_blind_msa_model_0.pdb,True,-13.8,7.9e-11,94.0,saved_per_model_table,,NA,NA,results/15_affinity/prodigy_formal_msa.csv,NA,saved_per_model_table,unknown_not_inferred_from_25C_column_name,passed,results/full181_supplement/baseline_audit/server_raw_model_audit.csv,/home/xinlab/home/ws/phase2/results/12_complex_prediction/formal_msa/immunogen_blind_seed2/boltz_results_immunogen_blind_msa/predictions/immunogen_blind_msa/immunogen_blind_msa_model_0.pdb,/home/xinlab/home/ws/phase2/results/12_complex_prediction/formal_msa/immunogen_blind_seed2/boltz_results_immunogen_blind_msa/predictions/immunogen_blind_msa/confidence_immunogen_blind_msa_model_0.json,/home/xinlab/home/ws/phase2/results/12_complex_prediction/formal_msa/immunogen_blind_seed2/boltz_results_immunogen_blind_msa/predictions/immunogen_blind_msa/pae_immunogen_blind_msa_model_0.npz,0,0,0,7,1,/home/xinlab/home/ws/phase2/results/12_complex_prediction/formal_msa/immunogen_blind_seed2/boltz_results_immunogen_blind_msa/predictions/immunogen_blind_msa/immunogen_blind_msa_model_0.pdb,recomputed_existing_original_PDB_server_audit,passed
Immunogen134,formal_msa,3,results/13_interface_analysis/formal_msa/complex_model_summary.csv,immunogen_blind,0.7591803669929504,0.6525354385375977,0.5140479207038879,0.8204634785652161,20,27,25,6,0.0967741935483871,0.3,40;43;92;93;96;97;100;107;109;110;112;113;114;116;117;120;121;124;127;130,True,saved_per_model_table,historical_saved_model_table,,/home/xinlab/home/ws/phase2/results/12_complex_prediction/formal_msa/immunogen_blind_seed3/boltz_results_immunogen_blind_msa/predictions/immunogen_blind_msa/immunogen_blind_msa_model_0.pdb,True,-12.3,9.7e-10,97.0,saved_per_model_table,,NA,NA,results/15_affinity/prodigy_formal_msa.csv,NA,saved_per_model_table,unknown_not_inferred_from_25C_column_name,passed,results/full181_supplement/baseline_audit/server_raw_model_audit.csv,/home/xinlab/home/ws/phase2/results/12_complex_prediction/formal_msa/immunogen_blind_seed3/boltz_results_immunogen_blind_msa/predictions/immunogen_blind_msa/immunogen_blind_msa_model_0.pdb,/home/xinlab/home/ws/phase2/results/12_complex_prediction/formal_msa/immunogen_blind_seed3/boltz_results_immunogen_blind_msa/predictions/immunogen_blind_msa/confidence_immunogen_blind_msa_model_0.json,/home/xinlab/home/ws/phase2/results/12_complex_prediction/formal_msa/immunogen_blind_seed3/boltz_results_immunogen_blind_msa/predictions/immunogen_blind_msa/pae_immunogen_blind_msa_model_0.npz,0,0,3,5,1,/home/xinlab/home/ws/phase2/results/12_complex_prediction/formal_msa/immunogen_blind_seed3/boltz_results_immunogen_blind_msa/predictions/immunogen_blind_msa/immunogen_blind_msa_model_0.pdb,recomputed_existing_original_PDB_server_audit,passed
Immunogen134,formal_msa,4,results/13_interface_analysis/formal_msa/complex_model_summary.csv,immunogen_blind,0.7660989165306091,0.6793020963668823,0.55003422498703,0.8201150298118591,16,20,18,13,0.20967741935483872,0.8125,79;89;132;133;135;136;137;139;140;142;143;145;146;149;150;153,True,saved_per_model_table,historical_saved_model_table,,/home/xinlab/home/ws/phase2/results/12_complex_prediction/formal_msa/immunogen_blind_seed4/boltz_results_immunogen_blind_msa/predictions/immunogen_blind_msa/immunogen_blind_msa_model_0.pdb,True,-11.2,6.1e-09,70.0,saved_per_model_table,,NA,NA,results/15_affinity/prodigy_formal_msa.csv,NA,saved_per_model_table,unknown_not_inferred_from_25C_column_name,passed,results/full181_supplement/baseline_audit/server_raw_model_audit.csv,/home/xinlab/home/ws/phase2/results/12_complex_prediction/formal_msa/immunogen_blind_seed4/boltz_results_immunogen_blind_msa/predictions/immunogen_blind_msa/immunogen_blind_msa_model_0.pdb,/home/xinlab/home/ws/phase2/results/12_complex_prediction/formal_msa/immunogen_blind_seed4/boltz_results_immunogen_blind_msa/predictions/immunogen_blind_msa/confidence_immunogen_blind_msa_model_0.json,/home/xinlab/home/ws/phase2/results/12_complex_prediction/formal_msa/immunogen_blind_seed4/boltz_results_immunogen_blind_msa/predictions/immunogen_blind_msa/pae_immunogen_blind_msa_model_0.npz,0,0,1,4,1,/home/xinlab/home/ws/phase2/results/12_complex_prediction/formal_msa/immunogen_blind_seed4/boltz_results_immunogen_blind_msa/predictions/immunogen_blind_msa/immunogen_blind_msa_model_0.pdb,recomputed_existing_original_PDB_server_audit,passed
Immunogen134,formal_msa,5,results/13_interface_analysis/formal_msa/complex_model_summary.csv,immunogen_blind,0.767654299736023,0.6923048496246338,0.5641065239906311,0.8185412287712097,15,22,18,13,0.20967741935483872,0.8666666666666667,73;79;132;135;136;139;140;142;143;144;146;147;149;150;153,True,saved_per_model_table,historical_saved_model_table,,/home/xinlab/home/ws/phase2/results/12_complex_prediction/formal_msa/immunogen_blind_seed5/boltz_results_immunogen_blind_msa/predictions/immunogen_blind_msa/immunogen_blind_msa_model_0.pdb,True,-11.5,3.5e-09,70.0,saved_per_model_table,,NA,NA,results/15_affinity/prodigy_formal_msa.csv,NA,saved_per_model_table,unknown_not_inferred_from_25C_column_name,passed,results/full181_supplement/baseline_audit/server_raw_model_audit.csv,/home/xinlab/home/ws/phase2/results/12_complex_prediction/formal_msa/immunogen_blind_seed5/boltz_results_immunogen_blind_msa/predictions/immunogen_blind_msa/immunogen_blind_msa_model_0.pdb,/home/xinlab/home/ws/phase2/results/12_complex_prediction/formal_msa/immunogen_blind_seed5/boltz_results_immunogen_blind_msa/predictions/immunogen_blind_msa/confidence_immunogen_blind_msa_model_0.json,/home/xinlab/home/ws/phase2/results/12_complex_prediction/formal_msa/immunogen_blind_seed5/boltz_results_immunogen_blind_msa/predictions/immunogen_blind_msa/pae_immunogen_blind_msa_model_0.npz,0,0,1,3,1,/home/xinlab/home/ws/phase2/results/12_complex_prediction/formal_msa/immunogen_blind_seed5/boltz_results_immunogen_blind_msa/predictions/immunogen_blind_msa/immunogen_blind_msa_model_0.pdb,recomputed_existing_original_PDB_server_audit,passed
Immunogen134,formal_msa,6,results/13_interface_analysis/formal_msa/complex_model_summary.csv,immunogen_blind,0.7748173475265503,0.7114654183387756,0.5885767936706543,0.8213774561882019,15,20,16,13,0.20967741935483872,0.8666666666666667,73;79;132;135;136;139;140;142;143;144;146;147;149;150;153,True,saved_per_model_table,historical_saved_model_table,,/home/xinlab/home/ws/phase2/results/12_complex_prediction/formal_msa/immunogen_blind_seed6/boltz_results_immunogen_blind_msa/predictions/immunogen_blind_msa/immunogen_blind_msa_model_0.pdb,True,-10.7,1.4e-08,66.0,saved_per_model_table,,NA,NA,results/15_affinity/prodigy_formal_msa.csv,NA,saved_per_model_table,unknown_not_inferred_from_25C_column_name,passed,results/full181_supplement/baseline_audit/server_raw_model_audit.csv,/home/xinlab/home/ws/phase2/results/12_complex_prediction/formal_msa/immunogen_blind_seed6/boltz_results_immunogen_blind_msa/predictions/immunogen_blind_msa/immunogen_blind_msa_model_0.pdb,/home/xinlab/home/ws/phase2/results/12_complex_prediction/formal_msa/immunogen_blind_seed6/boltz_results_immunogen_blind_msa/predictions/immunogen_blind_msa/confidence_immunogen_blind_msa_model_0.json,/home/xinlab/home/ws/phase2/results/12_complex_prediction/formal_msa/immunogen_blind_seed6/boltz_results_immunogen_blind_msa/predictions/immunogen_blind_msa/pae_immunogen_blind_msa_model_0.npz,0,0,2,1,1,/home/xinlab/home/ws/phase2/results/12_complex_prediction/formal_msa/immunogen_blind_seed6/boltz_results_immunogen_blind_msa/predictions/immunogen_blind_msa/immunogen_blind_msa_model_0.pdb,recomputed_existing_original_PDB_server_audit,passed
Immunogen134,formal_msa,7,results/13_interface_analysis/formal_msa/complex_model_summary.csv,immunogen_blind,0.7597211003303528,0.6769843697547913,0.5455464124679565,0.8132647275924683,17,22,19,15,0.24193548387096775,0.8823529411764706,70;73;74;79;133;135;136;139;140;142;143;144;146;147;149;150;153,True,saved_per_model_table,historical_saved_model_table,,/home/xinlab/home/ws/phase2/results/12_complex_prediction/formal_msa/immunogen_blind_seed7/boltz_results_immunogen_blind_msa/predictions/immunogen_blind_msa/immunogen_blind_msa_model_0.pdb,True,-13.4,1.4e-10,77.0,saved_per_model_table,,NA,NA,results/15_affinity/prodigy_formal_msa.csv,NA,saved_per_model_table,unknown_not_inferred_from_25C_column_name,passed,results/full181_supplement/baseline_audit/server_raw_model_audit.csv,/home/xinlab/home/ws/phase2/results/12_complex_prediction/formal_msa/immunogen_blind_seed7/boltz_results_immunogen_blind_msa/predictions/immunogen_blind_msa/immunogen_blind_msa_model_0.pdb,/home/xinlab/home/ws/phase2/results/12_complex_prediction/formal_msa/immunogen_blind_seed7/boltz_results_immunogen_blind_msa/predictions/immunogen_blind_msa/confidence_immunogen_blind_msa_model_0.json,/home/xinlab/home/ws/phase2/results/12_complex_prediction/formal_msa/immunogen_blind_seed7/boltz_results_immunogen_blind_msa/predictions/immunogen_blind_msa/pae_immunogen_blind_msa_model_0.npz,0,0,7,1,1,/home/xinlab/home/ws/phase2/results/12_complex_prediction/formal_msa/immunogen_blind_seed7/boltz_results_immunogen_blind_msa/predictions/immunogen_blind_msa/immunogen_blind_msa_model_0.pdb,recomputed_existing_original_PDB_server_audit,passed
Immunogen134,formal_msa,8,results/13_interface_analysis/formal_msa/complex_model_summary.csv,immunogen_blind,0.7749651074409485,0.6919706463813782,0.5696890950202942,0.8262841105461121,29,29,25,7,0.11290322580645161,0.2413793103448276,27;37;38;40;43;92;93;96;97;100;103;104;105;106;107;108;109;110;112;113;114;116;117;120;121;123;124;125;127,True,saved_per_model_table,historical_saved_model_table,,/home/xinlab/home/ws/phase2/results/12_complex_prediction/formal_msa/immunogen_blind_seed8/boltz_results_immunogen_blind_msa/predictions/immunogen_blind_msa/immunogen_blind_msa_model_0.pdb,True,-15.5,4.4e-12,109.0,saved_per_model_table,,NA,NA,results/15_affinity/prodigy_formal_msa.csv,NA,saved_per_model_table,unknown_not_inferred_from_25C_column_name,passed,results/full181_supplement/baseline_audit/server_raw_model_audit.csv,/home/xinlab/home/ws/phase2/results/12_complex_prediction/formal_msa/immunogen_blind_seed8/boltz_results_immunogen_blind_msa/predictions/immunogen_blind_msa/immunogen_blind_msa_model_0.pdb,/home/xinlab/home/ws/phase2/results/12_complex_prediction/formal_msa/immunogen_blind_seed8/boltz_results_immunogen_blind_msa/predictions/immunogen_blind_msa/confidence_immunogen_blind_msa_model_0.json,/home/xinlab/home/ws/phase2/results/12_complex_prediction/formal_msa/immunogen_blind_seed8/boltz_results_immunogen_blind_msa/predictions/immunogen_blind_msa/pae_immunogen_blind_msa_model_0.npz,0,0,7,4,1,/home/xinlab/home/ws/phase2/results/12_complex_prediction/formal_msa/immunogen_blind_seed8/boltz_results_immunogen_blind_msa/predictions/immunogen_blind_msa/immunogen_blind_msa_model_0.pdb,recomputed_existing_original_PDB_server_audit,passed
Immunogen134,formal_msa,9,results/13_interface_analysis/formal_msa/complex_model_summary.csv,immunogen_blind,0.748965859413147,0.6579126119613647,0.5219049453735352,0.8057310581207275,28,26,23,7,0.11290322580645161,0.25,27;37;38;39;40;42;43;46;92;96;97;100;107;108;109;110;111;112;113;114;116;117;118;120;121;124;125;127,True,saved_per_model_table,historical_saved_model_table,,/home/xinlab/home/ws/phase2/results/12_complex_prediction/formal_msa/immunogen_blind_seed9/boltz_results_immunogen_blind_msa/predictions/immunogen_blind_msa/immunogen_blind_msa_model_0.pdb,True,-13.9,6.3e-11,105.0,saved_per_model_table,,NA,NA,results/15_affinity/prodigy_formal_msa.csv,NA,saved_per_model_table,unknown_not_inferred_from_25C_column_name,passed,results/full181_supplement/baseline_audit/server_raw_model_audit.csv,/home/xinlab/home/ws/phase2/results/12_complex_prediction/formal_msa/immunogen_blind_seed9/boltz_results_immunogen_blind_msa/predictions/immunogen_blind_msa/immunogen_blind_msa_model_0.pdb,/home/xinlab/home/ws/phase2/results/12_complex_prediction/formal_msa/immunogen_blind_seed9/boltz_results_immunogen_blind_msa/predictions/immunogen_blind_msa/confidence_immunogen_blind_msa_model_0.json,/home/xinlab/home/ws/phase2/results/12_complex_prediction/formal_msa/immunogen_blind_seed9/boltz_results_immunogen_blind_msa/predictions/immunogen_blind_msa/pae_immunogen_blind_msa_model_0.npz,0,0,3,9,1,/home/xinlab/home/ws/phase2/results/12_complex_prediction/formal_msa/immunogen_blind_seed9/boltz_results_immunogen_blind_msa/predictions/immunogen_blind_msa/immunogen_blind_msa_model_0.pdb,recomputed_existing_original_PDB_server_audit,passed
Immunogen134,formal_msa,10,results/13_interface_analysis/formal_msa/complex_model_summary.csv,immunogen_blind,0.7530272603034973,0.6567746996879578,0.5187256932258606,0.8116026520729065,20,26,24,7,0.11290322580645161,0.35,40;43;92;93;96;97;100;109;110;112;113;114;116;117;120;121;123;124;127;130,True,saved_per_model_table,historical_saved_model_table,,/home/xinlab/home/ws/phase2/results/12_complex_prediction/formal_msa/immunogen_blind_seed10/boltz_results_immunogen_blind_msa/predictions/immunogen_blind_msa/immunogen_blind_msa_model_0.pdb,True,-12.5,6.4e-10,95.0,saved_per_model_table,,NA,NA,results/15_affinity/prodigy_formal_msa.csv,NA,saved_per_model_table,unknown_not_inferred_from_25C_column_name,passed,results/full181_supplement/baseline_audit/server_raw_model_audit.csv,/home/xinlab/home/ws/phase2/results/12_complex_prediction/formal_msa/immunogen_blind_seed10/boltz_results_immunogen_blind_msa/predictions/immunogen_blind_msa/immunogen_blind_msa_model_0.pdb,/home/xinlab/home/ws/phase2/results/12_complex_prediction/formal_msa/immunogen_blind_seed10/boltz_results_immunogen_blind_msa/predictions/immunogen_blind_msa/confidence_immunogen_blind_msa_model_0.json,/home/xinlab/home/ws/phase2/results/12_complex_prediction/formal_msa/immunogen_blind_seed10/boltz_results_immunogen_blind_msa/predictions/immunogen_blind_msa/pae_immunogen_blind_msa_model_0.npz,0,0,8,7,1,/home/xinlab/home/ws/phase2/results/12_complex_prediction/formal_msa/immunogen_blind_seed10/boltz_results_immunogen_blind_msa/predictions/immunogen_blind_msa/immunogen_blind_msa_model_0.pdb,recomputed_existing_original_PDB_server_audit,passed
Immunogen134,formal_msa,11,results/13_interface_analysis/formal_msa/complex_model_summary.csv,immunogen_blind,0.7590550184249878,0.6883047819137573,0.5611817240715027,0.8085232973098755,17,21,19,15,0.24193548387096775,0.8823529411764706,70;71;73;74;79;133;135;136;137;139;140;142;143;144;146;147;150,True,saved_per_model_table,historical_saved_model_table,,/home/xinlab/home/ws/phase2/results/12_complex_prediction/formal_msa/immunogen_blind_seed11/boltz_results_immunogen_blind_msa/predictions/immunogen_blind_msa/immunogen_blind_msa_model_0.pdb,True,-12.4,8.7e-10,72.0,saved_per_model_table,,NA,NA,results/15_affinity/prodigy_formal_msa.csv,NA,saved_per_model_table,unknown_not_inferred_from_25C_column_name,passed,results/full181_supplement/baseline_audit/server_raw_model_audit.csv,/home/xinlab/home/ws/phase2/results/12_complex_prediction/formal_msa/immunogen_blind_seed11/boltz_results_immunogen_blind_msa/predictions/immunogen_blind_msa/immunogen_blind_msa_model_0.pdb,/home/xinlab/home/ws/phase2/results/12_complex_prediction/formal_msa/immunogen_blind_seed11/boltz_results_immunogen_blind_msa/predictions/immunogen_blind_msa/confidence_immunogen_blind_msa_model_0.json,/home/xinlab/home/ws/phase2/results/12_complex_prediction/formal_msa/immunogen_blind_seed11/boltz_results_immunogen_blind_msa/predictions/immunogen_blind_msa/pae_immunogen_blind_msa_model_0.npz,0,0,3,2,1,/home/xinlab/home/ws/phase2/results/12_complex_prediction/formal_msa/immunogen_blind_seed11/boltz_results_immunogen_blind_msa/predictions/immunogen_blind_msa/immunogen_blind_msa_model_0.pdb,recomputed_existing_original_PDB_server_audit,passed
Immunogen134,formal_msa,12,results/13_interface_analysis/formal_msa/complex_model_summary.csv,immunogen_blind,0.7579488158226013,0.6603401899337769,0.5249993205070496,0.8161861896514893,21,26,23,7,0.11290322580645161,0.3333333333333333,27;38;40;43;92;93;96;97;100;109;110;112;113;116;117;120;121;123;124;127;130,True,saved_per_model_table,historical_saved_model_table,,/home/xinlab/home/ws/phase2/results/12_complex_prediction/formal_msa/immunogen_blind_seed12/boltz_results_immunogen_blind_msa/predictions/immunogen_blind_msa/immunogen_blind_msa_model_0.pdb,True,-12.5,6.2e-10,87.0,saved_per_model_table,,NA,NA,results/15_affinity/prodigy_formal_msa.csv,NA,saved_per_model_table,unknown_not_inferred_from_25C_column_name,passed,results/full181_supplement/baseline_audit/server_raw_model_audit.csv,/home/xinlab/home/ws/phase2/results/12_complex_prediction/formal_msa/immunogen_blind_seed12/boltz_results_immunogen_blind_msa/predictions/immunogen_blind_msa/immunogen_blind_msa_model_0.pdb,/home/xinlab/home/ws/phase2/results/12_complex_prediction/formal_msa/immunogen_blind_seed12/boltz_results_immunogen_blind_msa/predictions/immunogen_blind_msa/confidence_immunogen_blind_msa_model_0.json,/home/xinlab/home/ws/phase2/results/12_complex_prediction/formal_msa/immunogen_blind_seed12/boltz_results_immunogen_blind_msa/predictions/immunogen_blind_msa/pae_immunogen_blind_msa_model_0.npz,0,0,7,5,1,/home/xinlab/home/ws/phase2/results/12_complex_prediction/formal_msa/immunogen_blind_seed12/boltz_results_immunogen_blind_msa/predictions/immunogen_blind_msa/immunogen_blind_msa_model_0.pdb,recomputed_existing_original_PDB_server_audit,passed
Immunogen134,formal_msa,13,results/13_interface_analysis/formal_msa/complex_model_summary.csv,immunogen_blind,0.7704123258590698,0.6964502334594727,0.569126546382904,0.8207337260246277,16,20,18,14,0.22580645161290322,0.875,70;74;79;135;136;139;140;142;143;144;145;146;147;149;150;153,True,saved_per_model_table,historical_saved_model_table,,/home/xinlab/home/ws/phase2/results/12_complex_prediction/formal_msa/immunogen_blind_seed13/boltz_results_immunogen_blind_msa/predictions/immunogen_blind_msa/immunogen_blind_msa_model_0.pdb,True,-11.9,2e-09,69.0,saved_per_model_table,,NA,NA,results/15_affinity/prodigy_formal_msa.csv,NA,saved_per_model_table,unknown_not_inferred_from_25C_column_name,passed,results/full181_supplement/baseline_audit/server_raw_model_audit.csv,/home/xinlab/home/ws/phase2/results/12_complex_prediction/formal_msa/immunogen_blind_seed13/boltz_results_immunogen_blind_msa/predictions/immunogen_blind_msa/immunogen_blind_msa_model_0.pdb,/home/xinlab/home/ws/phase2/results/12_complex_prediction/formal_msa/immunogen_blind_seed13/boltz_results_immunogen_blind_msa/predictions/immunogen_blind_msa/confidence_immunogen_blind_msa_model_0.json,/home/xinlab/home/ws/phase2/results/12_complex_prediction/formal_msa/immunogen_blind_seed13/boltz_results_immunogen_blind_msa/predictions/immunogen_blind_msa/pae_immunogen_blind_msa_model_0.npz,0,0,8,1,1,/home/xinlab/home/ws/phase2/results/12_complex_prediction/formal_msa/immunogen_blind_seed13/boltz_results_immunogen_blind_msa/predictions/immunogen_blind_msa/immunogen_blind_msa_model_0.pdb,recomputed_existing_original_PDB_server_audit,passed
Immunogen134,formal_msa,14,results/13_interface_analysis/formal_msa/complex_model_summary.csv,immunogen_blind,0.7610371708869934,0.6496674418449402,0.5095124244689941,0.823918342590332,19,25,23,5,0.08064516129032258,0.2631578947368421,27;40;43;92;93;96;97;98;100;109;110;112;113;116;117;120;121;123;124,True,saved_per_model_table,historical_saved_model_table,,/home/xinlab/home/ws/phase2/results/12_complex_prediction/formal_msa/immunogen_blind_seed14/boltz_results_immunogen_blind_msa/predictions/immunogen_blind_msa/immunogen_blind_msa_model_0.pdb,True,-13.9,6.3e-11,99.0,saved_per_model_table,,NA,NA,results/15_affinity/prodigy_formal_msa.csv,NA,saved_per_model_table,unknown_not_inferred_from_25C_column_name,passed,results/full181_supplement/baseline_audit/server_raw_model_audit.csv,/home/xinlab/home/ws/phase2/results/12_complex_prediction/formal_msa/immunogen_blind_seed14/boltz_results_immunogen_blind_msa/predictions/immunogen_blind_msa/immunogen_blind_msa_model_0.pdb,/home/xinlab/home/ws/phase2/results/12_complex_prediction/formal_msa/immunogen_blind_seed14/boltz_results_immunogen_blind_msa/predictions/immunogen_blind_msa/confidence_immunogen_blind_msa_model_0.json,/home/xinlab/home/ws/phase2/results/12_complex_prediction/formal_msa/immunogen_blind_seed14/boltz_results_immunogen_blind_msa/predictions/immunogen_blind_msa/pae_immunogen_blind_msa_model_0.npz,0,0,6,2,1,/home/xinlab/home/ws/phase2/results/12_complex_prediction/formal_msa/immunogen_blind_seed14/boltz_results_immunogen_blind_msa/predictions/immunogen_blind_msa/immunogen_blind_msa_model_0.pdb,recomputed_existing_original_PDB_server_audit,passed
Immunogen134,formal_msa,15,results/13_interface_analysis/formal_msa/complex_model_summary.csv,immunogen_blind,0.7628921270370483,0.685009777545929,0.5535028576850891,0.815239429473877,18,23,17,16,0.25806451612903225,0.8888888888888888,70;74;79;132;133;134;135;136;137;139;140;142;143;144;146;147;149;150,True,saved_per_model_table,historical_saved_model_table,,/home/xinlab/home/ws/phase2/results/12_complex_prediction/formal_msa/immunogen_blind_seed15/boltz_results_immunogen_blind_msa/predictions/immunogen_blind_msa/immunogen_blind_msa_model_0.pdb,True,-12.6,6.2e-10,77.0,saved_per_model_table,,NA,NA,results/15_affinity/prodigy_formal_msa.csv,NA,saved_per_model_table,unknown_not_inferred_from_25C_column_name,passed,results/full181_supplement/baseline_audit/server_raw_model_audit.csv,/home/xinlab/home/ws/phase2/results/12_complex_prediction/formal_msa/immunogen_blind_seed15/boltz_results_immunogen_blind_msa/predictions/immunogen_blind_msa/immunogen_blind_msa_model_0.pdb,/home/xinlab/home/ws/phase2/results/12_complex_prediction/formal_msa/immunogen_blind_seed15/boltz_results_immunogen_blind_msa/predictions/immunogen_blind_msa/confidence_immunogen_blind_msa_model_0.json,/home/xinlab/home/ws/phase2/results/12_complex_prediction/formal_msa/immunogen_blind_seed15/boltz_results_immunogen_blind_msa/predictions/immunogen_blind_msa/pae_immunogen_blind_msa_model_0.npz,0,0,4,4,1,/home/xinlab/home/ws/phase2/results/12_complex_prediction/formal_msa/immunogen_blind_seed15/boltz_results_immunogen_blind_msa/predictions/immunogen_blind_msa/immunogen_blind_msa_model_0.pdb,recomputed_existing_original_PDB_server_audit,passed
