construct,condition,seed,source_path,exists,size_bytes,mtime_ns
multiple,multiple,ALL,MODEL_CARD.md,False,NA,NA
multiple,multiple,ALL,REPRODUCIBILITY.md,False,NA,NA
multiple,multiple,ALL,docs/Phase2_summary.md,False,NA,NA
multiple,multiple,ALL,docs/route_ensemble_summary.csv,True,1524,1789990451331958853
multiple,multiple,ALL,results/13_interface_analysis/formal/complex_model_summary.csv,True,7225,1788354223000000000
multiple,multiple,ALL,results/13_interface_analysis/formal/interface_contacts.csv,True,135565,1788354223000000000
multiple,multiple,ALL,results/13_interface_analysis/formal_msa/complex_model_summary.csv,True,6444,1788360956000000000
multiple,multiple,ALL,results/13_interface_analysis/formal_msa/interface_contacts.csv,True,101439,1788360956000000000
multiple,multiple,ALL,results/15_affinity/prodigy_formal.csv,True,2445,1788354623000000000
multiple,multiple,ALL,results/15_affinity/prodigy_formal_msa.csv,True,2425,1788360975000000000
multiple,multiple,ALL,results/complex_model_summary.csv,True,6444,1789990451330958865
multiple,multiple,ALL,results/formal_msa_comparison.csv,True,1450,1789990451330958865
multiple,multiple,ALL,results/full181_supplement/baseline_audit/server_raw_model_audit.csv,True,197983,1789991668006341145
multiple,multiple,ALL,results/full181_supplement/inputs/phase1_prior_deduplicated.csv,True,1177,1789990451331958853
multiple,multiple,ALL,results/interface_contacts.csv,True,101439,1789990451331958853
multiple,multiple,ALL,results/model_ranking_formal_msa.csv,True,4190,1789990451331958853
multiple,multiple,ALL,results/prodigy_formal_msa.csv,True,2425,1789990451331958853
multiple,multiple,ALL,results.csv,False,NA,NA
multiple,multiple,ALL,results_immunogen.csv,False,NA,NA
multiple,multiple,ALL,src/analyze_boltz_complexes.py,False,NA,NA
multiple,multiple,ALL,src/generate_af3_input.py,False,NA,NA
multiple,multiple,ALL,src/rank_formal_models.py,False,NA,NA
multiple,multiple,ALL,src/rank_formal_msa_models.py,False,NA,NA
multiple,multiple,ALL,src/summarize_formal_msa.py,False,NA,NA
