route,seed,confidence_score,ptm,iptm,complex_plddt,epitope_residues_4p5,paratope_residues_4p5,cdr_paratope_residues_4p5,hotspot_hits_4p5,hotspot_coverage,hotspot_fraction_in_interface,epitope_project_residues
immunogen_blind,1,0.769580066204071,0.6826120018959045,0.5527588129043579,0.8237853646278381,15,20,16,14,0.22580645161290322,0.9333333333333333,70;73;132;133;135;136;139;140;142;143;144;146;147;149;150
immunogen_blind,10,0.7530272603034973,0.6567746996879578,0.5187256932258606,0.8116026520729065,20,26,24,7,0.11290322580645161,0.35,40;43;92;93;96;97;100;109;110;112;113;114;116;117;120;121;123;124;127;130
immunogen_blind,11,0.7590550184249878,0.6883047819137573,0.5611817240715027,0.8085232973098755,17,21,19,15,0.24193548387096775,0.8823529411764706,70;71;73;74;79;133;135;136;137;139;140;142;143;144;146;147;150
immunogen_blind,12,0.7579488158226013,0.6603401899337769,0.5249993205070496,0.8161861896514893,21,26,23,7,0.11290322580645161,0.3333333333333333,27;38;40;43;92;93;96;97;100;109;110;112;113;116;117;120;121;123;124;127;130
immunogen_blind,13,0.7704123258590698,0.6964502334594727,0.569126546382904,0.8207337260246277,16,20,18,14,0.22580645161290322,0.875,70;74;79;135;136;139;140;142;143;144;145;146;147;149;150;153
immunogen_blind,14,0.7610371708869934,0.6496674418449402,0.5095124244689941,0.823918342590332,19,25,23,5,0.08064516129032258,0.2631578947368421,27;40;43;92;93;96;97;98;100;109;110;112;113;116;117;120;121;123;124
immunogen_blind,15,0.7628921270370483,0.685009777545929,0.5535028576850891,0.815239429473877,18,23,17,16,0.25806451612903225,0.8888888888888888,70;74;79;132;133;134;135;136;137;139;140;142;143;144;146;147;149;150
immunogen_blind,2,0.7492727637290955,0.6529657244682312,0.515193521976471,0.8077925443649292,25,26,23,6,0.0967741935483871,0.24,27;37;38;93;96;97;100;101;103;104;105;106;107;108;109;110;112;113;116;117;120;121;123;124;125
immunogen_blind,3,0.7591803669929504,0.6525354385375977,0.5140479207038879,0.8204634785652161,20,27,25,6,0.0967741935483871,0.3,40;43;92;93;96;97;100;107;109;110;112;113;114;116;117;120;121;124;127;130
immunogen_blind,4,0.7660989165306091,0.6793020963668823,0.55003422498703,0.8201150298118591,16,20,18,13,0.20967741935483872,0.8125,79;89;132;133;135;136;137;139;140;142;143;145;146;149;150;153
immunogen_blind,5,0.767654299736023,0.6923048496246338,0.5641065239906311,0.8185412287712097,15,22,18,13,0.20967741935483872,0.8666666666666667,73;79;132;135;136;139;140;142;143;144;146;147;149;150;153
immunogen_blind,6,0.7748173475265503,0.7114654183387756,0.5885767936706543,0.8213774561882019,15,20,16,13,0.20967741935483872,0.8666666666666667,73;79;132;135;136;139;140;142;143;144;146;147;149;150;153
immunogen_blind,7,0.7597211003303528,0.6769843697547913,0.5455464124679565,0.8132647275924683,17,22,19,15,0.24193548387096775,0.8823529411764706,70;73;74;79;133;135;136;139;140;142;143;144;146;147;149;150;153
immunogen_blind,8,0.7749651074409485,0.6919706463813782,0.5696890950202942,0.8262841105461121,29,29,25,7,0.11290322580645161,0.2413793103448276,27;37;38;40;43;92;93;96;97;100;103;104;105;106;107;108;109;110;112;113;114;116;117;120;121;123;124;125;127
immunogen_blind,9,0.748965859413147,0.6579126119613647,0.5219049453735352,0.8057310581207275,28,26,23,7,0.11290322580645161,0.25,27;37;38;39;40;42;43;46;92;96;97;100;107;108;109;110;111;112;113;114;116;117;118;120;121;124;125;127
native_blind,1,0.7790666818618774,0.6287649869918823,0.4915338158607483,0.8509498834609985,23,25,24,7,0.11290322580645161,0.30434782608695654,37;89;92;93;96;97;100;101;104;107;108;109;110;112;113;116;117;120;121;123;124;125;127
native_blind,10,0.7803854942321777,0.6561410427093506,0.523788332939148,0.8445347547531128,15,21,18,15,0.24193548387096775,1.0,70;71;73;74;135;136;137;139;140;143;144;146;147;149;150
native_blind,11,0.7913171648979187,0.6763505339622498,0.5480004549026489,0.852146327495575,14,25,21,11,0.1774193548387097,0.7857142857142857,27;28;132;135;136;139;140;142;143;144;146;147;149;150
native_blind,12,0.7881364822387695,0.6627393960952759,0.5304901003837585,0.8525480628013611,17,22,19,13,0.20967741935483872,0.7647058823529411,27;28;73;74;79;132;135;136;138;139;140;142;143;144;146;147;150
native_blind,13,0.795452892780304,0.6951857805252075,0.570554792881012,0.851677417755127,16,24,21,13,0.20967741935483872,0.8125,82;86;130;132;135;136;138;139;140;142;143;146;147;149;150;153
native_blind,14,0.7892586588859558,0.6645764112472534,0.532585859298706,0.8534268140792847,12,17,15,10,0.16129032258064516,0.8333333333333334,27;132;135;136;138;139;140;142;143;146;147;149
native_blind,15,0.7835788726806641,0.6610739827156067,0.5301393270492554,0.8469387888908386,16,18,16,14,0.22580645161290322,0.875,70;79;132;133;135;136;137;138;139;140;142;143;144;146;147;150
native_blind,2,0.783604085445404,0.6522470712661743,0.521126389503479,0.8492234349250793,19,20,17,15,0.24193548387096775,0.7894736842105263,70;73;74;75;76;79;132;133;135;136;137;139;140;142;143;144;146;147;150
native_blind,3,0.7899157404899597,0.6649861931800842,0.5363360047340393,0.8533107042312622,17,26,22,13,0.20967741935483872,0.7647058823529411,28;29;79;132;133;135;136;138;139;140;142;143;144;146;147;149;150
native_blind,4,0.8283976912498474,0.7795047163963318,0.7003403306007385,0.8604119420051575,25,28,25,7,0.11290322580645161,0.28,37;38;43;46;92;93;96;97;100;104;107;109;110;111;112;113;114;116;117;120;121;123;124;125;127
native_blind,5,0.7909510731697083,0.681363046169281,0.5501686930656433,0.8511466383934021,14,22,17,12,0.1935483870967742,0.8571428571428571,86;130;132;135;136;139;140;142;143;146;147;149;150;153
native_blind,6,0.7803556323051453,0.6565068960189819,0.5242770314216614,0.8443753123283386,15,22,20,14,0.22580645161290322,0.9333333333333333,70;130;132;135;136;139;140;142;143;144;146;147;149;150;153
native_blind,7,0.8141912817955017,0.7352203130722046,0.6269111037254333,0.8610113263130188,17,26,21,15,0.24193548387096775,0.8823529411764706,27;130;132;135;136;137;139;140;142;143;144;145;146;147;149;150;153
native_blind,8,0.7838913798332214,0.6563702821731567,0.5274786353111267,0.8479945659637451,19,26,24,3,0.04838709677419355,0.15789473684210525,92;93;96;97;98;100;101;102;104;107;109;110;112;113;114;116;117;120;121
native_blind,9,0.7823625206947327,0.6583031415939331,0.5265651345252991,0.8463118672370911,15,21,16,14,0.22580645161290322,0.9333333333333333,70;73;132;135;136;138;139;140;142;143;144;146;147;149;150
